source_video,png_ordinal_minus_avi_index,comparable_pairs,avi_frames_not_compared,png_frames_not_compared,mae,mse,status
Subject.1/Fall backwards/FallBackwardsS1.avi,-3,122,3,4,"{""count"":122,""min"":2.821292438271605,""p50"":3.2598278356481485,""p95"":4.354337287808642,""max"":4.87841049382716,""mean"":3.4311826743068217}","{""count"":122,""min"":13.941651234567901,""p50"":49.106761188271605,""p95"":161.60961689814812,""max"":202.50107156635804,""mean"":66.31218716795689}",diagnostic_only_no_threshold_or_acceptance
Subject.1/Fall backwards/FallBackwardsS1.avi,-2,123,2,3,"{""count"":123,""min"":2.7951668595679013,""p50"":3.140060763888889,""p95"":4.0143826195987655,""max"":4.852206790123457,""mean"":3.2688642351701294}","{""count"":123,""min"":13.364416473765433,""p50"":36.77438753858025,""p95"":130.20916444830243,""max"":198.22168016975309,""mean"":50.58862691960253}",diagnostic_only_no_threshold_or_acceptance
Subject.1/Fall backwards/FallBackwardsS1.avi,-1,124,1,2,"{""count"":124,""min"":2.760236304012346,""p50"":2.94098331404321,""p95"":3.655390239197531,""max"":4.739442515432099,""mean"":3.0761037761972325}","{""count"":124,""min"":12.622260802469135,""p50"":22.5192862654321,""p95"":92.63466705246906,""max"":178.7947260802469,""mean"":33.206679088572784}",diagnostic_only_no_threshold_or_acceptance
Subject.1/Fall backwards/FallBackwardsS1.avi,0,125,0,1,"{""count"":125,""min"":2.7460841049382716,""p50"":2.8154118441358023,""p95"":2.9674413580246912,""max"":3.55938175154321,""mean"":2.836367615740741}","{""count"":125,""min"":12.28932388117284,""p50"":12.90784336419753,""p95"":14.718721450617284,""max"":22.55885513117284,""mean"":13.244137893518516}",diagnostic_only_no_threshold_or_acceptance
Subject.1/Fall backwards/FallBackwardsS1.avi,1,125,0,1,"{""count"":125,""min"":2.7596122685185187,""p50"":2.966187307098765,""p95"":3.7488157793209878,""max"":5.176326195987654,""mean"":3.1174335030864198}","{""count"":125,""min"":12.428551311728395,""p50"":22.978506944444444,""p95"":92.67057677469131,""max"":180.7224508101852,""mean"":33.64954152777777}",diagnostic_only_no_threshold_or_acceptance
Subject.1/Fall backwards/FallBackwardsS1.avi,2,124,1,2,"{""count"":124,""min"":2.802902199074074,""p50"":3.172240547839506,""p95"":4.204610580632716,""max"":5.36233699845679,""mean"":3.336348558529968}","{""count"":124,""min"":13.659530285493828,""p50"":37.000980902777776,""p95"":129.67559076003084,""max"":199.86938368055556,""mean"":51.20439670916716}",diagnostic_only_no_threshold_or_acceptance
Subject.1/Fall backwards/FallBackwardsS1.avi,3,123,2,3,"{""count"":123,""min"":2.845984760802469,""p50"":3.2969733796296294,""p95"":4.511351080246913,""max"":5.367667824074074,""mean"":3.520212167833484}","{""count"":123,""min"":14.969545717592593,""p50"":49.757777777777775,""p95"":162.62985474537032,""max"":201.43407793209877,""mean"":67.01925183334586}",diagnostic_only_no_threshold_or_acceptance
Subject.1/Fall forward/FallForwardS1.avi,-3,187,3,4,"{""count"":187,""min"":2.7642592592592594,""p50"":3.1201041666666667,""p95"":4.310322723765432,""max"":4.482961033950617,""mean"":3.286606996228626}","{""count"":187,""min"":12.615522762345678,""p50"":29.95450810185185,""p95"":155.8347612847222,""max"":170.55227237654321,""mean"":51.608061677848745}",diagnostic_only_no_threshold_or_acceptance
Subject.1/Fall forward/FallForwardS1.avi,-2,188,2,3,"{""count"":188,""min"":2.761954089506173,""p50"":3.0516927083333334,""p95"":4.034463155864197,""max"":4.324787808641975,""mean"":3.1689840056146568}","{""count"":188,""min"":12.624726080246914,""p50"":24.01389130015432,""p95"":132.8816669560185,""max"":163.92964023919754,""mean"":41.44778037373589}",diagnostic_only_no_threshold_or_acceptance
Subject.1/Fall forward/FallForwardS1.avi,-1,189,1,2,"{""count"":189,""min"":2.7416685956790126,""p50"":2.9126765046296295,""p95"":3.5684947916666663,""max"":4.072362075617284,""mean"":3.0154167993500556}","{""count"":189,""min"":12.310725308641976,""p50"":16.824802276234568,""p95"":86.6407299382716,""max"":135.6846585648148,""mean"":28.369346881327978}",diagnostic_only_no_threshold_or_acceptance
Subject.1/Fall forward/FallForwardS1.avi,0,190,0,1,"{""count"":190,""min"":2.734797453703704,""p50"":2.797682773919753,""p95"":3.0115198688271607,""max"":3.5640634645061726,""mean"":2.8236749512670563}","{""count"":190,""min"":12.147694830246914,""p50"":12.796755883487656,""p95"":15.363018422067901,""max"":22.803500192901236,""mean"":13.12731473359324}",diagnostic_only_no_threshold_or_acceptance
Subject.1/Fall forward/FallForwardS1.avi,1,190,0,1,"{""count"":190,""min"":2.742301311728395,""p50"":2.9380232445987655,""p95"":3.6701073977623446,""max"":4.179742476851852,""mean"":3.0410516163092924}","{""count"":190,""min"":12.290921103395062,""p50"":17.21431182484568,""p95"":86.4318344425154,""max"":135.51481385030866,""mean"":28.606302895549053}",diagnostic_only_no_threshold_or_acceptance
Subject.1/Fall forward/FallForwardS1.avi,2,189,1,2,"{""count"":189,""min"":2.759471450617284,""p50"":3.071977237654321,""p95"":4.091844907407407,""max"":4.508219521604938,""mean"":3.213708454789666}","{""count"":189,""min"":12.52142361111111,""p50"":25.245927854938273,""p95"":133.03373302469137,""max"":162.20759066358025,""mean"":41.809791590118564}",diagnostic_only_no_threshold_or_acceptance
Subject.1/Fall forward/FallForwardS1.avi,3,188,2,3,"{""count"":188,""min"":2.792672646604938,""p50"":3.1860026041666667,""p95"":4.39975284529321,""max"":4.701240354938272,""mean"":3.3467965671788806}","{""count"":188,""min"":12.899995177469135,""p50"":31.607562692901233,""p95"":154.6538526716821,""max"":170.49903549382717,""mean"":52.03636840852377}",diagnostic_only_no_threshold_or_acceptance
Subject.1/Fall left/FallLeftS1.avi,-3,83,3,4,"{""count"":83,""min"":2.929117476851852,""p50"":3.754574652777778,""p95"":4.38786188271605,""max"":4.698732638888889,""mean"":3.7620248470734796}","{""count"":83,""min"":20.777257908950617,""p50"":86.11689332561728,""p95"":133.45859288194444,""max"":153.2494598765432,""mean"":87.33499963976276}",diagnostic_only_no_threshold_or_acceptance
Subject.1/Fall left/FallLeftS1.avi,-2,84,2,3,"{""count"":84,""min"":2.7837287808641977,""p50"":3.5055960648148146,""p95"":4.154071807484568,""max"":4.591440972222222,""mean"":3.529170099849354}","{""count"":84,""min"":12.563030478395062,""p50"":60.26322820216049,""p95"":125.63924942129621,""max"":135.850703125,""mean"":67.3427244658473}",diagnostic_only_no_threshold_or_acceptance
Subject.1/Fall left/FallLeftS1.avi,-1,85,1,2,"{""count"":85,""min"":2.7413667052469135,""p50"":3.2383449074074075,""p95"":3.7864967206790126,""max"":4.37964023919753,""mean"":3.229500306372549}","{""count"":85,""min"":12.205151427469136,""p50"":42.09539544753086,""p95"":91.24324170524692,""max"":113.38755497685185,""mean"":42.631832187273055}",diagnostic_only_no_threshold_or_acceptance
Subject.1/Fall left/FallLeftS1.avi,0,86,0,1,"{""count"":86,""min"":2.7413667052469135,""p50"":2.814532696759259,""p95"":3.000036892361111,""max"":3.5381462191358026,""mean"":2.85326723101493}","{""count"":86,""min"":12.198959297839506,""p50"":13.004410686728395,""p95"":15.195019772376543,""max"":22.315162037037037,""mean"":13.420162754809075}",diagnostic_only_no_threshold_or_acceptance
Subject.1/Fall left/FallLeftS1.avi,1,86,0,1,"{""count"":86,""min"":2.746508487654321,""p50"":3.274859664351852,""p95"":3.8032166280864197,""max"":4.54931037808642,""mean"":3.267996193565174}","{""count"":86,""min"":12.362237654320987,""p50"":42.42679398148148,""p95"":92.07056351273148,""max"":115.96976948302469,""mean"":42.75626593678223}",diagnostic_only_no_threshold_or_acceptance
Subject.1/Fall left/FallLeftS1.avi,2,85,1,2,"{""count"":85,""min"":2.8297984182098768,""p50"":3.5778761574074074,""p95"":4.264029513888889,""max"":4.782533757716049,""mean"":3.5998350354030504}","{""count"":85,""min"":13.321899112654322,""p50"":61.05316358024692,""p95"":125.01309201388887,""max"":136.45224344135804,""mean"":67.72795363562092}",diagnostic_only_no_threshold_or_acceptance
Subject.1/Fall left/FallLeftS1.avi,3,84,2,3,"{""count"":84,""min"":2.997986111111111,""p50"":3.860814525462963,""p95"":4.525407118055555,""max"":4.894482060185185,""mean"":3.857246403769842}","{""count"":84,""min"":22.05561149691358,""p50"":86.06881413966049,""p95"":136.24307455632714,""max"":153.93817997685184,""mean"":87.7195403898442}",diagnostic_only_no_threshold_or_acceptance
Subject.1/Fall right/FallRightS1.avi,-3,111,3,4,"{""count"":111,""min"":2.762908950617284,""p50"":3.2536506558641975,""p95"":3.9797603202160494,""max"":5.640881558641976,""mean"":3.281437635552219}","{""count"":111,""min"":12.368663194444444,""p50"":44.841581790123456,""p95"":112.57680796682098,""max"":254.34875,""mean"":49.998478356829054}",diagnostic_only_no_threshold_or_acceptance
Subject.1/Fall right/FallRightS1.avi,-2,112,2,3,"{""count"":112,""min"":2.751873070987654,""p50"":3.1179764660493827,""p95"":3.7399644097222215,""max"":5.448733603395062,""mean"":3.150708929260362}","{""count"":112,""min"":12.332463348765431,""p50"":33.47100983796297,""p95"":85.76193070023143,""max"":239.87000096450618,""mean"":39.106315517526454}",diagnostic_only_no_threshold_or_acceptance
Subject.1/Fall right/FallRightS1.avi,-1,113,1,2,"{""count"":113,""min"":2.729100115740741,""p50"":2.8876109182098766,""p95"":3.488648341049382,""max"":5.43134837962963,""mean"":3.003189510952693}","{""count"":113,""min"":12.149470486111111,""p50"":17.44872010030864,""p95"":64.72642148919749,""max"":231.30531057098764,""mean"":27.158165304408396}",diagnostic_only_no_threshold_or_acceptance
Subject.1/Fall right/FallRightS1.avi,0,114,0,1,"{""count"":114,""min"":2.7287037037037036,""p50"":2.792757523148148,""p95"":2.9899255883487657,""max"":3.518629436728395,""mean"":2.8178598284871126}","{""count"":114,""min"":12.132809606481482,""p50"":12.795740258487655,""p95"":15.149408034336421,""max"":22.2622868441358,""mean"":13.08675995302686}",diagnostic_only_no_threshold_or_acceptance
Subject.1/Fall right/FallRightS1.avi,1,114,0,1,"{""count"":114,""min"":2.7319270833333333,""p50"":2.960789448302469,""p95"":3.523648244598765,""max"":5.820904706790124,""mean"":3.037959680257743}","{""count"":114,""min"":12.145582561728395,""p50"":17.79955584490741,""p95"":64.65480883487652,""max"":241.01440200617284,""mean"":27.693582937378167}",diagnostic_only_no_threshold_or_acceptance
Subject.1/Fall right/FallRightS1.avi,2,113,1,2,"{""count"":113,""min"":2.7469184027777778,""p50"":3.1413117283950616,""p95"":3.807776041666666,""max"":5.9225771604938275,""mean"":3.210942791980772}","{""count"":113,""min"":12.319545717592593,""p50"":34.435644290123456,""p95"":86.07649286265429,""max"":250.26422067901234,""mean"":39.91189242939473}",diagnostic_only_no_threshold_or_acceptance
Subject.1/Fall right/FallRightS1.avi,3,112,2,3,"{""count"":112,""min"":2.7516782407407407,""p50"":3.320089699074074,""p95"":4.126556182484568,""max"":6.082417052469136,""mean"":3.359161103532848}","{""count"":112,""min"":12.384386574074075,""p50"":45.49425491898148,""p95"":114.4769286265432,""max"":264.52963348765434,""mean"":50.95637197558421}",diagnostic_only_no_threshold_or_acceptance
Subject.1/Fall sitting/FallSittingS1.avi,-3,179,3,4,"{""count"":179,""min"":2.7467717978395063,""p50"":3.2982417052469137,""p95"":4.633160397376543,""max"":5.623130787037037,""mean"":3.4700794936288704}","{""count"":179,""min"":12.258990162037037,""p50"":53.748217592592596,""p95"":200.8180166859568,""max"":319.1025887345679,""mean"":71.77561787127561}",diagnostic_only_no_threshold_or_acceptance
Subject.1/Fall sitting/FallSittingS1.avi,-2,180,2,3,"{""count"":180,""min"":2.7467717978395063,""p50"":3.151552854938272,""p95"":4.3332664448302465,""max"":4.826907793209877,""mean"":3.2907998703275037}","{""count"":180,""min"":12.258990162037037,""p50"":38.22357494212963,""p95"":159.34209972993824,""max"":221.04957947530863,""mean"":53.143744593407064}",diagnostic_only_no_threshold_or_acceptance
Subject.1/Fall sitting/FallSittingS1.avi,-1,181,1,2,"{""count"":181,""min"":2.742153742283951,""p50"":2.9609239969135803,""p95"":3.821268325617284,""max"":4.539266975308642,""mean"":3.0811918845065143}","{""count"":181,""min"":12.233830054012346,""p50"":20.59441550925926,""p95"":93.5153337191358,""max"":177.6329330632716,""mean"":33.33058373405634}",diagnostic_only_no_threshold_or_acceptance
Subject.1/Fall sitting/FallSittingS1.avi,0,182,0,1,"{""count"":182,""min"":2.7376427469135804,""p50"":2.805690586419753,""p95"":2.9905430652006175,""max"":3.545443672839506,""mean"":2.838528698828178}","{""count"":182,""min"":12.233830054012346,""p50"":12.909409722222222,""p95"":15.112374324845677,""max"":22.39986111111111,""mean"":13.28612365499084}",diagnostic_only_no_threshold_or_acceptance
Subject.1/Fall sitting/FallSittingS1.avi,1,182,0,1,"{""count"":182,""min"":2.742153742283951,""p50"":2.9925636574074073,""p95"":3.9415221836419736,""max"":4.68178337191358,""mean"":3.117596662596663}","{""count"":182,""min"":12.233830054012346,""p50"":20.683474151234567,""p95"":96.56763787615738,""max"":177.10499228395062,""mean"":33.84163312093}",diagnostic_only_no_threshold_or_acceptance
Subject.1/Fall sitting/FallSittingS1.avi,2,181,1,2,"{""count"":181,""min"":2.742153742283951,""p50"":3.1843711419753085,""p95"":4.438671875,""max"":4.932171103395062,""mean"":3.3525140679353385}","{""count"":181,""min"":12.233830054012346,""p50"":38.49230613425926,""p95"":160.58890528549384,""max"":224.31335358796295,""mean"":53.94635495532364}",diagnostic_only_no_threshold_or_acceptance
Subject.1/Fall sitting/FallSittingS1.avi,3,180,2,3,"{""count"":180,""min"":2.7998042052469136,""p50"":3.328052662037037,""p95"":4.811160204475309,""max"":5.743901427469136,""mean"":3.5528637795781894}","{""count"":180,""min"":13.443150077160494,""p50"":54.802261766975306,""p95"":200.80516497878085,""max"":322.43394386574073,""mean"":72.7194775055727}",diagnostic_only_no_threshold_or_acceptance
Subject.1/Hop/HopS1.avi,-3,179,3,4,"{""count"":179,""min"":3.39624324845679,""p50"":4.493465470679013,""p95"":5.54054369212963,""max"":5.766197916666667,""mean"":4.489251133698875}","{""count"":179,""min"":61.515031828703705,""p50"":177.16194540895063,""p95"":299.70198244598765,""max"":321.7946122685185,""mean"":178.4651562607766}",diagnostic_only_no_threshold_or_acceptance
Subject.1/Hop/HopS1.avi,-2,180,2,3,"{""count"":180,""min"":3.1253886959876542,""p50"":4.1089356674382715,""p95"":5.057094714506173,""max"":5.697078510802469,""mean"":4.142331447187929}","{""count"":180,""min"":33.875041473765435,""p50"":136.03920669367284,""p95"":254.092064380787,""max"":321.5093065200617,""mean"":141.4793067772634}",diagnostic_only_no_threshold_or_acceptance
Subject.1/Hop/HopS1.avi,-1,181,1,2,"{""count"":181,""min"":2.761809413580247,""p50"":3.5998601466049385,""p95"":4.6303221450617285,""max"":5.488419174382716,""mean"":3.596019424408294}","{""count"":181,""min"":12.665602816358025,""p50"":84.33175925925926,""p95"":185.67248360339505,""max"":304.719397183642,""mean"":85.43661414637474}",diagnostic_only_no_threshold_or_acceptance
Subject.1/Hop/HopS1.avi,0,182,0,1,"{""count"":182,""min"":2.7386024305555554,""p50"":2.812632137345679,""p95"":2.995526234567901,""max"":3.5447810570987652,""mean"":2.826832847900556}","{""count"":182,""min"":12.236694637345678,""p50"":12.976771315586419,""p95"":15.170034384645062,""max"":22.461891396604937,""mean"":13.164562442765568}",diagnostic_only_no_threshold_or_acceptance
Subject.1/Hop/HopS1.avi,1,182,0,1,"{""count"":182,""min"":2.745145640432099,""p50"":3.6140027006172843,""p95"":4.56983912037037,""max"":5.628112461419753,""mean"":3.6158593697005155}","{""count"":182,""min"":12.57056423611111,""p50"":83.6731534529321,""p95"":185.932649691358,""max"":305.49224633487654,""mean"":85.65568550421416}",diagnostic_only_no_threshold_or_acceptance
Subject.1/Hop/HopS1.avi,2,181,1,2,"{""count"":181,""min"":3.1505160108024692,""p50"":4.108238811728395,""p95"":5.089839891975308,""max"":5.788205054012345,""mean"":4.172131031094399}","{""count"":181,""min"":35.21696952160494,""p50"":136.0830439814815,""p95"":253.62869212962963,""max"":321.8134944058642,""mean"":141.95600664070494}",diagnostic_only_no_threshold_or_acceptance
Subject.1/Hop/HopS1.avi,3,180,2,3,"{""count"":180,""min"":3.4109645061728395,""p50"":4.537539544753086,""p95"":5.563531298225309,""max"":5.816327160493827,""mean"":4.523411694101509}","{""count"":180,""min"":61.67924575617284,""p50"":177.89135802469136,""p95"":301.14640764853397,""max"":321.91065489969134,""mean"":178.787765260631}",diagnostic_only_no_threshold_or_acceptance
Subject.1/Kneel/KneelS1.avi,-3,216,3,4,"{""count"":216,""min"":2.822036072530864,""p50"":3.2597829861111114,""p95"":4.3828180459104935,""max"":7.01621624228395,""mean"":3.4529706968735714}","{""count"":216,""min"":14.055035686728395,""p50"":49.54505835262346,""p95"":176.60571638695987,""max"":265.08362557870373,""mean"":72.24413206054241}",diagnostic_only_no_threshold_or_acceptance
Subject.1/Kneel/KneelS1.avi,-2,217,2,3,"{""count"":217,""min"":2.806297260802469,""p50"":3.149360532407407,""p95"":4.071641203703702,""max"":6.968639081790124,""mean"":3.3004467885944697}","{""count"":217,""min"":13.642220293209876,""p50"":39.97750868055556,""p95"":143.86926080246909,""max"":259.6581143904321,""mean"":56.23351575834186}",diagnostic_only_no_threshold_or_acceptance
Subject.1/Kneel/KneelS1.avi,-1,218,1,2,"{""count"":218,""min"":2.7621614583333334,""p50"":2.9289043209876544,""p95"":3.701885320216049,""max"":6.956693672839506,""mean"":3.115048389009231}","{""count"":218,""min"":12.42181037808642,""p50"":19.178500192901232,""p95"":96.16768262924374,""max"":257.6148456790123,""mean"":38.036630860481075}",diagnostic_only_no_threshold_or_acceptance
Subject.1/Kneel/KneelS1.avi,0,219,0,1,"{""count"":219,""min"":2.721237461419753,""p50"":2.8053096064814813,""p95"":2.9569901620370374,""max"":3.5367515432098764,""mean"":2.825625061657929}","{""count"":219,""min"":12.104013310185184,""p50"":12.858276427469136,""p95"":14.781130497685185,""max"":22.390345293209876,""mean"":13.136168999098034}",diagnostic_only_no_threshold_or_acceptance
Subject.1/Kneel/KneelS1.avi,1,219,0,1,"{""count"":219,""min"":2.7680102237654323,""p50"":2.958582175925926,""p95"":3.731005401234568,""max"":6.945135995370371,""mean"":3.1424645114578054}","{""count"":219,""min"":12.712293595679013,""p50"":19.653962191358026,""p95"":95.94800443672838,""max"":258.7457995756173,""mean"":38.47338871976999}",diagnostic_only_no_threshold_or_acceptance
Subject.1/Kneel/KneelS1.avi,2,218,1,2,"{""count"":218,""min"":2.8035059799382718,""p50"":3.228950135030864,""p95"":4.150256799768518,""max"":6.9105690586419755,""mean"":3.347402956521124}","{""count"":218,""min"":13.869115547839506,""p50"":40.809163290895064,""p95"":144.4292424286264,""max"":260.88662519290125,""mean"":56.834180559095024}",diagnostic_only_no_threshold_or_acceptance
Subject.1/Kneel/KneelS1.avi,3,217,2,3,"{""count"":217,""min"":2.823226273148148,""p50"":3.352336033950617,""p95"":4.577515625,""max"":6.920165895061729,""mean"":3.5177258055626672}","{""count"":217,""min"":14.525518904320988,""p50"":50.40153452932099,""p95"":176.27693614969135,""max"":266.27426697530865,""mean"":72.972373409676}",diagnostic_only_no_threshold_or_acceptance
Subject.1/Pick up object/PickupobjectS1.avi,-3,114,3,4,"{""count"":114,""min"":2.808455825617284,""p50"":3.3590928819444446,""p95"":4.024286458333333,""max"":4.319640239197531,""mean"":3.3733496199507256}","{""count"":114,""min"":13.570035686728396,""p50"":55.70137056327161,""p95"":135.33623562885796,""max"":172.16815489969136,""mean"":62.61999171709172}",diagnostic_only_no_threshold_or_acceptance
Subject.1/Pick up object/PickupobjectS1.avi,-2,115,2,3,"{""count"":115,""min"":2.7819020061728397,""p50"":3.1998225308641977,""p95"":3.776016782407407,""max"":4.091252893518519,""mean"":3.224999949677939}","{""count"":115,""min"":13.11966049382716,""p50"":41.80871527777778,""p95"":112.75892197145062,""max"":148.65739293981483,""mean"":48.743609249194854}",diagnostic_only_no_threshold_or_acceptance
Subject.1/Pick up object/PickupobjectS1.avi,-1,116,1,2,"{""count"":116,""min"":2.748774112654321,""p50"":3.0098741319444446,""p95"":3.507524112654321,""max"":3.963948688271605,""mean"":3.0473508091874204}","{""count"":116,""min"":12.352146026234568,""p50"":24.549544270833334,""p95"":75.09883246527778,""max"":113.03173225308642,""mean"":32.505253108038}",diagnostic_only_no_threshold_or_acceptance
Subject.1/Pick up object/PickupobjectS1.avi,0,117,0,1,"{""count"":117,""min"":2.747854938271605,""p50"":2.796592399691358,""p95"":2.988694058641975,""max"":3.566538387345679,""mean"":2.822040647752453}","{""count"":117,""min"":12.346971450617284,""p50"":12.847301311728396,""p95"":15.05282523148148,""max"":22.81669849537037,""mean"":13.181266981903555}",diagnostic_only_no_threshold_or_acceptance
Subject.1/Pick up object/PickupobjectS1.avi,1,117,0,1,"{""count"":117,""min"":2.7579909336419752,""p50"":3.021278935185185,""p95"":3.5097301311728395,""max"":4.433956404320988,""mean"":3.0612386567479155}","{""count"":117,""min"":12.472120949074075,""p50"":24.816462191358024,""p95"":79.91846932870368,""max"":114.19094232253086,""mean"":32.74792822425346}",diagnostic_only_no_threshold_or_acceptance
Subject.1/Pick up object/PickupobjectS1.avi,2,116,1,2,"{""count"":116,""min"":2.8100520833333333,""p50"":3.2318007330246914,""p95"":3.7455545910493826,""max"":4.589710648148148,""mean"":3.2425420391656026}","{""count"":116,""min"":13.54392650462963,""p50"":41.48766059027778,""p95"":114.42719449266976,""max"":149.8469386574074,""mean"":49.04288776474032}",diagnostic_only_no_threshold_or_acceptance
Subject.1/Pick up object/PickupobjectS1.avi,3,115,2,3,"{""count"":115,""min"":2.819759837962963,""p50"":3.394375964506173,""p95"":4.021240837191358,""max"":4.6123919753086415,""mean"":3.38893411164788}","{""count"":115,""min"":13.658804976851853,""p50"":56.76844135802469,""p95"":134.53800800540122,""max"":173.09195891203703,""mean"":62.89377058172303}",diagnostic_only_no_threshold_or_acceptance
Subject.1/Sit down/SitDownS1.avi,-3,184,3,4,"{""count"":184,""min"":2.7633844521604938,""p50"":3.382087191358025,""p95"":4.590797212577161,""max"":15.12441936728395,""mean"":3.6212177519457867}","{""count"":184,""min"":12.617717013888889,""p50"":59.99310860339506,""p95"":186.64188990162037,""max"":1033.6789101080246,""mean"":87.86850179691693}",diagnostic_only_no_threshold_or_acceptance
Subject.1/Sit down/SitDownS1.avi,-2,185,2,3,"{""count"":185,""min"":2.7551851851851854,""p50"":3.1915316358024692,""p95"":4.2489762731481475,""max"":15.11989776234568,""mean"":3.4418156385552217}","{""count"":185,""min"":12.503802083333333,""p50"":45.008405671296295,""p95"":155.73987442129618,""max"":1032.984660493827,""mean"":69.74994328703703}",diagnostic_only_no_threshold_or_acceptance
Subject.1/Sit down/SitDownS1.avi,-1,186,1,2,"{""count"":186,""min"":2.7322154706790123,""p50"":2.961060474537037,""p95"":3.7753959297839508,""max"":14.848845486111111,""mean"":3.232755993420616}","{""count"":186,""min"":12.349477237654321,""p50"":22.766505111882715,""p95"":105.13882450810185,""max"":996.3923119212963,""mean"":50.06555370432597}",diagnostic_only_no_threshold_or_acceptance
Subject.1/Sit down/SitDownS1.avi,0,187,0,1,"{""count"":187,""min"":2.710203510802469,""p50"":2.793594714506173,""p95"":3.0442544367283952,""max"":3.556579861111111,""mean"":2.811726414471513}","{""count"":187,""min"":12.28002025462963,""p50"":12.835813078703703,""p95"":15.625497685185184,""max"":22.41308063271605,""mean"":13.051400906532649}",diagnostic_only_no_threshold_or_acceptance
Subject.1/Sit down/SitDownS1.avi,1,187,0,1,"{""count"":187,""min"":2.7296412037037037,""p50"":2.98852237654321,""p95"":3.819111111111111,""max"":14.815517939814814,""mean"":3.250554193899782}","{""count"":187,""min"":12.354428047839507,""p50"":22.96015239197531,""p95"":105.39481529706788,""max"":996.756852816358,""mean"":50.33887379720407}",diagnostic_only_no_threshold_or_acceptance
Subject.1/Sit down/SitDownS1.avi,2,186,1,2,"{""count"":186,""min"":2.7517862654320986,""p50"":3.207341338734568,""p95"":4.333324170524691,""max"":15.091699459876542,""mean"":3.4635720278690427}","{""count"":186,""min"":12.762576195987654,""p50"":45.58845196759259,""p95"":156.86998119212964,""max"":1034.4375250771604,""mean"":70.11105266514834}",diagnostic_only_no_threshold_or_acceptance
Subject.1/Sit down/SitDownS1.avi,3,185,2,3,"{""count"":185,""min"":2.766184413580247,""p50"":3.4075694444444444,""p95"":4.647328703703703,""max"":15.09362750771605,""mean"":3.6449384332248913}","{""count"":185,""min"":12.67751736111111,""p50"":60.184695216049384,""p95"":187.1515019290123,""max"":1034.8973254243826,""mean"":88.24387498435937}",diagnostic_only_no_threshold_or_acceptance
Subject.1/Walk/WalkS1.avi,-3,239,3,4,"{""count"":239,""min"":3.0645109953703704,""p50"":4.1084375,""p95"":5.792052854938272,""max"":19.120004822530863,""mean"":4.4111117608412105}","{""count"":239,""min"":27.260780285493826,""p50"":131.0565017361111,""p95"":333.48598881172836,""max"":1396.1536738040124,""mean"":166.16025171189756}",diagnostic_only_no_threshold_or_acceptance
Subject.1/Walk/WalkS1.avi,-2,240,2,3,"{""count"":240,""min"":2.9180999228395064,""p50"":3.746304012345679,""p95"":5.215899546682099,""max"":19.124327739197533,""mean"":4.010890263310185}","{""count"":240,""min"":19.034534143518517,""p50"":96.30818576388889,""p95"":264.1601521026234,""max"":1396.3798524305555,""mean"":123.28973705150462}",diagnostic_only_no_threshold_or_acceptance
Subject.1/Walk/WalkS1.avi,-1,241,1,2,"{""count"":241,""min"":2.735619212962963,""p50"":3.373484760802469,""p95"":4.528860918209877,""max"":18.819736689814814,""mean"":3.535442096011987}","{""count"":241,""min"":12.235561342592593,""p50"":54.01801890432099,""p95"":185.6711005015432,""max"":1348.5709809027778,""mean"":75.81344454369653}",diagnostic_only_no_threshold_or_acceptance
Subject.1/Walk/WalkS1.avi,0,242,0,1,"{""count"":242,""min"":2.732794174382716,""p50"":2.8184813850308643,""p95"":2.974682918595679,""max"":3.5662586805555554,""mean"":2.840270201223089}","{""count"":242,""min"":12.183302469135802,""p50"":13.10391830632716,""p95"":14.73352309992284,""max"":22.771563464506173,""mean"":13.344525291583768}",diagnostic_only_no_threshold_or_acceptance
Subject.1/Walk/WalkS1.avi,1,242,0,1,"{""count"":242,""min"":2.7432773919753086,""p50"":3.4108989197530866,""p95"":4.527694396219136,""max"":18.79502700617284,""mean"":3.565045722375268}","{""count"":242,""min"":12.360295138888889,""p50"":54.340556520061725,""p95"":187.03611260609568,""max"":1346.4435783179013,""mean"":76.15320792361749}",diagnostic_only_no_threshold_or_acceptance
Subject.1/Walk/WalkS1.avi,2,241,1,2,"{""count"":241,""min"":2.9047984182098765,""p50"":3.8206896219135804,""p95"":5.168479938271605,""max"":19.091276041666667,""mean"":4.05758937890605}","{""count"":241,""min"":19.6445418595679,""p50"":96.4903800154321,""p95"":262.94953125,""max"":1393.6394782021605,""mean"":123.78504724479407}",diagnostic_only_no_threshold_or_acceptance
Subject.1/Walk/WalkS1.avi,3,240,2,3,"{""count"":240,""min"":3.081977237654321,""p50"":4.180159625771605,""p95"":5.748896701388888,""max"":19.07365547839506,""mean"":4.469186113522377}","{""count"":240,""min"":27.63950038580247,""p50"":132.5499247685185,""p95"":331.93994401041664,""max"":1391.7894020061728,""mean"":166.69479208060056}",diagnostic_only_no_threshold_or_acceptance
Subject.2/Fall backwards/FallBackwardsS2.avi,-3,116,3,5,"{""count"":116,""min"":2.827880979938272,""p50"":3.4378804976851853,""p95"":4.382463831018518,""max"":4.87545524691358,""mean"":3.526934807697425}","{""count"":116,""min"":14.143168402777778,""p50"":52.35637249228395,""p95"":115.74233796296296,""max"":145.38401041666665,""mean"":56.21316698096264}",diagnostic_only_no_threshold_or_acceptance
Subject.2/Fall backwards/FallBackwardsS2.avi,-2,117,2,4,"{""count"":117,""min"":2.8273292824074074,""p50"":3.283713348765432,""p95"":4.1290935570987655,""max"":4.392175925925926,""mean"":3.3597918397831585}","{""count"":117,""min"":13.70529899691358,""p50"":39.99364969135802,""p95"":96.82731192129629,""max"":116.33697337962963,""mean"":45.214135629352654}",diagnostic_only_no_threshold_or_acceptance
Subject.2/Fall backwards/FallBackwardsS2.avi,-1,118,1,3,"{""count"":118,""min"":2.8148939043209875,""p50"":3.111720679012346,""p95"":3.6749711130401232,""max"":4.160409915123457,""mean"":3.169236258239171}","{""count"":118,""min"":13.705746527777778,""p50"":28.40388888888889,""p95"":65.72830145640425,""max"":98.19642457561729,""mean"":32.66478686048337}",diagnostic_only_no_threshold_or_acceptance
Subject.2/Fall backwards/FallBackwardsS2.avi,0,119,0,2,"{""count"":119,""min"":2.77421875,""p50"":2.863367091049383,""p95"":3.0570565200617277,""max"":3.9340277777777777,""mean"":2.9008214107402215}","{""count"":119,""min"":12.643026620370371,""p50"":13.77337962962963,""p95"":23.644306327160493,""max"":79.19701195987655,""mean"":15.506645261113706}",diagnostic_only_no_threshold_or_acceptance
Subject.2/Fall backwards/FallBackwardsS2.avi,1,119,0,2,"{""count"":119,""min"":2.7356211419753085,""p50"":3.089658564814815,""p95"":3.6276246141975306,""max"":4.030770640432099,""mean"":3.1368558638733273}","{""count"":119,""min"":12.58536651234568,""p50"":23.85739486882716,""p95"":63.925280864197525,""max"":92.57948784722223,""mean"":29.535399475762528}",diagnostic_only_no_threshold_or_acceptance
Subject.2/Fall backwards/FallBackwardsS2.avi,2,119,0,2,"{""count"":119,""min"":2.7212528935185185,""p50"":3.2328636188271607,""p95"":4.011074845679012,""max"":4.299431905864197,""mean"":3.3429184254720408}","{""count"":119,""min"":13.22675250771605,""p50"":35.96201195987654,""p95"":86.65579591049384,""max"":110.32711516203703,""mean"":42.217599927702565}",diagnostic_only_no_threshold_or_acceptance
Subject.2/Fall backwards/FallBackwardsS2.avi,3,118,1,3,"{""count"":118,""min"":2.731498842592593,""p50"":3.4683984375,""p95"":4.34557026427469,""max"":4.6381876929012344,""mean"":3.5153583222169913}","{""count"":118,""min"":13.332235725308642,""p50"":50.59540750385803,""p95"":109.37733092206787,""max"":133.44150366512346,""mean"":53.272569150188325}",diagnostic_only_no_threshold_or_acceptance
Subject.2/Fall forward/FallForwardS2.avi,-3,103,3,4,"{""count"":103,""min"":2.795745563271605,""p50"":3.094025848765432,""p95"":4.330861786265432,""max"":4.535910493827161,""mean"":3.335493845888769}","{""count"":103,""min"":12.889343171296296,""p50"":26.396244212962962,""p95"":101.5817365933642,""max"":122.08617862654322,""mean"":42.03696742403812}",diagnostic_only_no_threshold_or_acceptance
Subject.2/Fall forward/FallForwardS2.avi,-2,104,2,3,"{""count"":104,""min"":2.8018045910493825,""p50"":3.0379639274691357,""p95"":3.976480324074074,""max"":4.230003858024691,""mean"":3.2111380801875593}","{""count"":104,""min"":12.874441550925926,""p50"":21.91264226466049,""p95"":81.08833858989196,""max"":108.29559027777778,""mean"":34.29152857535019}",diagnostic_only_no_threshold_or_acceptance
Subject.2/Fall forward/FallForwardS2.avi,-1,105,1,2,"{""count"":105,""min"":2.801458333333333,""p50"":2.9571855709876544,""p95"":3.5421344521604934,""max"":4.036146797839506,""mean"":3.0648758450911227}","{""count"":105,""min"":12.900960648148148,""p50"":17.40820698302469,""p95"":57.76522993827161,""max"":106.97005883487654,""mean"":25.392333314961785}",diagnostic_only_no_threshold_or_acceptance
Subject.2/Fall forward/FallForwardS2.avi,0,106,0,1,"{""count"":106,""min"":2.7555150462962965,""p50"":2.8503129822530866,""p95"":3.003981240354938,""max"":3.608582175925926,""mean"":2.8728458300576514}","{""count"":106,""min"":12.47550925925926,""p50"":13.451702835648149,""p95"":15.465067274305556,""max"":23.48238425925926,""mean"":13.770533417409155}",diagnostic_only_no_threshold_or_acceptance
Subject.2/Fall forward/FallForwardS2.avi,1,106,0,1,"{""count"":106,""min"":2.806232638888889,""p50"":3.0144844714506176,""p95"":3.6160153838734566,""max"":4.048120177469136,""mean"":3.1038940935825763}","{""count"":106,""min"":12.997534722222222,""p50"":18.16778838734568,""p95"":57.10863691165123,""max"":105.7306606867284,""mean"":26.018879316620072}",diagnostic_only_no_threshold_or_acceptance
Subject.2/Fall forward/FallForwardS2.avi,2,105,1,2,"{""count"":105,""min"":2.8232426697530864,""p50"":3.094079861111111,""p95"":4.04506211419753,""max"":4.297726658950618,""mean"":3.2684699992651383}","{""count"":105,""min"":13.174493634259258,""p50"":23.633840663580248,""p95"":80.61363580246913,""max"":107.47353105709877,""mean"":35.09951148221634}",diagnostic_only_no_threshold_or_acceptance
Subject.2/Fall forward/FallForwardS2.avi,3,104,2,3,"{""count"":104,""min"":2.830108024691358,""p50"":3.2055015432098766,""p95"":4.416176263503086,""max"":4.640647183641975,""mean"":3.4055247099062202}","{""count"":104,""min"":13.322960069444445,""p50"":29.04043933256173,""p95"":99.19536670524691,""max"":122.54187982253086,""mean"":42.94516059027777}",diagnostic_only_no_threshold_or_acceptance
Subject.2/Fall left/FallLeftS2.avi,-3,106,3,4,"{""count"":106,""min"":2.8280565200617285,""p50"":3.5177734375,""p95"":4.488500675154321,""max"":4.869898726851852,""mean"":3.5319347993827166}","{""count"":106,""min"":14.384307484567902,""p50"":45.9763175154321,""p95"":120.45744671103395,""max"":139.34329571759258,""mean"":56.79246607849988}",diagnostic_only_no_threshold_or_acceptance
Subject.2/Fall left/FallLeftS2.avi,-2,107,2,3,"{""count"":107,""min"":2.8289882330246914,""p50"":3.3406886574074073,""p95"":4.1195874807098765,""max"":4.516754436728395,""mean"":3.3781095138167765}","{""count"":107,""min"":14.599914158950618,""p50"":38.01205150462963,""p95"":100.23298668981475,""max"":120.90787519290123,""mean"":46.54295742832006}",diagnostic_only_no_threshold_or_acceptance
Subject.2/Fall left/FallLeftS2.avi,-1,108,1,2,"{""count"":108,""min"":2.827264660493827,""p50"":3.1396354166666667,""p95"":3.7178657889660496,""max"":4.358653549382716,""mean"":3.1820412880086875}","{""count"":108,""min"":13.670842978395061,""p50"":25.2078303433642,""p95"":70.56833965084877,""max"":115.62003858024691,""mean"":33.34254963634545}",diagnostic_only_no_threshold_or_acceptance
Subject.2/Fall left/FallLeftS2.avi,0,109,0,1,"{""count"":109,""min"":2.778842592592593,""p50"":2.854596836419753,""p95"":3.0342773919753085,""max"":3.5985136959876542,""mean"":2.878670503454525}","{""count"":109,""min"":12.683939043209877,""p50"":13.476658950617283,""p95"":15.750398148148147,""max"":23.413704668209878,""mean"":13.806876929012347}",diagnostic_only_no_threshold_or_acceptance
Subject.2/Fall left/FallLeftS2.avi,1,109,0,1,"{""count"":109,""min"":2.825316358024691,""p50"":3.180546875,""p95"":3.732944058641975,""max"":4.350204475308642,""mean"":3.220275521364254}","{""count"":109,""min"":13.779166666666667,""p50"":25.528642939814816,""p95"":70.81614158950617,""max"":116.62999614197531,""mean"":33.75728645479386}",diagnostic_only_no_threshold_or_acceptance
Subject.2/Fall left/FallLeftS2.avi,2,108,1,2,"{""count"":108,""min"":2.8450752314814816,""p50"":3.3967168209876544,""p95"":4.220754292052469,""max"":4.755938464506173,""mean"":3.434531294653064}","{""count"":108,""min"":14.740880594135803,""p50"":37.8917611882716,""p95"":100.48206274112648,""max"":121.40667824074075,""mean"":46.97239886081105}",diagnostic_only_no_threshold_or_acceptance
Subject.2/Fall left/FallLeftS2.avi,3,107,2,3,"{""count"":107,""min"":2.86046199845679,""p50"":3.5806568287037037,""p95"":4.605275559413578,""max"":5.094973958333333,""mean"":3.6003651602342215}","{""count"":107,""min"":14.772563657407407,""p50"":48.26902488425926,""p95"":121.74877941743826,""max"":135.8541792052469,""mean"":57.20365940853237}",diagnostic_only_no_threshold_or_acceptance
Subject.2/Fall right/FallRightS2.avi,-3,143,3,4,"{""count"":143,""min"":2.8056684027777776,""p50"":3.2058188657407407,""p95"":4.452329764660494,""max"":5.259872685185186,""mean"":3.452055828045411}","{""count"":143,""min"":12.985250771604939,""p50"":36.26198881172839,""p95"":111.52899855324075,""max"":157.8626813271605,""mean"":50.832669874492794}",diagnostic_only_no_threshold_or_acceptance
Subject.2/Fall right/FallRightS2.avi,-2,144,2,3,"{""count"":144,""min"":2.796092785493827,""p50"":3.115545910493827,""p95"":4.136499614197531,""max"":4.9897935956790125,""mean"":3.2905604115762177}","{""count"":144,""min"":12.891723572530864,""p50"":30.432432002314815,""p95"":91.700875,""max"":138.83695216049384,""mean"":40.10373004677855}",diagnostic_only_no_threshold_or_acceptance
Subject.2/Fall right/FallRightS2.avi,-1,145,1,2,"{""count"":145,""min"":2.7903568672839505,""p50"":2.993640046296296,""p95"":3.6571367669753077,""max"":4.491809413580247,""mean"":3.104383274797786}","{""count"":145,""min"":12.880947145061729,""p50"":20.782648533950617,""p95"":58.20929224537037,""max"":106.28829282407408,""mean"":27.730529201255855}",diagnostic_only_no_threshold_or_acceptance
Subject.2/Fall right/FallRightS2.avi,0,146,0,1,"{""count"":146,""min"":2.764728973765432,""p50"":2.8602363040123455,""p95"":2.9811504147376544,""max"":3.5775819830246913,""mean"":2.874626240645611}","{""count"":146,""min"":12.605249807098765,""p50"":13.553552758487655,""p95"":15.263492717978394,""max"":23.097674575617283,""mean"":13.746589658115594}",diagnostic_only_no_threshold_or_acceptance
Subject.2/Fall right/FallRightS2.avi,1,146,0,1,"{""count"":146,""min"":2.810860339506173,""p50"":3.0324233217592593,""p95"":3.67745418595679,""max"":4.376331018518519,""mean"":3.1516957471883984}","{""count"":146,""min"":13.067941743827161,""p50"":21.30381365740741,""p95"":59.591383342978396,""max"":104.73814429012346,""mean"":28.4007057939075}",diagnostic_only_no_threshold_or_acceptance
Subject.2/Fall right/FallRightS2.avi,2,145,1,2,"{""count"":145,""min"":2.8196682098765433,""p50"":3.168246527777778,""p95"":4.26030111882716,""max"":4.825972222222222,""mean"":3.3614932817156236}","{""count"":145,""min"":13.235065586419752,""p50"":32.08388213734568,""p95"":92.56238831018518,""max"":137.20096450617285,""mean"":41.038684054384845}",diagnostic_only_no_threshold_or_acceptance
Subject.2/Fall right/FallRightS2.avi,3,144,2,3,"{""count"":144,""min"":2.8312528935185184,""p50"":3.252847222222222,""p95"":4.72328086419753,""max"":5.117174961419753,""mean"":3.5384952029213825}","{""count"":144,""min"":13.404088541666667,""p50"":37.21127170138889,""p95"":115.63469767554011,""max"":156.28627025462964,""mean"":51.91243703248242}",diagnostic_only_no_threshold_or_acceptance
Subject.2/Fall sitting/FallSittingS2.avi,-3,154,3,4,"{""count"":154,""min"":2.779099151234568,""p50"":3.8953153935185183,""p95"":5.315227719907407,""max"":5.522929205246913,""mean"":3.8989327175525097}","{""count"":154,""min"":13.668533950617284,""p50"":93.08875289351852,""p95"":234.78707359182093,""max"":271.1436120756173,""mean"":99.11047040343914}",diagnostic_only_no_threshold_or_acceptance
Subject.2/Fall sitting/FallSittingS2.avi,-2,155,2,3,"{""count"":155,""min"":2.7803703703703704,""p50"":3.6182667824074075,""p95"":4.837287326388888,""max"":5.076228780864198,""mean"":3.640613699721227}","{""count"":155,""min"":13.631189236111112,""p50"":69.4266512345679,""p95"":171.18409664351847,""max"":226.42733506944444,""mean"":74.99906829948227}",diagnostic_only_no_threshold_or_acceptance
Subject.2/Fall sitting/FallSittingS2.avi,-1,156,1,2,"{""count"":156,""min"":2.7924565972222224,""p50"":3.2939756944444447,""p95"":4.057287808641975,""max"":4.425884452160494,""mean"":3.3189501288481322}","{""count"":156,""min"":13.785985725308642,""p50"":41.813820891203704,""p95"":110.97218291859568,""max"":153.97876446759258,""mean"":46.259036068821224}",diagnostic_only_no_threshold_or_acceptance
Subject.2/Fall sitting/FallSittingS2.avi,0,157,0,1,"{""count"":157,""min"":2.7540895061728397,""p50"":2.853412422839506,""p95"":2.987817901234568,""max"":3.557609953703704,""mean"":2.8674991092140445}","{""count"":157,""min"":12.45882426697531,""p50"":13.516943479938272,""p95"":15.031339313271603,""max"":22.776657021604937,""mean"":13.680028216413069}",diagnostic_only_no_threshold_or_acceptance
Subject.2/Fall sitting/FallSittingS2.avi,1,157,0,1,"{""count"":157,""min"":2.79071662808642,""p50"":3.355451388888889,""p95"":4.1839652777777765,""max"":4.759333526234568,""mean"":3.369373574742472}","{""count"":157,""min"":14.006034915123458,""p50"":42.70710648148148,""p95"":112.13440837191358,""max"":157.9274893904321,""mean"":47.06089300984902}",diagnostic_only_no_threshold_or_acceptance
Subject.2/Fall sitting/FallSittingS2.avi,2,156,1,2,"{""count"":156,""min"":2.82117862654321,""p50"":3.7078182870370373,""p95"":4.851916714891975,""max"":5.571875964506173,""mean"":3.719672531606126}","{""count"":156,""min"":14.231878858024691,""p50"":70.52393325617284,""p95"":172.39326630015432,""max"":232.18295621141976,""mean"":76.074830698253}",diagnostic_only_no_threshold_or_acceptance
Subject.2/Fall sitting/FallSittingS2.avi,3,155,2,3,"{""count"":155,""min"":2.831196952160494,""p50"":3.9965181327160493,""p95"":5.487687596450616,""max"":6.118329475308642,""mean"":4.000609007865393}","{""count"":155,""min"":14.44841338734568,""p50"":93.97138599537037,""p95"":238.40416878858005,""max"":276.97442129629627,""mean"":100.36087476354042}",diagnostic_only_no_threshold_or_acceptance
Subject.2/Hop/HopS2.avi,-3,168,3,4,"{""count"":168,""min"":2.9914756944444445,""p50"":3.796193094135803,""p95"":5.277937017746914,""max"":6.106261574074074,""mean"":4.018700069582231}","{""count"":168,""min"":23.104971064814816,""p50"":69.30441502700617,""p95"":187.55563937114198,""max"":252.67031828703705,""mean"":89.34125355374597}",diagnostic_only_no_threshold_or_acceptance
Subject.2/Hop/HopS2.avi,-2,169,2,3,"{""count"":169,""min"":2.9740152391975307,""p50"":3.5766194058641974,""p95"":4.787782793209876,""max"":5.656428433641976,""mean"":3.7325891911388704}","{""count"":169,""min"":19.232294560185185,""p50"":58.963800154320985,""p95"":155.34729108796296,""max"":216.86390432098764,""mean"":71.24624566257579}",diagnostic_only_no_threshold_or_acceptance
Subject.2/Hop/HopS2.avi,-1,170,1,2,"{""count"":170,""min"":2.765380979938272,""p50"":3.2879118441358024,""p95"":4.083081934799382,""max"":5.034365354938272,""mean"":3.372804046387073}","{""count"":170,""min"":13.22655864197531,""p50"":40.26997781635802,""p95"":103.0794839409721,""max"":168.19816840277778,""mean"":47.40845140023602}",diagnostic_only_no_threshold_or_acceptance
Subject.2/Hop/HopS2.avi,0,171,0,1,"{""count"":171,""min"":2.696870177469136,""p50"":2.809260223765432,""p95"":2.9490094521604937,""max"":3.5752440200617284,""mean"":2.8229442763609125}","{""count"":171,""min"":12.307956211419754,""p50"":13.162437307098765,""p95"":14.865348186728395,""max"":23.067709297839507,""mean"":13.340239440067505}",diagnostic_only_no_threshold_or_acceptance
Subject.2/Hop/HopS2.avi,1,171,0,1,"{""count"":171,""min"":2.764183063271605,""p50"":3.274670138888889,""p95"":4.084217785493827,""max"":4.915824652777777,""mean"":3.3515495496715038}","{""count"":171,""min"":13.196188271604939,""p50"":40.467512538580245,""p95"":102.45042727623456,""max"":169.0096344521605,""mean"":47.46424328568334}",diagnostic_only_no_threshold_or_acceptance
Subject.2/Hop/HopS2.avi,2,170,1,2,"{""count"":170,""min"":2.941106288580247,""p50"":3.5417915702160494,""p95"":4.605154706790123,""max"":5.516092785493827,""mean"":3.6760348073257076}","{""count"":170,""min"":20.59390239197531,""p50"":58.28295910493827,""p95"":152.59590176504628,""max"":219.094034529321,""mean"":70.9571170059459}",diagnostic_only_no_threshold_or_acceptance
Subject.2/Hop/HopS2.avi,3,169,2,3,"{""count"":169,""min"":3.043011188271605,""p50"":3.746047453703704,""p95"":5.086294174382716,""max"":5.908742283950617,""mean"":3.92155566855687}","{""count"":169,""min"":24.85174575617284,""p50"":72.3966724537037,""p95"":185.14337847222222,""max"":253.91210841049383,""mean"":88.66210793680145}",diagnostic_only_no_threshold_or_acceptance
Subject.2/Kneel/KneelS2.avi,-3,127,3,4,"{""count"":127,""min"":2.891774691358025,""p50"":3.339553433641975,""p95"":3.8834772376543203,""max"":4.347716049382716,""mean"":3.3634659795129775}","{""count"":127,""min"":16.844339313271604,""p50"":38.745362654320985,""p95"":78.64493547453704,""max"":116.87323109567902,""mean"":42.511503520827254}",diagnostic_only_no_threshold_or_acceptance
Subject.2/Kneel/KneelS2.avi,-2,128,2,3,"{""count"":128,""min"":2.869037422839506,""p50"":3.214552951388889,""p95"":3.5946868730709873,""max"":4.298051697530864,""mean"":3.2226216031298227}","{""count"":128,""min"":15.454211033950617,""p50"":32.11079764660494,""p95"":62.0814582368827,""max"":112.1552237654321,""mean"":34.601360330463926}",diagnostic_only_no_threshold_or_acceptance
Subject.2/Kneel/KneelS2.avi,-1,129,1,2,"{""count"":129,""min"":2.8186467978395062,""p50"":3.039178240740741,""p95"":3.3671269290123456,""max"":4.132386188271605,""mean"":3.0648908089290843}","{""count"":129,""min"":14.447460455246913,""p50"":23.210546875,""p95"":42.77032986111111,""max"":101.58480516975308,""mean"":25.445805205641687}",diagnostic_only_no_threshold_or_acceptance
Subject.2/Kneel/KneelS2.avi,0,130,0,1,"{""count"":130,""min"":2.666816165123457,""p50"":2.8326731288580245,""p95"":3.0773914930555555,""max"":3.560060763888889,""mean"":2.846745444563153}","{""count"":130,""min"":11.979891975308641,""p50"":13.254376929012345,""p95"":15.98606322337963,""max"":22.850037615740742,""mean"":13.520395670109211}",diagnostic_only_no_threshold_or_acceptance
Subject.2/Kneel/KneelS2.avi,1,130,0,1,"{""count"":130,""min"":2.5867457561728395,""p50"":3.0478886959876546,""p95"":3.559622299382716,""max"":4.83233699845679,""mean"":3.0802856496320037}","{""count"":130,""min"":13.14941936728395,""p50"":23.803640046296294,""p95"":44.78628153935185,""max"":106.34339216820987,""mean"":26.0631767197887}",diagnostic_only_no_threshold_or_acceptance
Subject.2/Kneel/KneelS2.avi,2,129,1,2,"{""count"":129,""min"":2.5230854552469135,""p50"":3.2245351080246913,""p95"":3.9382168209876545,""max"":5.121361882716049,""mean"":3.2340984783232845}","{""count"":129,""min"":13.895303819444445,""p50"":32.68325713734568,""p95"":64.86044174382715,""max"":118.56526041666666,""mean"":35.32512081000574}",diagnostic_only_no_threshold_or_acceptance
Subject.2/Kneel/KneelS2.avi,3,128,2,3,"{""count"":128,""min"":2.4939670138888888,""p50"":3.3436125578703706,""p95"":4.3854185474537015,""max"":5.2975462962962965,""mean"":3.3651926224320023}","{""count"":128,""min"":14.528742283950617,""p50"":39.05642988040123,""p95"":85.42123403742279,""max"":124.75259259259259,""mean"":43.27903578770014}",diagnostic_only_no_threshold_or_acceptance
Subject.2/Pick up object/PickupobjectS2.avi,-3,163,3,4,"{""count"":163,""min"":2.9241126543209877,""p50"":3.564002700617284,""p95"":4.2244751157407405,""max"":4.72380787037037,""mean"":3.579745547886844}","{""count"":163,""min"":20.73460358796296,""p50"":56.221866319444445,""p95"":118.05595428240744,""max"":135.68694155092592,""mean"":58.77888839184277}",diagnostic_only_no_threshold_or_acceptance
Subject.2/Pick up object/PickupobjectS2.avi,-2,164,2,3,"{""count"":164,""min"":2.804128086419753,""p50"":3.3747251157407407,""p95"":3.91419994212963,""max"":4.610070408950618,""mean"":3.3986493855389943}","{""count"":164,""min"":17.112179783950616,""p50"":42.718230131172845,""p95"":94.66343233989197,""max"":122.58679205246914,""mean"":46.782917760557815}",diagnostic_only_no_threshold_or_acceptance
Subject.2/Pick up object/PickupobjectS2.avi,-1,165,1,2,"{""count"":165,""min"":2.77436824845679,""p50"":3.1494492669753087,""p95"":3.5258261959876545,""max"":4.393727816358025,""mean"":3.174477676066218}","{""count"":165,""min"":13.821764081790123,""p50"":29.0940731095679,""p95"":58.31281018518518,""max"":96.05653549382716,""mean"":31.9008490518612}",diagnostic_only_no_threshold_or_acceptance
Subject.2/Pick up object/PickupobjectS2.avi,0,166,0,1,"{""count"":166,""min"":2.7404118441358025,""p50"":2.832441165123457,""p95"":2.9652577642746913,""max"":3.58875,""mean"":2.8496961631247206}","{""count"":166,""min"":12.36496624228395,""p50"":13.302649980709877,""p95"":14.738817756558642,""max"":23.223578317901236,""mean"":13.538478386927338}",diagnostic_only_no_threshold_or_acceptance
Subject.2/Pick up object/PickupobjectS2.avi,1,166,0,1,"{""count"":166,""min"":2.8690007716049384,""p50"":3.165258487654321,""p95"":3.6213814139660494,""max"":4.249475308641975,""mean"":3.2150393007214046}","{""count"":166,""min"":14.014892939814814,""p50"":29.731456886574072,""p95"":59.24476779513889,""max"":96.50495852623457,""mean"":32.79470599992563}",diagnostic_only_no_threshold_or_acceptance
Subject.2/Pick up object/PickupobjectS2.avi,2,165,1,2,"{""count"":165,""min"":2.9513194444444446,""p50"":3.390095486111111,""p95"":4.152775077160492,""max"":4.44306037808642,""mean"":3.463749538206135}","{""count"":165,""min"":18.69175636574074,""p50"":43.19355613425926,""p95"":95.31965837191358,""max"":123.21516782407407,""mean"":47.990170705901605}",diagnostic_only_no_threshold_or_acceptance
Subject.2/Pick up object/PickupobjectS2.avi,3,164,2,3,"{""count"":164,""min"":3.0294309413580245,""p50"":3.5679841820987654,""p95"":4.447116753472222,""max"":4.5809673996913585,""mean"":3.6661534023543365}","{""count"":164,""min"":21.544930555555556,""p50"":55.85572627314815,""p95"":119.70341198881171,""max"":138.1265306712963,""mean"":60.207851474282975}",diagnostic_only_no_threshold_or_acceptance
Subject.2/Sit down/SitDownS2.avi,-3,109,3,4,"{""count"":109,""min"":2.8160185185185185,""p50"":3.7623832947530866,""p95"":4.5798144290123455,""max"":6.287798032407407,""mean"":3.778937742453845}","{""count"":109,""min"":15.137393904320987,""p50"":81.08706500771605,""p95"":181.55307754629627,""max"":332.6097829861111,""mean"":84.73240235481086}",diagnostic_only_no_threshold_or_acceptance
Subject.2/Sit down/SitDownS2.avi,-2,110,2,3,"{""count"":110,""min"":2.819452160493827,""p50"":3.5353235918209878,""p95"":4.222419994212963,""max"":5.9048186728395065,""mean"":3.5421042894219976}","{""count"":110,""min"":15.309263117283951,""p50"":61.75615354938272,""p95"":132.7339271797839,""max"":292.62437885802467,""mean"":64.47649626473063}",diagnostic_only_no_threshold_or_acceptance
Subject.2/Sit down/SitDownS2.avi,-1,111,1,2,"{""count"":111,""min"":2.816509452160494,""p50"":3.195686728395062,""p95"":3.6855015432098766,""max"":5.664200424382716,""mean"":3.2561000583917243}","{""count"":111,""min"":15.041033950617283,""p50"":33.348125964506174,""p95"":72.1242399691358,""max"":265.2992081404321,""mean"":40.9101923451229}",diagnostic_only_no_threshold_or_acceptance
Subject.2/Sit down/SitDownS2.avi,0,112,0,1,"{""count"":112,""min"":2.7472704475308642,""p50"":2.8433940972222222,""p95"":3.0141731288580247,""max"":3.5219434799382716,""mean"":2.858758878623788}","{""count"":112,""min"":12.400945216049383,""p50"":13.446997974537037,""p95"":15.430832851080247,""max"":22.237755594135802,""mean"":13.656535123525686}",diagnostic_only_no_threshold_or_acceptance
Subject.2/Sit down/SitDownS2.avi,1,112,0,1,"{""count"":112,""min"":2.8403125,""p50"":3.235279224537037,""p95"":3.8263268229166667,""max"":6.0321267361111115,""mean"":3.29826206321649}","{""count"":112,""min"":15.374724151234568,""p50"":34.68894145447531,""p95"":71.92532711226852,""max"":271.1185812114198,""mean"":41.8510317115851}",diagnostic_only_no_threshold_or_acceptance
Subject.2/Sit down/SitDownS2.avi,2,111,1,2,"{""count"":111,""min"":2.859778163580247,""p50"":3.574277584876543,""p95"":4.353553722993827,""max"":6.313462577160494,""mean"":3.6129951305472146}","{""count"":111,""min"":16.031141975308643,""p50"":62.92957272376543,""p95"":130.7509514853395,""max"":299.03568672839504,""mean"":65.68393777458013}",diagnostic_only_no_threshold_or_acceptance
Subject.2/Sit down/SitDownS2.avi,3,110,2,3,"{""count"":110,""min"":2.8885657793209876,""p50"":3.866300636574074,""p95"":4.800528886959876,""max"":6.768792438271605,""mean"":3.874309562640292}","{""count"":110,""min"":16.043849344135804,""p50"":81.64493007330248,""p95"":182.20147241512342,""max"":341.01336033950616,""mean"":86.11732197846518}",diagnostic_only_no_threshold_or_acceptance
Subject.2/Walk/WalkS2.avi,-3,241,3,4,"{""count"":241,""min"":2.382425733024691,""p50"":3.075300925925926,""p95"":4.214617091049383,""max"":4.590701195987655,""mean"":3.131844103785667}","{""count"":241,""min"":12.361135223765432,""p50"":47.97374710648148,""p95"":130.8881645447531,""max"":153.44437017746912,""mean"":54.61815660058399}",diagnostic_only_no_threshold_or_acceptance
Subject.2/Walk/WalkS2.avi,-2,242,2,3,"{""count"":242,""min"":2.378895640432099,""p50"":2.877687114197531,""p95"":3.682522328317901,""max"":4.191774691358025,""mean"":2.9393927596673812}","{""count"":242,""min"":12.429672067901235,""p50"":38.05414014274692,""p95"":92.30601456404317,""max"":125.21547067901234,""mean"":42.371759657815524}",diagnostic_only_no_threshold_or_acceptance
Subject.2/Walk/WalkS2.avi,-1,243,1,2,"{""count"":243,""min"":2.340528549382716,""p50"":2.6499787808641977,""p95"":3.2460381944444436,""max"":3.733504050925926,""mean"":2.715180176103744}","{""count"":243,""min"":10.580802469135802,""p50"":23.896041666666665,""p95"":55.868388117283914,""max"":92.77604841820988,""mean"":28.24734585365544}",diagnostic_only_no_threshold_or_acceptance
Subject.2/Walk/WalkS2.avi,0,244,0,1,"{""count"":244,""min"":2.29570987654321,""p50"":2.392495659722222,""p95"":2.527471450617284,""max"":2.758557098765432,""mean"":2.4034196605886966}","{""count"":244,""min"":10.355784143518518,""p50"":11.144761766975307,""p95"":12.42972193287037,""max"":15.633194444444445,""mean"":11.279583764198795}",diagnostic_only_no_threshold_or_acceptance
Subject.2/Walk/WalkS2.avi,1,244,0,1,"{""count"":244,""min"":2.3529282407407406,""p50"":2.681348861882716,""p95"":3.2571006944444445,""max"":3.7984712577160495,""mean"":2.7441785293020144}","{""count"":244,""min"":11.12714023919753,""p50"":24.587245370370372,""p95"":56.477949604552464,""max"":92.50131655092592,""mean"":28.753783935596292}",diagnostic_only_no_threshold_or_acceptance
Subject.2/Walk/WalkS2.avi,2,243,1,2,"{""count"":243,""min"":2.3754320987654323,""p50"":2.9151417824074075,""p95"":3.819313271604937,""max"":4.294519675925926,""mean"":2.983082724464005}","{""count"":243,""min"":12.382208719135802,""p50"":38.57730613425926,""p95"":92.34397106481475,""max"":125.68190104166666,""mean"":43.08499639997078}",diagnostic_only_no_threshold_or_acceptance
Subject.2/Walk/WalkS2.avi,3,242,2,3,"{""count"":242,""min"":2.383353587962963,""p50"":3.0925110918209877,""p95"":4.355154031635801,""max"":4.678071952160494,""mean"":3.185487462216866}","{""count"":242,""min"":12.452191358024692,""p50"":48.71955295138889,""p95"":129.86632142168204,""max"":152.96976466049384,""mean"":55.47052569173426}",diagnostic_only_no_threshold_or_acceptance
Subject.3/Fall backwards/FallBackwardsS3.avi,-3,163,3,4,"{""count"":163,""min"":2.788401813271605,""p50"":3.4200395447530862,""p95"":4.535846064814815,""max"":4.840246913580247,""mean"":3.530878635537378}","{""count"":163,""min"":13.632772955246914,""p50"":48.80460165895062,""p95"":120.39351408179013,""max"":144.80057677469136,""mean"":55.73915513993032}",diagnostic_only_no_threshold_or_acceptance
Subject.3/Fall backwards/FallBackwardsS3.avi,-2,164,2,3,"{""count"":164,""min"":2.780918209876543,""p50"":3.2852363040123453,""p95"":4.020064766589505,""max"":4.46424575617284,""mean"":3.3599776752107795}","{""count"":164,""min"":13.770023148148148,""p50"":41.07385561342593,""p95"":89.14342505787033,""max"":118.66347029320988,""mean"":44.50658055508506}",diagnostic_only_no_threshold_or_acceptance
Subject.3/Fall backwards/FallBackwardsS3.avi,-1,165,1,2,"{""count"":165,""min"":2.785738811728395,""p50"":3.102275270061728,""p95"":3.6142172067901233,""max"":4.0015432098765435,""mean"":3.1524086174242423}","{""count"":165,""min"":13.696075424382716,""p50"":29.030380015432097,""p95"":57.6455636574074,""max"":85.91382908950617,""mean"":31.076396832912458}",diagnostic_only_no_threshold_or_acceptance
Subject.3/Fall backwards/FallBackwardsS3.avi,0,166,0,1,"{""count"":166,""min"":2.7440489969135804,""p50"":2.8374213927469136,""p95"":2.940945457175926,""max"":3.544999035493827,""mean"":2.847856710406441}","{""count"":166,""min"":12.364549575617284,""p50"":13.325511188271605,""p95"":14.769494839891975,""max"":22.59322048611111,""mean"":13.475695472863677}",diagnostic_only_no_threshold_or_acceptance
Subject.3/Fall backwards/FallBackwardsS3.avi,1,166,0,1,"{""count"":166,""min"":2.78486400462963,""p50"":3.152986111111111,""p95"":3.67518180941358,""max"":4.015048225308642,""mean"":3.196971746941469}","{""count"":166,""min"":13.857522183641976,""p50"":29.97171103395062,""p95"":57.914221643518516,""max"":84.59607638888889,""mean"":31.693591687351255}",diagnostic_only_no_threshold_or_acceptance
Subject.3/Fall backwards/FallBackwardsS3.avi,2,165,1,2,"{""count"":165,""min"":2.7982889660493826,""p50"":3.3464149305555555,""p95"":4.167768904320988,""max"":4.565408950617284,""mean"":3.4294383300598574}","{""count"":165,""min"":14.218668981481482,""p50"":42.191242283950615,""p95"":89.82334027777765,""max"":116.30551697530865,""mean"":45.35203852179199}",diagnostic_only_no_threshold_or_acceptance
Subject.3/Fall backwards/FallBackwardsS3.avi,3,164,2,3,"{""count"":164,""min"":2.8016608796296296,""p50"":3.5020182291666666,""p95"":4.577850742669753,""max"":4.947976466049383,""mean"":3.6180603369184734}","{""count"":164,""min"":14.010920138888888,""p50"":50.326258680555554,""p95"":120.1796278935185,""max"":143.06915316358024,""mean"":56.7174792337116}",diagnostic_only_no_threshold_or_acceptance
Subject.3/Fall forward/FallForwardS3.avi,-3,150,3,4,"{""count"":150,""min"":2.823546489197531,""p50"":3.3360276813271605,""p95"":4.486995032793209,""max"":5.499199459876543,""mean"":3.4914085455246915}","{""count"":150,""min"":15.676387924382716,""p50"":39.095473572530864,""p95"":140.6192392939814,""max"":258.68815200617286,""mean"":55.848212056327164}",diagnostic_only_no_threshold_or_acceptance
Subject.3/Fall forward/FallForwardS3.avi,-2,151,2,3,"{""count"":151,""min"":2.8193740354938273,""p50"":3.206417824074074,""p95"":4.15735725308642,""max"":4.983212770061728,""mean"":3.3274272404648024}","{""count"":151,""min"":15.272222222222222,""p50"":31.664336419753088,""p95"":110.82098090277779,""max"":205.98466531635802,""mean"":44.59307647448082}",diagnostic_only_no_threshold_or_acceptance
Subject.3/Fall forward/FallForwardS3.avi,-1,152,1,2,"{""count"":152,""min"":2.83672550154321,""p50"":3.038669945987654,""p95"":3.6413233506944445,""max"":4.391517168209877,""mean"":3.127341947896361}","{""count"":152,""min"":14.980035686728396,""p50"":23.983097511574073,""p95"":69.19277150848765,""max"":145.6596633873457,""mean"":30.789389048793858}",diagnostic_only_no_threshold_or_acceptance
Subject.3/Fall forward/FallForwardS3.avi,0,153,0,1,"{""count"":153,""min"":2.7385493827160494,""p50"":2.8328462577160494,""p95"":2.967012924382716,""max"":3.5857301311728396,""mean"":2.842548307260147}","{""count"":153,""min"":12.284560185185185,""p50"":13.34287037037037,""p95"":15.057775655864198,""max"":23.214190779320987,""mean"":13.488253607127007}",diagnostic_only_no_threshold_or_acceptance
Subject.3/Fall forward/FallForwardS3.avi,1,153,0,1,"{""count"":153,""min"":2.828337191358025,""p50"":3.056730324074074,""p95"":3.690949652777778,""max"":4.435653935185186,""mean"":3.1512957352436852}","{""count"":153,""min"":15.40318962191358,""p50"":24.34469039351852,""p95"":69.43974247685186,""max"":145.86805555555554,""mean"":31.078881254791007}",diagnostic_only_no_threshold_or_acceptance
Subject.3/Fall forward/FallForwardS3.avi,2,152,1,2,"{""count"":152,""min"":2.881038773148148,""p50"":3.2241734182098765,""p95"":4.180263358410493,""max"":5.0653829089506175,""mean"":3.363400918565221}","{""count"":152,""min"":15.847132523148149,""p50"":32.43103829089506,""p95"":109.42558285108024,""max"":205.3174180169753,""mean"":44.86177856841902}",diagnostic_only_no_threshold_or_acceptance
Subject.3/Fall forward/FallForwardS3.avi,3,151,2,3,"{""count"":151,""min"":2.9315962577160493,""p50"":3.380036651234568,""p95"":4.479460841049383,""max"":5.589058641975309,""mean"":3.5346339603262202}","{""count"":151,""min"":16.188990162037037,""p50"":40.28712191358024,""p95"":138.0531577932099,""max"":258.4462422839506,""mean"":56.09832982023138}",diagnostic_only_no_threshold_or_acceptance
Subject.3/Fall left/FallLeftS3.avi,-3,168,3,4,"{""count"":168,""min"":2.868582175925926,""p50"":3.142293113425926,""p95"":4.087627893518519,""max"":4.9774768518518515,""mean"":3.2882124026308057}","{""count"":168,""min"":15.004662422839505,""p50"":30.9912393904321,""p95"":99.89426986882718,""max"":222.43601466049384,""mean"":42.75957386050485}",diagnostic_only_no_threshold_or_acceptance
Subject.3/Fall left/FallLeftS3.avi,-2,169,2,3,"{""count"":169,""min"":2.853435570987654,""p50"":3.0803674768518516,""p95"":3.787715470679012,""max"":4.568142361111111,""mean"":3.176496148823873}","{""count"":169,""min"":14.00924575617284,""p50"":26.657470100308643,""p95"":75.61686246141973,""max"":172.9824363425926,""mean"":34.45327829370297}",diagnostic_only_no_threshold_or_acceptance
Subject.3/Fall left/FallLeftS3.avi,-1,170,1,2,"{""count"":170,""min"":2.8316068672839507,""p50"":2.9965986689814814,""p95"":3.3761632426697523,""max"":4.0251957947530865,""mean"":3.046684453295207}","{""count"":170,""min"":13.420097415123458,""p50"":21.791720196759258,""p95"":45.61334804205243,""max"":111.70275173611111,""mean"":25.367818712554467}",diagnostic_only_no_threshold_or_acceptance
Subject.3/Fall left/FallLeftS3.avi,0,171,0,1,"{""count"":171,""min"":2.7541329089506172,""p50"":2.843719135802469,""p95"":2.9774744405864197,""max"":3.5547010030864197,""mean"":2.857926430176522}","{""count"":171,""min"":12.460321180555555,""p50"":13.33789737654321,""p95"":14.973454378858024,""max"":22.798045910493826,""mean"":13.514392535963106}",diagnostic_only_no_threshold_or_acceptance
Subject.3/Fall left/FallLeftS3.avi,1,171,0,1,"{""count"":171,""min"":2.831737075617284,""p50"":3.043376736111111,""p95"":3.471225405092593,""max"":4.067418981481482,""mean"":3.0880270546801682}","{""count"":171,""min"":13.835161072530864,""p50"":22.44026813271605,""p95"":45.66235725308642,""max"":111.21552662037037,""mean"":25.90097250988196}",diagnostic_only_no_threshold_or_acceptance
Subject.3/Fall left/FallLeftS3.avi,2,170,1,2,"{""count"":170,""min"":2.8887702546296294,""p50"":3.1527922453703705,""p95"":3.8041806037808636,""max"":4.640792824074074,""mean"":3.2455243849854756}","{""count"":170,""min"":14.764479166666666,""p50"":27.683423514660497,""p95"":73.57838671874993,""max"":172.69061921296296,""mean"":35.155355925472044}",diagnostic_only_no_threshold_or_acceptance
Subject.3/Fall left/FallLeftS3.avi,3,169,2,3,"{""count"":169,""min"":2.930276813271605,""p50"":3.2358912037037038,""p95"":4.034505208333333,""max"":5.063701774691358,""mean"":3.379443086145811}","{""count"":169,""min"":16.07006462191358,""p50"":32.51905285493827,""p95"":97.35248823302469,""max"":220.60122685185186,""mean"":43.549932918310326}",diagnostic_only_no_threshold_or_acceptance
Subject.3/Fall right/FallRightS3.avi,-3,217,3,4,"{""count"":217,""min"":2.7678944830246914,""p50"":3.0901639660493827,""p95"":4.1210960648148145,""max"":4.432831790123457,""mean"":3.2331148749075496}","{""count"":217,""min"":12.581634837962962,""p50"":26.725698302469137,""p95"":87.68228182870368,""max"":119.36315586419754,""mean"":35.971102523894864}",diagnostic_only_no_threshold_or_acceptance
Subject.3/Fall right/FallRightS3.avi,-2,218,2,3,"{""count"":218,""min"":2.768755787037037,""p50"":3.0129981674382718,""p95"":3.7739541859567898,""max"":4.077849151234568,""mean"":3.1276194129431416}","{""count"":218,""min"":12.58184799382716,""p50"":21.86880111882716,""p95"":69.63512885802469,""max"":95.41600790895062,""mean"":29.12715106113376}",diagnostic_only_no_threshold_or_acceptance
Subject.3/Fall right/FallRightS3.avi,-1,219,1,2,"{""count"":219,""min"":2.770661651234568,""p50"":2.9241030092592593,""p95"":3.4549853395061727,""max"":3.7252440200617283,""mean"":3.0043915727704493}","{""count"":219,""min"":12.671141975308641,""p50"":17.026444830246913,""p95"":43.927929301697525,""max"":68.81328800154321,""mean"":21.538126713209593}",diagnostic_only_no_threshold_or_acceptance
Subject.3/Fall right/FallRightS3.avi,0,220,0,1,"{""count"":220,""min"":2.7488088348765434,""p50"":2.8349609375,""p95"":2.9802065007716045,""max"":3.5612779706790123,""mean"":2.8485782521394496}","{""count"":220,""min"":12.414352816358024,""p50"":13.292532793209876,""p95"":14.896239052854938,""max"":22.76446662808642,""mean"":13.447273678626543}",diagnostic_only_no_threshold_or_acceptance
Subject.3/Fall right/FallRightS3.avi,1,220,0,1,"{""count"":220,""min"":2.7637355324074075,""p50"":2.949172453703704,""p95"":3.496447675540122,""max"":3.974746334876543,""mean"":3.0449125149060046}","{""count"":220,""min"":12.800925925925926,""p50"":17.702383777006172,""p95"":43.75854195601849,""max"":69.07627989969136,""mean"":22.13665157214506}",diagnostic_only_no_threshold_or_acceptance
Subject.3/Fall right/FallRightS3.avi,2,219,1,2,"{""count"":219,""min"":2.7929060570987656,""p50"":3.050673225308642,""p95"":3.9509141589506176,""max"":4.428070023148148,""mean"":3.1927956717895603}","{""count"":219,""min"":12.86843074845679,""p50"":22.77387635030864,""p95"":70.68897280092592,""max"":96.10109857253086,""mean"":30.050761224385536}",diagnostic_only_no_threshold_or_acceptance
Subject.3/Fall right/FallRightS3.avi,3,218,2,3,"{""count"":218,""min"":2.8008805941358026,""p50"":3.131978202160494,""p95"":4.266809124228394,""max"":4.729642168209876,""mean"":3.315961855993034}","{""count"":218,""min"":12.984698109567901,""p50"":27.544708236882716,""p95"":90.57177469135803,""max"":119.08743152006173,""mean"":37.08293735930598}",diagnostic_only_no_threshold_or_acceptance
Subject.3/Fall sitting/FallSittingS3.avi,-3,199,3,4,"{""count"":199,""min"":2.810668402777778,""p50"":2.989129050925926,""p95"":3.811385030864197,""max"":4.092891589506173,""mean"":3.119962752613376}","{""count"":199,""min"":13.097249228395063,""p50"":20.55418402777778,""p95"":93.46705902777778,""max"":124.70004918981482,""mean"":32.19936959585737}",diagnostic_only_no_threshold_or_acceptance
Subject.3/Fall sitting/FallSittingS3.avi,-2,200,2,3,"{""count"":200,""min"":2.797115162037037,""p50"":2.941174286265432,""p95"":3.558278018904321,""max"":3.7933381558641974,""mean"":3.043024696180556}","{""count"":200,""min"":12.991164158950617,""p50"":18.608082561728395,""p95"":68.1783199266975,""max"":93.6711757330247,""mean"":26.30471779031636}",diagnostic_only_no_threshold_or_acceptance
Subject.3/Fall sitting/FallSittingS3.avi,-1,201,1,2,"{""count"":201,""min"":2.8053944830246915,""p50"":2.895664544753086,""p95"":3.2412827932098764,""max"":3.533150077160494,""mean"":2.9567694177645722}","{""count"":201,""min"":12.923015046296296,""p50"":15.997369791666667,""p95"":36.161323302469135,""max"":58.74886670524691,""mean"":20.148658774990786}",diagnostic_only_no_threshold_or_acceptance
Subject.3/Fall sitting/FallSittingS3.avi,0,202,0,1,"{""count"":202,""min"":2.751482445987654,""p50"":2.8328968942901236,""p95"":2.95976490162037,""max"":3.5294666280864195,""mean"":2.8474759303187263}","{""count"":202,""min"":12.40013599537037,""p50"":13.247533757716049,""p95"":14.785781684027778,""max"":22.314674961419755,""mean"":13.42890494648423}",diagnostic_only_no_threshold_or_acceptance
Subject.3/Fall sitting/FallSittingS3.avi,1,202,0,1,"{""count"":202,""min"":2.8032301311728394,""p50"":2.928129822530864,""p95"":3.3523241222993825,""max"":3.816933834876543,""mean"":3.000111400462963}","{""count"":202,""min"":13.026785300925926,""p50"":16.583033854166665,""p95"":38.173298128858015,""max"":62.103614969135805,""mean"":20.878795661250148}",diagnostic_only_no_threshold_or_acceptance
Subject.3/Fall sitting/FallSittingS3.avi,2,201,1,2,"{""count"":201,""min"":2.8294627700617285,""p50"":2.9808931327160493,""p95"":3.6955931712962964,""max"":4.2094502314814815,""mean"":3.1120907038879673}","{""count"":201,""min"":13.419269868827161,""p50"":19.30114776234568,""p95"":71.47570601851852,""max"":93.56862847222222,""mean"":27.429768633683437}",diagnostic_only_no_threshold_or_acceptance
Subject.3/Fall sitting/FallSittingS3.avi,3,200,2,3,"{""count"":200,""min"":2.845432098765432,""p50"":3.018478009259259,""p95"":4.065750048225309,""max"":4.559776234567901,""mean"":3.208857325424383}","{""count"":200,""min"":13.660849729938272,""p50"":21.224149305555557,""p95"":95.9709113618827,""max"":125.54144290123457,""mean"":33.61649079378857}",diagnostic_only_no_threshold_or_acceptance
Subject.3/Hop/HopS3.avi,-3,159,3,4,"{""count"":159,""min"":3.105528549382716,""p50"":3.872518325617284,""p95"":5.528969425154321,""max"":5.837157600308642,""mean"":4.0952012420898365}","{""count"":159,""min"":27.17224922839506,""p50"":75.18556327160493,""p95"":203.3535162037037,""max"":222.20532407407407,""mean"":95.15107029248195}",diagnostic_only_no_threshold_or_acceptance
Subject.3/Hop/HopS3.avi,-2,160,2,3,"{""count"":160,""min"":3.070485146604938,""p50"":3.6618205054012347,""p95"":4.960397231867284,""max"":5.359038387345679,""mean"":3.807088511525849}","{""count"":160,""min"":21.65932773919753,""p50"":61.917897858796294,""p95"":170.35383121141976,""max"":190.6473042052469,""mean"":75.78135010971258}",diagnostic_only_no_threshold_or_acceptance
Subject.3/Hop/HopS3.avi,-1,161,1,2,"{""count"":161,""min"":2.9795428240740742,""p50"":3.3232822145061727,""p95"":4.163870563271605,""max"":4.780939429012346,""mean"":3.4373295160455486}","{""count"":161,""min"":18.317760416666665,""p50"":41.95210744598766,""p95"":96.95167631172839,""max"":155.70332561728395,""mean"":50.04416010083583}",diagnostic_only_no_threshold_or_acceptance
Subject.3/Hop/HopS3.avi,0,162,0,1,"{""count"":162,""min"":2.741364776234568,""p50"":2.8209837962962965,""p95"":3.057004822530864,""max"":3.5517804783950617,""mean"":2.8429202210505258}","{""count"":162,""min"":12.396188271604938,""p50"":13.221191165123457,""p95"":15.791931905864198,""max"":22.717287808641974,""mean"":13.45878451384126}",diagnostic_only_no_threshold_or_acceptance
Subject.3/Hop/HopS3.avi,1,162,0,1,"{""count"":162,""min"":3.02727237654321,""p50"":3.374401523919753,""p95"":3.999339168595679,""max"":4.568100887345679,""mean"":3.4767274543705224}","{""count"":162,""min"":20.116401427469135,""p50"":41.96519241898148,""p95"":95.84976673418207,""max"":152.020184220679,""mean"":50.50204445539933}",diagnostic_only_no_threshold_or_acceptance
Subject.3/Hop/HopS3.avi,2,161,1,2,"{""count"":161,""min"":3.1652498070987654,""p50"":3.7453742283950615,""p95"":4.877666859567901,""max"":5.107153742283951,""mean"":3.8587205795663677}","{""count"":161,""min"":24.72589988425926,""p50"":63.63986593364198,""p95"":166.12542148919752,""max"":185.3779861111111,""mean"":76.33917746793765}",diagnostic_only_no_threshold_or_acceptance
Subject.3/Hop/HopS3.avi,3,160,2,3,"{""count"":160,""min"":3.3736149691358026,""p50"":4.042652874228395,""p95"":5.215514033564815,""max"":5.558734567901235,""mean"":4.149695740499614}","{""count"":160,""min"":32.36742959104938,""p50"":78.94016975308642,""p95"":197.38854224537033,""max"":221.77383294753088,""mean"":95.8550744659047}",diagnostic_only_no_threshold_or_acceptance
Subject.3/Kneel/KneelS3.avi,-3,210,3,4,"{""count"":210,""min"":2.8926302083333333,""p50"":3.4833685378086416,""p95"":4.121812307098765,""max"":4.43374324845679,""mean"":3.510955370921517}","{""count"":210,""min"":17.85045428240741,""p50"":59.12420187114198,""p95"":107.52180299961418,""max"":146.914296875,""mean"":62.5568036311361}",diagnostic_only_no_threshold_or_acceptance
Subject.3/Kneel/KneelS3.avi,-2,211,2,3,"{""count"":211,""min"":2.816213348765432,""p50"":3.316855709876543,""p95"":3.867229938271605,""max"":4.145000964506173,""mean"":3.342685706292785}","{""count"":211,""min"":18.288839699074074,""p50"":45.09502507716049,""p95"":88.54948109567901,""max"":124.0522019675926,""mean"":49.20721039216547}",diagnostic_only_no_threshold_or_acceptance
Subject.3/Kneel/KneelS3.avi,-1,212,1,2,"{""count"":212,""min"":2.7430796682098766,""p50"":3.1191652199074076,""p95"":3.4465957272376544,""max"":3.93283275462963,""mean"":3.1410434455436174}","{""count"":212,""min"":16.32545235339506,""p50"":30.71266975308642,""p95"":59.61846320408948,""max"":89.61116319444444,""mean"":34.028497340328734}",diagnostic_only_no_threshold_or_acceptance
Subject.3/Kneel/KneelS3.avi,0,213,0,1,"{""count"":213,""min"":2.6232532793209877,""p50"":2.8157127700617286,""p95"":2.9796381172839506,""max"":3.545666473765432,""mean"":2.822491011526981}","{""count"":213,""min"":11.659526427469135,""p50"":13.069537037037037,""p95"":14.732273148148147,""max"":22.512892554012346,""mean"":13.218879230242568}",diagnostic_only_no_threshold_or_acceptance
Subject.3/Kneel/KneelS3.avi,1,213,0,1,"{""count"":213,""min"":2.632866512345679,""p50"":3.1789583333333336,""p95"":3.558375,""max"":3.9310127314814816,""mean"":3.180752237835449}","{""count"":213,""min"":15.830562307098765,""p50"":31.55255787037037,""p95"":59.39383043981472,""max"":93.08813368055556,""mean"":34.629080499587026}",diagnostic_only_no_threshold_or_acceptance
Subject.3/Kneel/KneelS3.avi,2,212,1,2,"{""count"":212,""min"":2.608931327160494,""p50"":3.423145736882716,""p95"":3.965599392361111,""max"":4.304015239197531,""mean"":3.405304156111694}","{""count"":212,""min"":17.382542438271606,""p50"":45.60208622685185,""p95"":89.25894574652777,""max"":128.33989679783951,""mean"":50.05387180075122}",diagnostic_only_no_threshold_or_acceptance
Subject.3/Kneel/KneelS3.avi,3,211,2,3,"{""count"":211,""min"":2.588125,""p50"":3.6111101466049385,""p95"":4.234922357253087,""max"":4.58673900462963,""mean"":3.590331127311158}","{""count"":211,""min"":16.626710069444446,""p50"":59.16542438271605,""p95"":111.52441840277777,""max"":151.66570794753088,""mean"":63.5529657650591}",diagnostic_only_no_threshold_or_acceptance
Subject.3/Pick up object/PickupobjectS3.avi,-3,183,3,4,"{""count"":183,""min"":2.869969135802469,""p50"":3.332993827160494,""p95"":3.9965243055555555,""max"":4.218496334876543,""mean"":3.377766372360522}","{""count"":183,""min"":15.465663580246913,""p50"":41.96535011574074,""p95"":98.0435022183642,""max"":118.31216724537038,""mean"":49.76659281606288}",diagnostic_only_no_threshold_or_acceptance
Subject.3/Pick up object/PickupobjectS3.avi,-2,184,2,3,"{""count"":184,""min"":2.808784722222222,""p50"":3.2011993634259257,""p95"":3.732401957947531,""max"":3.96662037037037,""mean"":3.2353392598044146}","{""count"":184,""min"":13.879953703703704,""p50"":35.03967447916666,""p95"":77.94811472800926,""max"":93.77588927469135,""mean"":39.895674603923446}",diagnostic_only_no_threshold_or_acceptance
Subject.3/Pick up object/PickupobjectS3.avi,-1,185,1,2,"{""count"":185,""min"":2.7836709104938273,""p50"":3.0529417438271604,""p95"":3.372779899691358,""max"":3.677049575617284,""mean"":3.0655385228978975}","{""count"":185,""min"":12.804396219135802,""p50"":26.091604938271605,""p95"":53.030458719135744,""max"":71.0901630015432,""mean"":28.416296593468466}",diagnostic_only_no_threshold_or_acceptance
Subject.3/Pick up object/PickupobjectS3.avi,0,186,0,1,"{""count"":186,""min"":2.7298263888888887,""p50"":2.802794656635802,""p95"":2.9187861689814816,""max"":3.5377854938271605,""mean"":2.8181791575401562}","{""count"":186,""min"":12.218759645061729,""p50"":13.02428337191358,""p95"":14.597947289737654,""max"":22.753786651234567,""mean"":13.207633775969068}",diagnostic_only_no_threshold_or_acceptance
Subject.3/Pick up object/PickupobjectS3.avi,1,186,0,1,"{""count"":186,""min"":2.7753578317901235,""p50"":3.0693031442901235,""p95"":3.3978378182870372,""max"":3.6813551311728396,""mean"":3.086597574837383}","{""count"":186,""min"":12.95627025462963,""p50"":26.380092110339504,""p95"":53.10549238040124,""max"":71.73937017746914,""mean"":28.911416527694808}",diagnostic_only_no_threshold_or_acceptance
Subject.3/Pick up object/PickupobjectS3.avi,2,185,1,2,"{""count"":185,""min"":2.821588541666667,""p50"":3.2176543209876542,""p95"":3.7368817515432093,""max"":3.9795109953703705,""mean"":3.26072535035035}","{""count"":185,""min"":14.263467399691358,""p50"":35.47548225308642,""p95"":77.50975868055555,""max"":94.0125530478395,""mean"":40.5138330622289}",diagnostic_only_no_threshold_or_acceptance
Subject.3/Pick up object/PickupobjectS3.avi,3,184,2,3,"{""count"":184,""min"":2.931857638888889,""p50"":3.373348765432099,""p95"":4.07991049382716,""max"":4.251969521604939,""mean"":3.4026356494062004}","{""count"":184,""min"":16.484209104938273,""p50"":43.26682870370371,""p95"":98.16920336612654,""max"":117.87039351851851,""mean"":50.426817853009254}",diagnostic_only_no_threshold_or_acceptance
Subject.3/Sit down/SitDownS3.avi,-3,258,3,4,"{""count"":258,""min"":3.0819907407407405,""p50"":3.743365162037037,""p95"":5.28668962191358,""max"":6.436330054012346,""mean"":3.8780531218597476}","{""count"":258,""min"":24.895657793209878,""p50"":68.30195891203704,""p95"":289.57948109567894,""max"":433.9357995756173,""mean"":97.95710353936381}",diagnostic_only_no_threshold_or_acceptance
Subject.3/Sit down/SitDownS3.avi,-2,259,2,3,"{""count"":259,""min"":2.9513811728395063,""p50"":3.4946180555555557,""p95"":4.642760513117284,""max"":5.875582561728395,""mean"":3.6162114458208205}","{""count"":259,""min"":17.980017361111113,""p50"":52.45955729166667,""p95"":213.71484490740738,""max"":380.1400597993827,""mean"":73.76339571342176}",diagnostic_only_no_threshold_or_acceptance
Subject.3/Sit down/SitDownS3.avi,-1,260,1,2,"{""count"":260,""min"":2.8563493441358023,""p50"":3.2124440586419754,""p95"":3.8956000675154323,""max"":5.481586612654321,""mean"":3.300431182484568}","{""count"":260,""min"":14.522155671296296,""p50"":32.99311535493827,""p95"":109.84400038580242,""max"":323.8594357638889,""mean"":45.50648029068732}",diagnostic_only_no_threshold_or_acceptance
Subject.3/Sit down/SitDownS3.avi,0,261,0,1,"{""count"":261,""min"":2.736641589506173,""p50"":2.837999614197531,""p95"":2.9267177854938273,""max"":3.546238425925926,""mean"":2.8462985911558114}","{""count"":261,""min"":12.314719328703704,""p50"":13.32890914351852,""p95"":14.337373649691358,""max"":22.64150848765432,""mean"":13.44674456994111}",diagnostic_only_no_threshold_or_acceptance
Subject.3/Sit down/SitDownS3.avi,1,261,0,1,"{""count"":261,""min"":2.9252980324074076,""p50"":3.2459307484567903,""p95"":3.9578086419753085,""max"":5.688546489197531,""mean"":3.339209374704366}","{""count"":261,""min"":15.419273726851852,""p50"":33.881391782407405,""p95"":111.81109567901234,""max"":330.0255719521605,""mean"":46.19333049155078}",diagnostic_only_no_threshold_or_acceptance
Subject.3/Sit down/SitDownS3.avi,2,260,1,2,"{""count"":260,""min"":3.0450694444444446,""p50"":3.552514949845679,""p95"":4.795572868441357,""max"":6.117182677469136,""mean"":3.678352504748338}","{""count"":260,""min"":19.52057098765432,""p50"":53.66231674382716,""p95"":216.86213483796297,""max"":387.8905642361111,""mean"":74.67836262464387}",diagnostic_only_no_threshold_or_acceptance
Subject.3/Sit down/SitDownS3.avi,3,259,2,3,"{""count"":259,""min"":3.185108989197531,""p50"":3.8077015817901234,""p95"":5.597347222222222,""max"":6.672342785493827,""mean"":3.9584673512798516}","{""count"":259,""min"":26.319457947530864,""p50"":69.09831983024691,""p95"":289.12069733796295,""max"":440.7279658564815,""mean"":98.97995442615235}",diagnostic_only_no_threshold_or_acceptance
Subject.3/Walk/WalkS3.avi,-3,173,3,4,"{""count"":173,""min"":3.1634037422839505,""p50"":3.866460262345679,""p95"":4.8016579861111115,""max"":5.105067515432099,""mean"":3.930702171644188}","{""count"":173,""min"":29.736719714506172,""p50"":77.30738040123457,""p95"":155.28052353395063,""max"":186.57328896604938,""mean"":81.8239618345465}",diagnostic_only_no_threshold_or_acceptance
Subject.3/Walk/WalkS3.avi,-2,174,2,3,"{""count"":174,""min"":3.039081790123457,""p50"":3.6237408371913578,""p95"":4.453062885802469,""max"":4.751616512345679,""mean"":3.677691282638002}","{""count"":174,""min"":25.293443287037036,""p50"":60.96518084490741,""p95"":121.4641758777006,""max"":154.90587962962962,""mean"":63.88530491698595}",diagnostic_only_no_threshold_or_acceptance
Subject.3/Walk/WalkS3.avi,-1,175,1,2,"{""count"":175,""min"":2.916465084876543,""p50"":3.313252314814815,""p95"":3.88110223765432,""max"":4.324438657407407,""mean"":3.362822023809523}","{""count"":175,""min"":17.605306712962964,""p50"":36.81809895833333,""p95"":76.44927391975308,""max"":123.52355902777778,""mean"":42.15315498236331}",diagnostic_only_no_threshold_or_acceptance
Subject.3/Walk/WalkS3.avi,0,176,0,1,"{""count"":176,""min"":2.743154899691358,""p50"":2.8517650462962965,""p95"":2.988856577932099,""max"":3.548883101851852,""mean"":2.863973310579756}","{""count"":176,""min"":12.350698302469135,""p50"":13.535638503086421,""p95"":14.975589313271605,""max"":22.69579475308642,""mean"":13.647749987943671}",diagnostic_only_no_threshold_or_acceptance
Subject.3/Walk/WalkS3.avi,1,176,0,1,"{""count"":176,""min"":2.912365933641975,""p50"":3.3594150270061727,""p95"":3.930360484182099,""max"":4.339234182098766,""mean"":3.4073010980025953}","{""count"":176,""min"":19.04223765432099,""p50"":37.544409239969134,""p95"":78.15580174575616,""max"":123.83312692901235,""mean"":42.707608786432026}",diagnostic_only_no_threshold_or_acceptance
Subject.3/Walk/WalkS3.avi,2,175,1,2,"{""count"":175,""min"":3.065483217592593,""p50"":3.6936381172839505,""p95"":4.505281057098764,""max"":4.850542052469136,""mean"":3.757453632054674}","{""count"":175,""min"":24.63211323302469,""p50"":61.43216338734568,""p95"":121.31781095679005,""max"":156.7229359567901,""mean"":64.68292775022046}",diagnostic_only_no_threshold_or_acceptance
Subject.3/Walk/WalkS3.avi,3,174,2,3,"{""count"":174,""min"":3.152487461419753,""p50"":3.946241801697531,""p95"":4.90653443287037,""max"":5.188466435185185,""mean"":4.041951001977792}","{""count"":174,""min"":30.32236014660494,""p50"":77.53839554398148,""p95"":153.38478838734568,""max"":188.7372829861111,""mean"":82.81232761392258}",diagnostic_only_no_threshold_or_acceptance
Subject.4/Fall backwards/FallBackwardsS4.avi,-3,189,3,4,"{""count"":189,""min"":2.7058526234567903,""p50"":3.1780131172839505,""p95"":4.313169174382716,""max"":6.038062307098765,""mean"":3.3564965461493244}","{""count"":189,""min"":12.646112075617284,""p50"":38.92771990740741,""p95"":115.02154687499998,""max"":227.1064805169753,""mean"":47.21923566202887}",diagnostic_only_no_threshold_or_acceptance
Subject.4/Fall backwards/FallBackwardsS4.avi,-2,190,2,3,"{""count"":190,""min"":2.6773456790123458,""p50"":3.1152247299382716,""p95"":4.021184895833333,""max"":5.942613811728395,""mean"":3.2275125944200775}","{""count"":190,""min"":12.332081404320988,""p50"":28.926142939814817,""p95"":92.4556339216821,""max"":222.12627121913582,""mean"":37.872704683438926}",diagnostic_only_no_threshold_or_acceptance
Subject.4/Fall backwards/FallBackwardsS4.avi,-1,191,1,2,"{""count"":191,""min"":2.6659529320987656,""p50"":3.0094974922839506,""p95"":3.6195437885802466,""max"":5.803016975308642,""mean"":3.0712636747786175}","{""count"":191,""min"":12.42429012345679,""p50"":19.54379050925926,""p95"":59.798361304012346,""max"":212.51706983024692,""mean"":27.111043060403333}",diagnostic_only_no_threshold_or_acceptance
Subject.4/Fall backwards/FallBackwardsS4.avi,0,192,0,1,"{""count"":192,""min"":2.6397472993827162,""p50"":2.830995852623457,""p95"":3.01143359375,""max"":3.4923659336419752,""mean"":2.8389215715824334}","{""count"":192,""min"":11.796822916666667,""p50"":13.232731481481482,""p95"":15.231782841435184,""max"":22.176659915123455,""mean"":13.394950508777008}",diagnostic_only_no_threshold_or_acceptance
Subject.4/Fall backwards/FallBackwardsS4.avi,1,192,0,1,"{""count"":192,""min"":2.5973939043209877,""p50"":3.1112967785493826,""p95"":3.802298369984568,""max"":7.260088734567901,""mean"":3.1441278955279066}","{""count"":192,""min"":12.181799768518518,""p50"":20.862530381944445,""p95"":60.198823254243806,""max"":231.22721450617283,""mean"":27.928013298128857}",diagnostic_only_no_threshold_or_acceptance
Subject.4/Fall backwards/FallBackwardsS4.avi,2,191,1,2,"{""count"":191,""min"":2.55834587191358,""p50"":3.353179012345679,""p95"":4.315759548611111,""max"":7.5221961805555555,""mean"":3.3565037307704744}","{""count"":191,""min"":11.813531057098766,""p50"":30.46453221450617,""p95"":94.67518229166666,""max"":241.71151331018518,""mean"":39.179774962025725}",diagnostic_only_no_threshold_or_acceptance
Subject.4/Fall backwards/FallBackwardsS4.avi,3,190,2,3,"{""count"":190,""min"":2.5311979166666667,""p50"":3.6165596064814816,""p95"":4.7089823977623455,""max"":7.665072337962963,""mean"":3.534268599740091}","{""count"":190,""min"":11.684631558641975,""p50"":41.82899787808642,""p95"":116.17084182098763,""max"":247.207734375,""mean"":48.919928667154}",diagnostic_only_no_threshold_or_acceptance
Subject.4/Fall forward/FallForwardS4.avi,-3,165,3,4,"{""count"":165,""min"":2.7302797067901237,""p50"":3.2123726851851853,""p95"":4.439516975308641,""max"":4.879613233024691,""mean"":3.293565890385335}","{""count"":165,""min"":12.410474537037038,""p50"":32.19016010802469,""p95"":112.85957349537037,""max"":132.70036651234568,""mean"":40.78094494715676}",diagnostic_only_no_threshold_or_acceptance
Subject.4/Fall forward/FallForwardS4.avi,-2,166,2,3,"{""count"":166,""min"":2.7161265432098767,""p50"":3.076873070987654,""p95"":4.118932773919753,""max"":4.7485127314814815,""mean"":3.177152841690837}","{""count"":166,""min"":12.37119888117284,""p50"":24.993092206790124,""p95"":90.77229986496914,""max"":107.49296682098766,""mean"":32.625129714459696}",diagnostic_only_no_threshold_or_acceptance
Subject.4/Fall forward/FallForwardS4.avi,-1,167,1,2,"{""count"":167,""min"":2.735358796296296,""p50"":2.957050540123457,""p95"":3.5185570023148145,""max"":4.59267650462963,""mean"":3.038385139443336}","{""count"":167,""min"":12.567860725308641,""p50"":17.763032407407408,""p95"":55.707068094135785,""max"":97.10016107253087,""mean"":23.481204570026616}",diagnostic_only_no_threshold_or_acceptance
Subject.4/Fall forward/FallForwardS4.avi,0,168,0,1,"{""count"":168,""min"":2.7430420524691357,""p50"":2.8475245949074077,""p95"":2.970125434027778,""max"":3.5528472222222223,""mean"":2.8634370062646974}","{""count"":168,""min"":12.40623649691358,""p50"":13.467753665123457,""p95"":14.885445119598767,""max"":23.018217592592592,""mean"":13.633177163708849}",diagnostic_only_no_threshold_or_acceptance
Subject.4/Fall forward/FallForwardS4.avi,1,168,0,1,"{""count"":168,""min"":2.766520061728395,""p50"":3.0239848572530867,""p95"":3.56395915316358,""max"":4.209170524691358,""mean"":3.101878054269547}","{""count"":168,""min"":12.794178240740742,""p50"":18.560631269290123,""p95"":54.455895688657414,""max"":93.72403163580248,""mean"":24.152520116843032}",diagnostic_only_no_threshold_or_acceptance
Subject.4/Fall forward/FallForwardS4.avi,2,167,1,2,"{""count"":167,""min"":2.7627382330246912,""p50"":3.180122492283951,""p95"":4.178802083333333,""max"":4.337796103395061,""mean"":3.2859260587621053}","{""count"":167,""min"":12.830269097222223,""p50"":25.984009452160493,""p95"":90.9317305169753,""max"":104.54357735339507,""mean"":33.6606154646725}",diagnostic_only_no_threshold_or_acceptance
Subject.4/Fall forward/FallForwardS4.avi,3,166,2,3,"{""count"":166,""min"":2.7537663966049384,""p50"":3.3263329475308643,""p95"":4.498857783564815,""max"":4.724339313271605,""mean"":3.441681755959021}","{""count"":166,""min"":12.800589313271605,""p50"":32.83224874614198,""p95"":112.2848369984568,""max"":128.94632233796295,""mean"":42.08759267974676}",diagnostic_only_no_threshold_or_acceptance
Subject.4/Fall left/FallLeftS4.avi,-3,159,3,4,"{""count"":159,""min"":2.694429012345679,""p50"":3.2927498070987653,""p95"":4.972361786265433,""max"":6.138925540123457,""mean"":3.6237511950170824}","{""count"":159,""min"":12.898672839506172,""p50"":37.49276716820987,""p95"":183.47264207175922,""max"":291.3015528549383,""mean"":72.29007632944133}",diagnostic_only_no_threshold_or_acceptance
Subject.4/Fall left/FallLeftS4.avi,-2,160,2,3,"{""count"":160,""min"":2.6558449074074075,""p50"":3.2040899884259257,""p95"":4.554658468364196,""max"":6.079619984567901,""mean"":3.44207347728588}","{""count"":160,""min"":12.378429783950617,""p50"":31.895015432098766,""p95"":149.10495814043196,""max"":287.9050617283951,""mean"":57.594433997636955}",diagnostic_only_no_threshold_or_acceptance
Subject.4/Fall left/FallLeftS4.avi,-1,161,1,2,"{""count"":161,""min"":2.639532214506173,""p50"":3.0393171296296297,""p95"":3.9964081790123456,""max"":5.972348572530864,""mean"":3.204022362165478}","{""count"":161,""min"":12.229264081790124,""p50"":20.900551697530865,""p95"":101.46726273148148,""max"":281.31250096450617,""mean"":38.26572311603788}",diagnostic_only_no_threshold_or_acceptance
Subject.4/Fall left/FallLeftS4.avi,0,162,0,1,"{""count"":162,""min"":2.639735725308642,""p50"":2.8132634066358024,""p95"":3.0417913290895062,""max"":3.517902199074074,""mean"":2.8370485098975005}","{""count"":162,""min"":11.949147376543209,""p50"":13.145038097993828,""p95"":15.554094521604938,""max"":22.353031442901234,""mean"":13.439756688433546}",diagnostic_only_no_threshold_or_acceptance
Subject.4/Fall left/FallLeftS4.avi,1,162,0,1,"{""count"":162,""min"":2.6304909336419753,""p50"":3.084688464506173,""p95"":4.086829041280864,""max"":7.873782793209877,""mean"":3.2613146397748056}","{""count"":162,""min"":12.162823109567901,""p50"":21.649521122685186,""p95"":101.85808675733018,""max"":294.9950752314815,""mean"":38.97996993955761}",diagnostic_only_no_threshold_or_acceptance
Subject.4/Fall left/FallLeftS4.avi,2,161,1,2,"{""count"":161,""min"":2.6021084104938272,""p50"":3.246792052469136,""p95"":4.637568479938271,""max"":8.113218557098765,""mean"":3.5390133461295146}","{""count"":161,""min"":12.577505787037037,""p50"":33.782342785493825,""p95"":148.1427025462963,""max"":303.4821884645062,""mean"":58.78349481323327}",diagnostic_only_no_threshold_or_acceptance
Subject.4/Fall left/FallLeftS4.avi,3,160,2,3,"{""count"":160,""min"":2.58123649691358,""p50"":3.350370852623457,""p95"":5.20304470486111,""max"":8.266493055555555,""mean"":3.7504738257137347}","{""count"":160,""min"":12.877446952160494,""p50"":40.525706500771605,""p95"":185.50167563657405,""max"":308.93374035493827,""mean"":73.79055438609181}",diagnostic_only_no_threshold_or_acceptance
Subject.4/Fall right/FallRightS4.avi,-3,147,3,4,"{""count"":147,""min"":2.7001533564814815,""p50"":3.763730709876543,""p95"":5.811487557870367,""max"":6.262407407407407,""mean"":3.839545809450324}","{""count"":147,""min"":12.35019386574074,""p50"":62.731062885802466,""p95"":217.54489477237647,""max"":334.71926697530864,""mean"":78.80623309161628}",diagnostic_only_no_threshold_or_acceptance
Subject.4/Fall right/FallRightS4.avi,-2,148,2,3,"{""count"":148,""min"":2.6840345293209875,""p50"":3.4743822337962964,""p95"":4.961208719135803,""max"":5.816615547839506,""mean"":3.586361270124291}","{""count"":148,""min"":12.170523726851853,""p50"":45.00858362268519,""p95"":172.0927608989198,""max"":292.85229456018516,""mean"":60.99093935080915}",diagnostic_only_no_threshold_or_acceptance
Subject.4/Fall right/FallRightS4.avi,-1,149,1,2,"{""count"":149,""min"":2.665942322530864,""p50"":3.13100887345679,""p95"":4.151573688271604,""max"":5.145097415123457,""mean"":3.2720619329480485}","{""count"":149,""min"":12.022992862654322,""p50"":26.03748263888889,""p95"":99.61476929012343,""max"":233.21044945987654,""mean"":39.48392419369873}",diagnostic_only_no_threshold_or_acceptance
Subject.4/Fall right/FallRightS4.avi,0,150,0,1,"{""count"":150,""min"":2.656453510802469,""p50"":2.7993229166666667,""p95"":3.0242828896604936,""max"":3.487156635802469,""mean"":2.8210459362139915}","{""count"":150,""min"":11.948170331790124,""p50"":13.034191261574074,""p95"":15.415989004629628,""max"":21.846003086419753,""mean"":13.300870190329219}",diagnostic_only_no_threshold_or_acceptance
Subject.4/Fall right/FallRightS4.avi,1,150,0,1,"{""count"":150,""min"":2.5716319444444444,""p50"":3.114189814814815,""p95"":4.359967930169751,""max"":5.382220293209876,""mean"":3.3070088670267492}","{""count"":150,""min"":11.529538966049383,""p50"":27.346667631172842,""p95"":100.07263016010796,""max"":242.35598476080247,""mean"":40.140007349537036}",diagnostic_only_no_threshold_or_acceptance
Subject.4/Fall right/FallRightS4.avi,2,149,1,2,"{""count"":149,""min"":2.576226851851852,""p50"":3.4308641975308642,""p95"":5.42815586419753,""max"":6.127798032407408,""mean"":3.630761183093048}","{""count"":149,""min"":11.580989583333333,""p50"":46.777502893518516,""p95"":174.64926446759253,""max"":306.88073784722224,""mean"":61.90489364539316}",diagnostic_only_no_threshold_or_acceptance
Subject.4/Fall right/FallRightS4.avi,3,148,2,3,"{""count"":148,""min"":2.5579899691358023,""p50"":3.6364433834876544,""p95"":6.0754457947530875,""max"":6.658575424382716,""mean"":3.884396062729396}","{""count"":148,""min"":11.48333526234568,""p50"":64.74266685956789,""p95"":224.89870129243837,""max"":351.8965923996914,""mean"":79.87016957061228}",diagnostic_only_no_threshold_or_acceptance
Subject.4/Fall sitting/FallSittingS4.avi,-3,195,3,4,"{""count"":195,""min"":2.4390885416666666,""p50"":3.291521990740741,""p95"":5.373214120370363,""max"":6.4792930169753085,""mean"":3.40900650918012}","{""count"":195,""min"":10.316459297839506,""p50"":35.269183063271605,""p95"":292.00312692901144,""max"":448.1203096064815,""mean"":63.68758396644507}",diagnostic_only_no_threshold_or_acceptance
Subject.4/Fall sitting/FallSittingS4.avi,-2,196,2,3,"{""count"":196,""min"":2.559169560185185,""p50"":3.1374937307098767,""p95"":4.7394282889660495,""max"":6.078100887345679,""mean"":3.2693144969214543}","{""count"":196,""min"":11.210840084876542,""p50"":27.421715374228395,""p95"":200.34953390239198,""max"":403.1329639274691,""mean"":50.06908742461105}",diagnostic_only_no_threshold_or_acceptance
Subject.4/Fall sitting/FallSittingS4.avi,-1,197,1,2,"{""count"":197,""min"":2.649651813271605,""p50"":2.9822087191358024,""p95"":4.063534722222221,""max"":5.404516782407407,""mean"":3.0938874200977633}","{""count"":197,""min"":11.841144868827161,""p50"":19.433046875,""p95"":130.30748032407394,""max"":318.89474247685183,""mean"":33.36489190676506}",diagnostic_only_no_threshold_or_acceptance
Subject.4/Fall sitting/FallSittingS4.avi,0,198,0,1,"{""count"":198,""min"":2.6812037037037038,""p50"":2.838957851080247,""p95"":3.013980324074074,""max"":3.4867640817901235,""mean"":2.849064604377104}","{""count"":198,""min"":12.080946180555555,""p50"":13.43956886574074,""p95"":14.922573350694442,""max"":21.909067322530863,""mean"":13.511002433673152}",diagnostic_only_no_threshold_or_acceptance
Subject.4/Fall sitting/FallSittingS4.avi,1,198,0,1,"{""count"":198,""min"":2.770557484567901,""p50"":3.0514081790123457,""p95"":4.1902369309413565,""max"":5.770152391975309,""mean"":3.1740908165372868}","{""count"":198,""min"":12.672010030864197,""p50"":20.042994791666665,""p95"":133.53014935378062,""max"":324.14983603395063,""mean"":34.37853283510257}",diagnostic_only_no_threshold_or_acceptance
Subject.4/Fall sitting/FallSittingS4.avi,2,197,1,2,"{""count"":197,""min"":2.796141010802469,""p50"":3.202879050925926,""p95"":5.200767939814814,""max"":6.280298032407408,""mean"":3.4058356736071946}","{""count"":197,""min"":12.938307291666666,""p50"":29.432042824074074,""p95"":202.52322916666645,""max"":409.9590518904321,""mean"":51.79484253579934}",diagnostic_only_no_threshold_or_acceptance
Subject.4/Fall sitting/FallSittingS4.avi,3,196,2,3,"{""count"":196,""min"":2.8155555555555556,""p50"":3.3200491898148146,""p95"":5.901458333333334,""max"":6.726668595679012,""mean"":3.594961365622638}","{""count"":196,""min"":13.147532793209876,""p50"":36.228668981481476,""p95"":292.8340858892747,""max"":452.98055169753087,""mean"":66.01157950188177}",diagnostic_only_no_threshold_or_acceptance
Subject.4/Hop/HopS4.avi,-3,141,3,4,"{""count"":141,""min"":3.2835136959876543,""p50"":4.405412808641976,""p95"":5.86930362654321,""max"":6.391464120370371,""mean"":4.436266396604938}","{""count"":141,""min"":28.60118923611111,""p50"":119.64297453703703,""p95"":272.5332658179012,""max"":301.488236882716,""mean"":127.31521130893752}",diagnostic_only_no_threshold_or_acceptance
Subject.4/Hop/HopS4.avi,-2,142,2,3,"{""count"":142,""min"":3.0315586419753084,""p50"":4.0017848186728395,""p95"":5.255342447916666,""max"":5.9490798611111115,""mean"":4.0787173698052515}","{""count"":142,""min"":21.642094907407408,""p50"":93.62816984953703,""p95"":199.9461991222994,""max"":256.59727816358026,""mean"":99.86416210224309}",diagnostic_only_no_threshold_or_acceptance
Subject.4/Hop/HopS4.avi,-1,143,1,2,"{""count"":143,""min"":2.910881558641975,""p50"":3.515450424382716,""p95"":4.395685763888889,""max"":5.254087577160494,""mean"":3.6171579442933606}","{""count"":143,""min"":16.642949459876544,""p50"":57.39337962962963,""p95"":128.1644110725309,""max"":202.98191550925927,""mean"":65.22023463804715}",diagnostic_only_no_threshold_or_acceptance
Subject.4/Hop/HopS4.avi,0,144,0,1,"{""count"":144,""min"":2.729975887345679,""p50"":2.8126316550925923,""p95"":2.94980502507716,""max"":3.5504706790123457,""mean"":2.828340459962277}","{""count"":144,""min"":12.320546875,""p50"":13.25235725308642,""p95"":14.896101321373456,""max"":22.691167052469137,""mean"":13.427181190522118}",diagnostic_only_no_threshold_or_acceptance
Subject.4/Hop/HopS4.avi,1,144,0,1,"{""count"":144,""min"":2.9154070216049384,""p50"":3.5211429398148146,""p95"":4.404435136959877,""max"":5.302541473765432,""mean"":3.639035272794496}","{""count"":144,""min"":17.024141589506172,""p50"":57.52289014274692,""p95"":128.00819888117283,""max"":203.89859471450617,""mean"":65.95504480265133}",diagnostic_only_no_threshold_or_acceptance
Subject.4/Hop/HopS4.avi,2,143,1,2,"{""count"":143,""min"":3.005100308641975,""p50"":4.030244020061728,""p95"":5.4120339506172845,""max"":5.9999768518518515,""mean"":4.123091687440645}","{""count"":143,""min"":21.865524691358026,""p50"":95.91770158179013,""p95"":211.8315783179013,""max"":259.85023919753087,""mean"":101.43177703180308}",diagnostic_only_no_threshold_or_acceptance
Subject.4/Hop/HopS4.avi,3,142,2,3,"{""count"":142,""min"":3.231639660493827,""p50"":4.398709490740741,""p95"":6.22205502507716,""max"":6.490762924382716,""mean"":4.495122465114763}","{""count"":142,""min"":29.25888310185185,""p50"":119.74788773148148,""p95"":280.3098424961419,""max"":304.04101369598766,""mean"":129.33673338060774}",diagnostic_only_no_threshold_or_acceptance
Subject.4/Kneel/KneelS4.avi,-3,219,3,4,"{""count"":219,""min"":2.8543287037037035,""p50"":3.501815200617284,""p95"":5.116337191358024,""max"":6.594513888888889,""mean"":3.705123267412199}","{""count"":219,""min"":13.62570987654321,""p50"":63.39636766975308,""p95"":162.48296932870366,""max"":258.81963155864196,""mean"":75.14128092145133}",diagnostic_only_no_threshold_or_acceptance
Subject.4/Kneel/KneelS4.avi,-2,220,2,3,"{""count"":220,""min"":2.7663049768518517,""p50"":3.355822241512346,""p95"":4.569912663966047,""max"":6.504852430555555,""mean"":3.504914772727273}","{""count"":220,""min"":13.081384066358025,""p50"":50.30451533564815,""p95"":136.7020386284722,""max"":255.8784731867284,""mean"":60.62938316322951}",diagnostic_only_no_threshold_or_acceptance
Subject.4/Kneel/KneelS4.avi,-1,221,1,2,"{""count"":221,""min"":2.634494598765432,""p50"":3.1550270061728396,""p95"":3.9586284722222222,""max"":6.315280671296296,""mean"":3.245564432503771}","{""count"":221,""min"":11.842820216049383,""p50"":34.30020158179013,""p95"":90.91173996913581,""max"":243.8315518904321,""mean"":41.21900180157534}",diagnostic_only_no_threshold_or_acceptance
Subject.4/Kneel/KneelS4.avi,0,222,0,1,"{""count"":222,""min"":2.615831404320988,""p50"":2.819164737654321,""p95"":2.9472749807098766,""max"":3.550127314814815,""mean"":2.810729357830052}","{""count"":222,""min"":11.552521219135803,""p50"":13.058823784722222,""p95"":14.388860966435185,""max"":22.663443287037037,""mean"":13.120491785187966}",diagnostic_only_no_threshold_or_acceptance
Subject.4/Kneel/KneelS4.avi,1,222,0,1,"{""count"":222,""min"":2.5330430169753084,""p50"":3.1999006558641976,""p95"":3.8489921392746913,""max"":5.999139660493827,""mean"":3.2450700700700703}","{""count"":222,""min"":11.464443479938272,""p50"":34.52912808641975,""p95"":90.35910021219135,""max"":242.5872550154321,""mean"":41.72329090375098}",diagnostic_only_no_threshold_or_acceptance
Subject.4/Kneel/KneelS4.avi,2,221,1,2,"{""count"":221,""min"":2.456081211419753,""p50"":3.366304976851852,""p95"":4.391515239197531,""max"":6.167860725308642,""mean"":3.4934028083277475}","{""count"":221,""min"":11.647945601851852,""p50"":50.73087287808642,""p95"":137.5804899691358,""max"":254.20584683641977,""mean"":61.496558812182286}",diagnostic_only_no_threshold_or_acceptance
Subject.4/Kneel/KneelS4.avi,3,220,2,3,"{""count"":220,""min"":2.382530864197531,""p50"":3.5516102430555554,""p95"":4.951164351851851,""max"":6.248971836419753,""mean"":3.6761785914702583}","{""count"":220,""min"":11.350453317901234,""p50"":64.81659722222223,""p95"":170.27778510802432,""max"":257.0981847993827,""mean"":76.0129637345679}",diagnostic_only_no_threshold_or_acceptance
Subject.4/Pick up object/PickupobjectS4.avi,-3,176,3,4,"{""count"":176,""min"":1.9312287808641975,""p50"":2.631707658179012,""p95"":3.3653959297839506,""max"":3.7053395061728396,""mean"":2.6403892933238637}","{""count"":176,""min"":8.412563657407407,""p50"":47.11863136574074,""p95"":112.00513744212964,""max"":133.2344347993827,""mean"":51.169651643387006}",diagnostic_only_no_threshold_or_acceptance
Subject.4/Pick up object/PickupobjectS4.avi,-2,177,2,3,"{""count"":177,""min"":1.9312287808641975,""p50"":2.3787393904320986,""p95"":3.152982831790123,""max"":3.464421296296296,""mean"":2.4495186405803167}","{""count"":177,""min"":8.412563657407407,""p50"":30.329403935185184,""p95"":89.89687326388889,""max"":120.6328481867284,""mean"":37.328521428384605}",diagnostic_only_no_threshold_or_acceptance
Subject.4/Pick up object/PickupobjectS4.avi,-1,178,1,2,"{""count"":178,""min"":1.915595100308642,""p50"":2.149829764660494,""p95"":2.7316328125,""max"":3.1270765817901234,""mean"":2.223317895815994}","{""count"":178,""min"":8.249603587962962,""p50"":15.703657407407407,""p95"":55.78027064043211,""max"":89.79477334104938,""mean"":23.13477822318456}",diagnostic_only_no_threshold_or_acceptance
Subject.4/Pick up object/PickupobjectS4.avi,0,179,0,1,"{""count"":179,""min"":1.8849826388888888,""p50"":1.9538618827160494,""p95"":2.0445897955246912,""max"":2.2275270061728394,""mean"":1.962133067366715}","{""count"":179,""min"":7.989452160493827,""p50"":8.702521219135802,""p95"":9.749625868055556,""max"":11.897447916666666,""mean"":8.776175081040073}",diagnostic_only_no_threshold_or_acceptance
Subject.4/Pick up object/PickupobjectS4.avi,1,179,0,1,"{""count"":179,""min"":1.8956684027777777,""p50"":2.2108227237654323,""p95"":2.706825520833333,""max"":3.0916493055555554,""mean"":2.247804293615077}","{""count"":179,""min"":8.102473958333333,""p50"":16.503039158950617,""p95"":55.65291599151234,""max"":90.34549189814815,""mean"":23.463585381966}",diagnostic_only_no_threshold_or_acceptance
Subject.4/Pick up object/PickupobjectS4.avi,2,178,1,2,"{""count"":178,""min"":1.9303732638888889,""p50"":2.4267727623456787,""p95"":3.1737022087191358,""max"":3.42358699845679,""mean"":2.4924978650818423}","{""count"":178,""min"":8.408849344135803,""p50"":30.82253086419753,""p95"":90.38338826195988,""max"":120.73628279320988,""mean"":37.86875442155639}",diagnostic_only_no_threshold_or_acceptance
Subject.4/Pick up object/PickupobjectS4.avi,3,177,2,3,"{""count"":177,""min"":1.9303732638888889,""p50"":2.654277584876543,""p95"":3.399326581790123,""max"":3.616418788580247,""mean"":2.697152685141592}","{""count"":177,""min"":8.408849344135803,""p50"":48.23871527777778,""p95"":112.26262037037036,""max"":133.7133805941358,""mean"":51.83463123713992}",diagnostic_only_no_threshold_or_acceptance
Subject.4/Sit down/SitDownS4.avi,-3,196,3,4,"{""count"":196,""min"":2.817699652777778,""p50"":4.083777488425926,""p95"":7.23087962962963,""max"":7.70832175925926,""mean"":4.354473979985513}","{""count"":196,""min"":13.421156442901234,""p50"":117.07238136574074,""p95"":433.5887839988426,""max"":491.45574749228393,""mean"":146.47831474198475}",diagnostic_only_no_threshold_or_acceptance
Subject.4/Sit down/SitDownS4.avi,-2,197,2,3,"{""count"":197,""min"":2.7970707947530866,""p50"":3.7756857638888888,""p95"":6.3275268132716045,""max"":7.499349922839506,""mean"":3.998999944185937}","{""count"":197,""min"":13.093137538580248,""p50"":90.61122010030864,""p95"":361.5746983024691,""max"":455.5335860339506,""mean"":112.72691284095538}",diagnostic_only_no_threshold_or_acceptance
Subject.4/Sit down/SitDownS4.avi,-1,198,1,2,"{""count"":198,""min"":2.704945023148148,""p50"":3.387857349537037,""p95"":5.234565586419753,""max"":7.178130787037037,""mean"":3.55297557461186}","{""count"":198,""min"":12.34903838734568,""p50"":53.040841531635806,""p95"":236.1503036747685,""max"":406.559944058642,""mean"":70.90955530907064}",diagnostic_only_no_threshold_or_acceptance
Subject.4/Sit down/SitDownS4.avi,0,199,0,1,"{""count"":199,""min"":2.60178337191358,""p50"":2.838172260802469,""p95"":2.9928856095679013,""max"":3.5231153549382714,""mean"":2.8322465917550717}","{""count"":199,""min"":11.522801890432099,""p50"":13.332797067901234,""p95"":14.98638136574074,""max"":22.29293788580247,""mean"":13.365739063760158}",diagnostic_only_no_threshold_or_acceptance
Subject.4/Sit down/SitDownS4.avi,1,199,0,1,"{""count"":199,""min"":2.464818672839506,""p50"":3.4552787422839506,""p95"":5.386267264660493,""max"":8.088183834876544,""mean"":3.58983832162355}","{""count"":199,""min"":11.185035686728394,""p50"":54.19317322530864,""p95"":235.95549826388887,""max"":422.513828125,""mean"":71.46049319708108}",diagnostic_only_no_threshold_or_acceptance
Subject.4/Sit down/SitDownS4.avi,2,198,1,2,"{""count"":198,""min"":2.402920524691358,""p50"":3.8692264660493825,""p95"":6.6134988908178975,""max"":8.468249421296296,""mean"":4.055705726243921}","{""count"":198,""min"":10.814307484567902,""p50"":91.51728877314815,""p95"":363.2838351658949,""max"":471.4095495756173,""mean"":113.47851810933409}",diagnostic_only_no_threshold_or_acceptance
Subject.4/Sit down/SitDownS4.avi,3,197,2,3,"{""count"":197,""min"":2.325726273148148,""p50"":4.2951070601851855,""p95"":7.596749999999998,""max"":8.669282407407408,""mean"":4.422039450750455}","{""count"":197,""min"":10.632943672839506,""p50"":119.63005787037036,""p95"":440.0587353395061,""max"":498.8900887345679,""mean"":147.32576503944193}",diagnostic_only_no_threshold_or_acceptance
Subject.4/Walk/WalkS4.avi,-3,237,3,4,"{""count"":237,""min"":3.008552276234568,""p50"":4.077473958333333,""p95"":5.213021026234568,""max"":5.53666087962963,""mean"":4.131251729599677}","{""count"":237,""min"":23.751821952160494,""p50"":90.95508005401234,""p95"":202.4295347222222,""max"":228.0867891589506,""mean"":100.00434622353102}",diagnostic_only_no_threshold_or_acceptance
Subject.4/Walk/WalkS4.avi,-2,238,2,3,"{""count"":238,""min"":2.900554591049383,""p50"":3.736910686728395,""p95"":4.767849585262345,""max"":5.260536265432099,""mean"":3.827058584429142}","{""count"":238,""min"":18.35385898919753,""p50"":68.06613136574074,""p95"":161.092940007716,""max"":198.41649691358026,""mean"":77.83739268450435}",diagnostic_only_no_threshold_or_acceptance
Subject.4/Walk/WalkS4.avi,-1,239,1,2,"{""count"":239,""min"":2.8284934413580247,""p50"":3.391826774691358,""p95"":4.137146701388889,""max"":5.0131221064814815,""mean"":3.444296875}","{""count"":239,""min"":15.089216820987655,""p50"":44.668058449074074,""p95"":105.05936033950614,""max"":147.62279031635802,""mean"":50.048391264237566}",diagnostic_only_no_threshold_or_acceptance
Subject.4/Walk/WalkS4.avi,0,240,0,1,"{""count"":240,""min"":2.7264101080246914,""p50"":2.8284538966049384,""p95"":2.97952377507716,""max"":3.5391068672839507,""mean"":2.8456450376157405}","{""count"":240,""min"":12.224579475308643,""p50"":13.330841531635802,""p95"":14.821954619984563,""max"":22.680796682098766,""mean"":13.498540420846194}",diagnostic_only_no_threshold_or_acceptance
Subject.4/Walk/WalkS4.avi,1,240,0,1,"{""count"":240,""min"":2.8261197916666667,""p50"":3.4237012924382713,""p95"":4.221114535108025,""max"":5.03962962962963,""mean"":3.4724999276620374}","{""count"":240,""min"":15.30358699845679,""p50"":45.150094039351856,""p95"":105.73136955054008,""max"":148.62196469907408,""mean"":50.57708447466564}",diagnostic_only_no_threshold_or_acceptance
Subject.4/Walk/WalkS4.avi,2,239,1,2,"{""count"":239,""min"":2.893353587962963,""p50"":3.7783323688271606,""p95"":4.80242399691358,""max"":5.28046875,""mean"":3.874606311986673}","{""count"":239,""min"":18.478700810185185,""p50"":69.28382040895062,""p95"":162.07415162037037,""max"":199.71151041666667,""mean"":78.59544240566403}",diagnostic_only_no_threshold_or_acceptance
Subject.4/Walk/WalkS4.avi,3,238,2,3,"{""count"":238,""min"":2.9865625,""p50"":4.0632383294753085,""p95"":5.266691936728395,""max"":5.407141203703704,""mean"":4.193441520126569}","{""count"":238,""min"":23.521417824074074,""p50"":91.6705044367284,""p95"":201.8425239679784,""max"":228.9830285493827,""mean"":100.85228622814869}",diagnostic_only_no_threshold_or_acceptance
Subject.8/Fall backwards/FallBackwardsS8.avi,-3,209,3,4,"{""count"":209,""min"":2.5981597222222224,""p50"":2.86249324845679,""p95"":3.240859375,""max"":3.414213927469136,""mean"":2.9051979545085356}","{""count"":209,""min"":11.609801311728395,""p50"":20.89125964506173,""p95"":39.6377662037037,""max"":50.976036844135805,""mean"":22.899116443122747}",diagnostic_only_no_threshold_or_acceptance
Subject.8/Fall backwards/FallBackwardsS8.avi,-2,210,2,3,"{""count"":210,""min"":2.587687114197531,""p50"":2.7842640817901234,""p95"":3.0897221257716043,""max"":3.2771498842592592,""mean"":2.820456431878307}","{""count"":210,""min"":11.154353780864197,""p50"":17.140926890432098,""p95"":30.66548316936726,""max"":43.52514949845679,""mean"":18.723886583259848}",diagnostic_only_no_threshold_or_acceptance
Subject.8/Fall backwards/FallBackwardsS8.avi,-1,211,1,2,"{""count"":211,""min"":2.5619733796296296,""p50"":2.7135175540123457,""p95"":2.8912090084876545,""max"":3.110806327160494,""mean"":2.7240901644140187}","{""count"":211,""min"":10.409809027777778,""p50"":13.19345775462963,""p95"":21.438114390432098,""max"":33.175569058641976,""mean"":14.29636160844889}",diagnostic_only_no_threshold_or_acceptance
Subject.8/Fall backwards/FallBackwardsS8.avi,0,212,0,1,"{""count"":212,""min"":2.5382860725308642,""p50"":2.6170423418209876,""p95"":2.656954234182099,""max"":2.6835802469135803,""mean"":2.615159016130911}","{""count"":212,""min"":9.822097800925926,""p50"":10.465401234567901,""p95"":10.816616657021605,""max"":11.087895447530864,""mean"":10.444185647420218}",diagnostic_only_no_threshold_or_acceptance
Subject.8/Fall backwards/FallBackwardsS8.avi,1,212,0,1,"{""count"":212,""min"":2.5807079475308643,""p50"":2.722781635802469,""p95"":2.888590808256173,""max"":3.059121334876543,""mean"":2.732145466639005}","{""count"":212,""min"":10.666128472222223,""p50"":13.34695987654321,""p95"":21.427723620756172,""max"":32.26813368055556,""mean"":14.413867073761065}",diagnostic_only_no_threshold_or_acceptance
Subject.8/Fall backwards/FallBackwardsS8.avi,2,211,1,2,"{""count"":211,""min"":2.592691936728395,""p50"":2.8132783564814816,""p95"":3.086177662037037,""max"":3.242326388888889,""mean"":2.83189223769089}","{""count"":211,""min"":10.992724729938272,""p50"":17.237799961419753,""p95"":30.624788773148147,""max"":42.356242283950614,""mean"":18.83337615100784}",diagnostic_only_no_threshold_or_acceptance
Subject.8/Fall backwards/FallBackwardsS8.avi,3,210,2,3,"{""count"":210,""min"":2.6306577932098767,""p50"":2.889894386574074,""p95"":3.2403428819444438,""max"":3.3712770061728397,""mean"":2.9188334389697235}","{""count"":210,""min"":11.856805555555555,""p50"":21.290073784722225,""p95"":39.14975236304012,""max"":49.3888599537037,""mean"":22.988101498199587}",diagnostic_only_no_threshold_or_acceptance
Subject.8/Fall forward/FallForwardS8.avi,-3,119,3,4,"{""count"":119,""min"":2.6796547067901235,""p50"":2.8266849922839508,""p95"":3.2307804783950616,""max"":3.404206211419753,""mean"":2.8854142351384997}","{""count"":119,""min"":13.069646990740742,""p50"":17.824347029320986,""p95"":40.00646749614195,""max"":53.21976176697531,""mean"":21.721634586705054}",diagnostic_only_no_threshold_or_acceptance
Subject.8/Fall forward/FallForwardS8.avi,-2,120,2,3,"{""count"":120,""min"":2.6166377314814815,""p50"":2.7458912037037035,""p95"":3.0700800540123456,""max"":3.2594936342592593,""mean"":2.807958453896605}","{""count"":120,""min"":11.317200038580246,""p50"":14.88555217978395,""p95"":31.57797858796296,""max"":45.143046875,""mean"":18.047668491190848}",diagnostic_only_no_threshold_or_acceptance
Subject.8/Fall forward/FallForwardS8.avi,-1,121,1,2,"{""count"":121,""min"":2.5873572530864197,""p50"":2.688107638888889,""p95"":2.9132127700617283,""max"":3.090636574074074,""mean"":2.716217509692888}","{""count"":121,""min"":10.732756558641976,""p50"":12.222502893518518,""p95"":21.52639949845679,""max"":34.64926697530864,""mean"":13.871533947428833}",diagnostic_only_no_threshold_or_acceptance
Subject.8/Fall forward/FallForwardS8.avi,0,122,0,1,"{""count"":122,""min"":2.5285706018518517,""p50"":2.616180073302469,""p95"":2.655876302083333,""max"":2.687132523148148,""mean"":2.6145112641671724}","{""count"":122,""min"":9.701421682098765,""p50"":10.453636188271606,""p95"":10.803941406249999,""max"":11.177742091049383,""mean"":10.444184944849221}",diagnostic_only_no_threshold_or_acceptance
Subject.8/Fall forward/FallForwardS8.avi,1,122,0,1,"{""count"":122,""min"":2.5625954861111113,""p50"":2.6992216435185186,""p95"":2.8979103491512346,""max"":3.0389573688271603,""mean"":2.7180509622925517}","{""count"":122,""min"":10.599946952160494,""p50"":12.479170524691359,""p95"":21.593380304783945,""max"":32.96209008487654,""mean"":13.920874198353067}",diagnostic_only_no_threshold_or_acceptance
Subject.8/Fall forward/FallForwardS8.avi,2,121,1,2,"{""count"":121,""min"":2.6022530864197533,""p50"":2.7759510030864196,""p95"":3.0504967206790123,""max"":3.213282214506173,""mean"":2.807568463996021}","{""count"":121,""min"":11.506743827160493,""p50"":15.033462577160494,""p95"":30.978776041666666,""max"":43.071621334876546,""mean"":18.05183502480614}",diagnostic_only_no_threshold_or_acceptance
Subject.8/Fall forward/FallForwardS8.avi,3,120,2,3,"{""count"":120,""min"":2.608070987654321,""p50"":2.8273794367283953,""p95"":3.1926889467592594,""max"":3.347483603395062,""mean"":2.881752572016461}","{""count"":120,""min"":12.118966049382717,""p50"":17.599107349537036,""p95"":38.79627150848764,""max"":50.70425057870371,""mean"":21.662882635673864}",diagnostic_only_no_threshold_or_acceptance
Subject.8/Fall left/FallLeftS8.avi,-3,199,3,4,"{""count"":199,""min"":2.628726851851852,""p50"":2.791099537037037,""p95"":3.2656894290123457,""max"":3.4182783564814816,""mean"":2.8436785053740925}","{""count"":199,""min"":11.468842592592592,""p50"":17.581248070987655,""p95"":43.10111207561729,""max"":46.52046199845679,""mean"":20.613252610467462}",diagnostic_only_no_threshold_or_acceptance
Subject.8/Fall left/FallLeftS8.avi,-2,200,2,3,"{""count"":200,""min"":2.588719135802469,""p50"":2.73963493441358,""p95"":3.0776893325617283,""max"":3.300791859567901,""mean"":2.784886033950617}","{""count"":200,""min"":11.190725308641975,""p50"":15.072730999228394,""p95"":31.971706356095673,""max"":40.08448013117284,""mean"":17.714119483024692}",diagnostic_only_no_threshold_or_acceptance
Subject.8/Fall left/FallLeftS8.avi,-1,201,1,2,"{""count"":201,""min"":2.5761554783950618,""p50"":2.6873765432098766,""p95"":2.8887991898148146,""max"":3.131225887345679,""mean"":2.7123764376420367}","{""count"":201,""min"":10.840052083333333,""p50"":13.073456790123457,""p95"":20.971092785493827,""max"":32.19606963734568,""mean"":14.269887234352925}",diagnostic_only_no_threshold_or_acceptance
Subject.8/Fall left/FallLeftS8.avi,0,202,0,1,"{""count"":202,""min"":2.4987702546296298,""p50"":2.620008198302469,""p95"":2.658477912808642,""max"":2.678708526234568,""mean"":2.6148159177896955}","{""count"":202,""min"":9.559472415123457,""p50"":10.487835648148149,""p95"":10.812632619598766,""max"":11.061889467592593,""mean"":10.453935858429592}",diagnostic_only_no_threshold_or_acceptance
Subject.8/Fall left/FallLeftS8.avi,1,202,0,1,"{""count"":202,""min"":2.5669097222222224,""p50"":2.6922352430555554,""p95"":2.890051408179012,""max"":3.1720592206790124,""mean"":2.717546477738052}","{""count"":202,""min"":10.748127893518518,""p50"":13.141414930555555,""p95"":21.019507137345677,""max"":33.97406925154321,""mean"":14.354290419493339}",diagnostic_only_no_threshold_or_acceptance
Subject.8/Fall left/FallLeftS8.avi,2,201,1,2,"{""count"":201,""min"":2.582866512345679,""p50"":2.7439650848765433,""p95"":3.0679832175925927,""max"":3.3204041280864196,""mean"":2.7909477928643818}","{""count"":201,""min"":11.037963927469136,""p50"":15.297713155864198,""p95"":30.61344135802469,""max"":42.05165991512346,""mean"":17.76093021102052}",diagnostic_only_no_threshold_or_acceptance
Subject.8/Fall left/FallLeftS8.avi,3,200,2,3,"{""count"":200,""min"":2.6025704089506174,""p50"":2.7927792245370373,""p95"":3.177170476466049,""max"":3.464421296296296,""mean"":2.8494233796296293}","{""count"":200,""min"":11.521978202160494,""p50"":17.64803288966049,""p95"":42.08535701195988,""max"":49.455623070987656,""mean"":20.618259673996914}",diagnostic_only_no_threshold_or_acceptance
Subject.8/Fall right/FallRightS8.avi,-3,226,3,4,"{""count"":226,""min"":2.608063271604938,""p50"":2.797944637345679,""p95"":3.373876109182099,""max"":3.6209452160493827,""mean"":2.864215186448432}","{""count"":226,""min"":11.198621720679013,""p50"":17.616301601080245,""p95"":44.06511405285494,""max"":58.03616994598765,""mean"":20.935493071772914}",diagnostic_only_no_threshold_or_acceptance
Subject.8/Fall right/FallRightS8.avi,-2,227,2,3,"{""count"":227,""min"":2.5892515432098766,""p50"":2.743179012345679,""p95"":3.1963976658950615,""max"":3.4572096836419752,""mean"":2.7994656848248765}","{""count"":227,""min"":10.789670138888889,""p50"":15.211697530864198,""p95"":35.98509982638889,""max"":52.02408468364197,""mean"":17.825415795636864}",diagnostic_only_no_threshold_or_acceptance
Subject.8/Fall right/FallRightS8.avi,-1,228,1,2,"{""count"":228,""min"":2.596094714506173,""p50"":2.6892529899691358,""p95"":2.93308805941358,""max"":3.4898640046296294,""mean"":2.721470063928146}","{""count"":228,""min"":10.654840856481481,""p50"":12.612866030092592,""p95"":23.175250578703697,""max"":48.27926986882716,""mean"":14.216034953196068}",diagnostic_only_no_threshold_or_acceptance
Subject.8/Fall right/FallRightS8.avi,0,229,0,1,"{""count"":229,""min"":2.56412712191358,""p50"":2.624866898148148,""p95"":2.654701774691358,""max"":2.67727237654321,""mean"":2.6228399778963825}","{""count"":229,""min"":9.984987461419752,""p50"":10.519235146604938,""p95"":10.781795138888889,""max"":10.950962577160494,""mean"":10.502888085274138}",diagnostic_only_no_threshold_or_acceptance
Subject.8/Fall right/FallRightS8.avi,1,229,0,1,"{""count"":229,""min"":2.5787393904320988,""p50"":2.695920138888889,""p95"":2.9557845293209875,""max"":3.5223090277777778,""mean"":2.7314682942813624}","{""count"":229,""min"":10.69434799382716,""p50"":12.790457175925926,""p95"":23.410044174382715,""max"":49.6722337962963,""mean"":14.347541600119952}",diagnostic_only_no_threshold_or_acceptance
Subject.8/Fall right/FallRightS8.avi,2,228,1,2,"{""count"":228,""min"":2.6003173225308642,""p50"":2.748239776234568,""p95"":3.2531897665895055,""max"":3.5870466820987654,""mean"":2.8147615935334094}","{""count"":228,""min"":11.032960069444444,""p50"":15.296288097993827,""p95"":35.95046513310185,""max"":52.878693094135805,""mean"":17.980269845983592}",diagnostic_only_no_threshold_or_acceptance
Subject.8/Fall right/FallRightS8.avi,3,227,2,3,"{""count"":227,""min"":2.6047270447530866,""p50"":2.801617476851852,""p95"":3.4341316550925924,""max"":3.6513088348765432,""mean"":2.8834886103293087}","{""count"":227,""min"":11.007621527777777,""p50"":17.741671489197532,""p95"":43.9460200617284,""max"":59.81913676697531,""mean"":21.10806764374966}",diagnostic_only_no_threshold_or_acceptance
Subject.8/Fall sitting/FallSittingS8.avi,-3,231,3,4,"{""count"":231,""min"":2.629211033950617,""p50"":2.780924961419753,""p95"":3.404321952160494,""max"":3.631702353395062,""mean"":2.864723236832612}","{""count"":231,""min"":11.050188078703703,""p50"":16.96068576388889,""p95"":48.86836371527778,""max"":63.5812075617284,""mean"":21.36637001212522}",diagnostic_only_no_threshold_or_acceptance
Subject.8/Fall sitting/FallSittingS8.avi,-2,232,2,3,"{""count"":232,""min"":2.5842226080246915,""p50"":2.736662326388889,""p95"":3.1859876543209875,""max"":3.418720100308642,""mean"":2.796419033864144}","{""count"":232,""min"":10.49872299382716,""p50"":15.153616415895062,""p95"":36.899912181712956,""max"":51.510562307098766,""mean"":18.033579876909055}",diagnostic_only_no_threshold_or_acceptance
Subject.8/Fall sitting/FallSittingS8.avi,-1,233,1,2,"{""count"":233,""min"":2.5578192515432097,""p50"":2.6883613040123455,""p95"":2.9573981481481484,""max"":3.2445042438271603,""mean"":2.719377570636624}","{""count"":233,""min"":10.021901041666666,""p50"":13.070669367283951,""p95"":22.208902006172824,""max"":40.21875,""mean"":14.521904038672973}",diagnostic_only_no_threshold_or_acceptance
Subject.8/Fall sitting/FallSittingS8.avi,0,234,0,1,"{""count"":234,""min"":2.521947337962963,""p50"":2.6202840470679014,""p95"":2.6544482542438272,""max"":2.6783072916666666,""mean"":2.61569308012161}","{""count"":234,""min"":9.724771412037038,""p50"":10.514229841820988,""p95"":10.789617380401236,""max"":11.972552083333333,""mean"":10.48267626968582}",diagnostic_only_no_threshold_or_acceptance
Subject.8/Fall sitting/FallSittingS8.avi,1,234,0,1,"{""count"":234,""min"":2.5633140432098767,""p50"":2.694926697530864,""p95"":2.929742476851852,""max"":3.172391975308642,""mean"":2.725452753211723}","{""count"":234,""min"":10.097827932098765,""p50"":13.243287037037037,""p95"":22.593588541666666,""max"":39.66145640432099,""mean"":14.61095577203361}",diagnostic_only_no_threshold_or_acceptance
Subject.8/Fall sitting/FallSittingS8.avi,2,233,1,2,"{""count"":233,""min"":2.5835985725308643,""p50"":2.7449546682098767,""p95"":3.1580225694444444,""max"":3.429279513888889,""mean"":2.8051901360409053}","{""count"":233,""min"":10.474981674382716,""p50"":15.417734375,""p95"":36.71226601080246,""max"":51.32395929783951,""mean"":18.12409293368834}",diagnostic_only_no_threshold_or_acceptance
Subject.8/Fall sitting/FallSittingS8.avi,3,232,2,3,"{""count"":232,""min"":2.621417824074074,""p50"":2.8040465856481482,""p95"":3.3612407889660494,""max"":3.6411091820987656,""mean"":2.8747934875878034}","{""count"":232,""min"":11.134625771604938,""p50"":17.056478105709875,""p95"":48.121596498842585,""max"":64.07548225308642,""mean"":21.44340586253459}",diagnostic_only_no_threshold_or_acceptance
Subject.8/Hop/HopS8.avi,-3,163,3,4,"{""count"":163,""min"":2.7663204089506173,""p50"":3.3885599922839504,""p95"":4.819748263888889,""max"":5.262554976851852,""mean"":3.5413879539687945}","{""count"":163,""min"":16.69254436728395,""p50"":44.99597318672839,""p95"":146.44269087577163,""max"":188.76874517746913,""mean"":59.95477494461486}",diagnostic_only_no_threshold_or_acceptance
Subject.8/Hop/HopS8.avi,-2,164,2,3,"{""count"":164,""min"":2.7141087962962964,""p50"":3.180350115740741,""p95"":4.362972608024691,""max"":4.958612075617284,""mean"":3.3208989021096813}","{""count"":164,""min"":13.773632330246913,""p50"":35.38678578317901,""p95"":109.19989274691356,""max"":162.72944347993828,""mean"":46.41588745742058}",diagnostic_only_no_threshold_or_acceptance
Subject.8/Hop/HopS8.avi,-1,165,1,2,"{""count"":165,""min"":2.6349479166666665,""p50"":2.916280864197531,""p95"":3.643366898148147,""max"":4.513948688271605,""mean"":3.01831247077254}","{""count"":165,""min"":12.320625,""p50"":22.654683641975307,""p95"":64.33294675925919,""max"":128.3655536265432,""mean"":28.699186968060232}",diagnostic_only_no_threshold_or_acceptance
Subject.8/Hop/HopS8.avi,0,166,0,1,"{""count"":166,""min"":2.502728587962963,""p50"":2.6020423418209875,""p95"":2.6483183834876547,""max"":2.671074459876543,""mean"":2.600614657704894}","{""count"":166,""min"":9.597049575617284,""p50"":10.369647955246915,""p95"":10.702631172839506,""max"":11.209411651234568,""mean"":10.355781122173878}",diagnostic_only_no_threshold_or_acceptance
Subject.8/Hop/HopS8.avi,1,166,0,1,"{""count"":166,""min"":2.6206635802469136,""p50"":2.936364293981481,""p95"":3.6838978105709876,""max"":4.49342399691358,""mean"":3.0329444165551096}","{""count"":166,""min"":12.445821759259259,""p50"":22.841534047067903,""p95"":65.55061776620371,""max"":127.0545949074074,""mean"":29.14588923982969}",diagnostic_only_no_threshold_or_acceptance
Subject.8/Hop/HopS8.avi,2,165,1,2,"{""count"":165,""min"":2.7067418981481484,""p50"":3.1976475694444444,""p95"":4.3897712191358025,""max"":4.944691358024691,""mean"":3.336203493265993}","{""count"":165,""min"":14.44151138117284,""p50"":35.62133101851852,""p95"":110.48515451388887,""max"":160.60547067901234,""mean"":46.926827616442196}",diagnostic_only_no_threshold_or_acceptance
Subject.8/Hop/HopS8.avi,3,164,2,3,"{""count"":164,""min"":2.8255082947530865,""p50"":3.3943340084876543,""p95"":4.820345437885803,""max"":5.25681037808642,""mean"":3.554327298112391}","{""count"":164,""min"":17.673845486111112,""p50"":45.10396412037037,""p95"":146.7850742669753,""max"":186.7406606867284,""mean"":60.54168955016374}",diagnostic_only_no_threshold_or_acceptance
Subject.8/Kneel/KneelS8.avi,-3,253,3,4,"{""count"":253,""min"":2.6525462962962965,""p50"":2.9481510416666667,""p95"":3.3272054398148145,""max"":3.450166859567901,""mean"":2.972844957729469}","{""count"":253,""min"":12.024383680555555,""p50"":25.277844328703704,""p95"":46.654056905864195,""max"":56.94188850308642,""mean"":26.879650063436294}",diagnostic_only_no_threshold_or_acceptance
Subject.8/Kneel/KneelS8.avi,-2,254,2,3,"{""count"":254,""min"":2.643583140432099,""p50"":2.8459177276234566,""p95"":3.1415783179012347,""max"":3.274025848765432,""mean"":2.8717381236633615}","{""count"":254,""min"":11.567178819444445,""p50"":19.526539351851852,""p95"":36.38517250192901,""max"":48.62072241512346,""mean"":21.40949165967969}",diagnostic_only_no_threshold_or_acceptance
Subject.8/Kneel/KneelS8.avi,-1,255,1,2,"{""count"":255,""min"":2.62586612654321,""p50"":2.736099537037037,""p95"":2.9089475308641974,""max"":3.0790113811728395,""mean"":2.7540203302771724}","{""count"":255,""min"":11.069565972222222,""p50"":14.49957175925926,""p95"":22.75841830632716,""max"":36.155211226851854,""mean"":15.681521744886226}",diagnostic_only_no_threshold_or_acceptance
Subject.8/Kneel/KneelS8.avi,0,256,0,1,"{""count"":256,""min"":2.530695408950617,""p50"":2.6188155864197533,""p95"":2.6546257716049384,""max"":2.7153954475308644,""mean"":2.615998139558015}","{""count"":256,""min"":9.730056905864197,""p50"":10.476483892746913,""p95"":10.781996045524691,""max"":12.413862847222223,""mean"":10.457087285548079}",diagnostic_only_no_threshold_or_acceptance
Subject.8/Kneel/KneelS8.avi,1,256,0,1,"{""count"":256,""min"":2.6320283564814817,""p50"":2.751316550925926,""p95"":2.9269261188271605,""max"":3.1521971450617285,""mean"":2.7684372325002413}","{""count"":256,""min"":11.159788773148149,""p50"":14.768411458333333,""p95"":23.132694347993827,""max"":36.539349922839506,""mean"":15.857961271309557}",diagnostic_only_no_threshold_or_acceptance
Subject.8/Kneel/KneelS8.avi,2,255,1,2,"{""count"":255,""min"":2.6446421682098764,""p50"":2.8629224537037037,""p95"":3.170151234567901,""max"":3.3411381172839505,""mean"":2.89357927862503}","{""count"":255,""min"":11.702140239197531,""p50"":20.15591435185185,""p95"":35.84449131944444,""max"":48.64479359567901,""mean"":21.658640273238923}",diagnostic_only_no_threshold_or_acceptance
Subject.8/Kneel/KneelS8.avi,3,254,2,3,"{""count"":254,""min"":2.665690586419753,""p50"":2.9744309413580248,""p95"":3.3805361689814815,""max"":3.515245949074074,""mean"":3.0005871678149605}","{""count"":254,""min"":12.237770061728394,""p50"":25.367892554012343,""p95"":48.22272506751543,""max"":56.9409056712963,""mean"":27.187425379878732}",diagnostic_only_no_threshold_or_acceptance
Subject.8/Pick up object/PickupobjectS8.avi,-3,263,3,4,"{""count"":263,""min"":2.5849363425925924,""p50"":2.932925347222222,""p95"":3.4808436535493827,""max"":3.568721064814815,""mean"":2.9773028666737082}","{""count"":263,""min"":10.235466820987654,""p50"":22.936760223765432,""p95"":53.38412577160492,""max"":58.422989969135806,""mean"":26.039400091829787}",diagnostic_only_no_threshold_or_acceptance
Subject.8/Pick up object/PickupobjectS8.avi,-2,264,2,3,"{""count"":264,""min"":2.5639139660493826,""p50"":2.833406153549383,""p95"":3.295207561728395,""max"":3.4436313657407407,""mean"":2.8756461752946123}","{""count"":264,""min"":10.103210841049382,""p50"":18.187211130401234,""p95"":40.18272646604938,""max"":51.29792052469136,""mean"":20.894168756430037}",diagnostic_only_no_threshold_or_acceptance
Subject.8/Pick up object/PickupobjectS8.avi,-1,265,1,2,"{""count"":265,""min"":2.5450742669753086,""p50"":2.7245871913580246,""p95"":3.0020515046296294,""max"":3.294934413580247,""mean"":2.754223583449802}","{""count"":265,""min"":9.886077353395061,""p50"":13.614793595679012,""p95"":25.326943479938272,""max"":40.3127237654321,""mean"":15.288303590146748}",diagnostic_only_no_threshold_or_acceptance
Subject.8/Pick up object/PickupobjectS8.avi,0,266,0,1,"{""count"":266,""min"":2.538076774691358,""p50"":2.6163368055555556,""p95"":2.6610802469135804,""max"":2.729703896604938,""mean"":2.6162490354938273}","{""count"":266,""min"":9.768520447530864,""p50"":10.448479938271605,""p95"":10.844448543595679,""max"":11.471978202160495,""mean"":10.44150783498097}",diagnostic_only_no_threshold_or_acceptance
Subject.8/Pick up object/PickupobjectS8.avi,1,266,0,1,"{""count"":266,""min"":2.571244212962963,""p50"":2.74778018904321,""p95"":3.0173181905864195,""max"":3.255510223765432,""mean"":2.766536291539033}","{""count"":266,""min"":10.119020061728396,""p50"":13.864256847993827,""p95"":26.011892843364198,""max"":40.14681230709876,""mean"":15.484778381138032}",diagnostic_only_no_threshold_or_acceptance
Subject.8/Pick up object/PickupobjectS8.avi,2,265,1,2,"{""count"":265,""min"":2.5902073688271603,""p50"":2.8598784722222224,""p95"":3.28019174382716,""max"":3.4338657407407407,""mean"":2.892643405689495}","{""count"":265,""min"":10.361906828703704,""p50"":18.59140914351852,""p95"":41.63339776234567,""max"":52.04176215277778,""mean"":21.17610608476008}",diagnostic_only_no_threshold_or_acceptance
Subject.8/Pick up object/PickupobjectS8.avi,3,264,2,3,"{""count"":264,""min"":2.6104610339506173,""p50"":2.954971064814815,""p95"":3.4675598958333333,""max"":3.5713474151234568,""mean"":2.997675320917508}","{""count"":264,""min"":10.63858989197531,""p50"":23.272034625771603,""p95"":52.850399305555555,""max"":59.330108989197534,""mean"":26.401892624158254}",diagnostic_only_no_threshold_or_acceptance
Subject.8/Sit down/SitDownS8.avi,-3,209,3,4,"{""count"":209,""min"":2.593449074074074,""p50"":3.0243180941358023,""p95"":3.460513695987654,""max"":3.6016493055555556,""mean"":3.0204116549264577}","{""count"":209,""min"":11.549874614197531,""p50"":27.584535108024692,""p95"":48.80972299382715,""max"":53.95622685185185,""mean"":28.338193816823203}",diagnostic_only_no_threshold_or_acceptance
Subject.8/Sit down/SitDownS8.avi,-2,210,2,3,"{""count"":210,""min"":2.5902690972222224,""p50"":2.898254726080247,""p95"":3.2856134741512344,""max"":3.499429012345679,""mean"":2.912782926403586}","{""count"":210,""min"":11.168473186728395,""p50"":21.5437003279321,""p95"":38.80286660879628,""max"":44.224503279320984,""mean"":22.750658753123165}",diagnostic_only_no_threshold_or_acceptance
Subject.8/Sit down/SitDownS8.avi,-1,211,1,2,"{""count"":211,""min"":2.5638319830246914,""p50"":2.7676234567901234,""p95"":3.0217780671296293,""max"":3.449566936728395,""mean"":2.7851275205151835}","{""count"":211,""min"":11.139391396604939,""p50"":15.439222608024691,""p95"":26.534007523148148,""max"":40.751858603395064,""mean"":16.688216966349252}",diagnostic_only_no_threshold_or_acceptance
Subject.8/Sit down/SitDownS8.avi,0,212,0,1,"{""count"":212,""min"":2.530437885802469,""p50"":2.6183299575617283,""p95"":2.6495078125,""max"":2.7040952932098765,""mean"":2.6155038543850453}","{""count"":212,""min"":9.77275462962963,""p50"":10.492307098765432,""p95"":10.748986738040124,""max"":11.275108024691358,""mean"":10.463650028025274}",diagnostic_only_no_threshold_or_acceptance
Subject.8/Sit down/SitDownS8.avi,1,212,0,1,"{""count"":212,""min"":2.5589573688271603,""p50"":2.7776755401234565,""p95"":3.02550496720679,""max"":3.524848572530864,""mean"":2.796078963938388}","{""count"":212,""min"":11.007221257716049,""p50"":15.667596450617285,""p95"":26.548440779320984,""max"":42.97126639660494,""mean"":16.83012907094398}",diagnostic_only_no_threshold_or_acceptance
Subject.8/Sit down/SitDownS8.avi,2,211,1,2,"{""count"":211,""min"":2.574783950617284,""p50"":2.9168123070987653,""p95"":3.3166087962962965,""max"":3.630234375,""mean"":2.929560747432859}","{""count"":211,""min"":11.37958912037037,""p50"":21.862841435185185,""p95"":39.29268759645062,""max"":47.05878568672839,""mean"":22.902175610518693}",diagnostic_only_no_threshold_or_acceptance
Subject.8/Sit down/SitDownS8.avi,3,210,2,3,"{""count"":210,""min"":2.5618528163580248,""p50"":3.052472511574074,""p95"":3.510545621141975,""max"":3.657577160493827,""mean"":3.041609981261023}","{""count"":210,""min"":11.239320023148148,""p50"":27.42855613425926,""p95"":50.428510657793204,""max"":55.777439236111114,""mean"":28.492830008083477}",diagnostic_only_no_threshold_or_acceptance
Subject.8/Walk/WalkS8.avi,-3,213,3,4,"{""count"":213,""min"":2.675739776234568,""p50"":3.0269184027777776,""p95"":4.6087735339506155,""max"":4.883660300925926,""mean"":3.3131654866182694}","{""count"":213,""min"":13.036526813271605,""p50"":27.50910300925926,""p95"":126.5286155478395,""max"":136.65008391203705,""mean"":44.915979951856194}",diagnostic_only_no_threshold_or_acceptance
Subject.8/Walk/WalkS8.avi,-2,214,2,3,"{""count"":214,""min"":2.635126350308642,""p50"":2.9144700038580247,""p95"":4.115615788966049,""max"":4.493616898148148,""mean"":3.1287449926805704}","{""count"":214,""min"":11.569975887345679,""p50"":21.55229359567901,""p95"":93.65492447916661,""max"":113.25945794753086,""mean"":34.44589064032394}",diagnostic_only_no_threshold_or_acceptance
Subject.8/Walk/WalkS8.avi,-1,215,1,2,"{""count"":215,""min"":2.6026359953703704,""p50"":2.7787538580246913,""p95"":3.415076871141975,""max"":4.35654224537037,""mean"":2.8987494437266723}","{""count"":215,""min"":10.864813850308641,""p50"":16.28232735339506,""p95"":45.679677469135754,""max"":104.2724855324074,""mean"":22.039311414369795}",diagnostic_only_no_threshold_or_acceptance
Subject.8/Walk/WalkS8.avi,0,216,0,1,"{""count"":216,""min"":2.5053896604938273,""p50"":2.610214602623457,""p95"":2.661263985339506,""max"":2.691635802469136,""mean"":2.6114044236897005}","{""count"":216,""min"":9.601427469135803,""p50"":10.439658564814815,""p95"":10.862011477623458,""max"":11.11634837962963,""mean"":10.433431431648662}",diagnostic_only_no_threshold_or_acceptance
Subject.8/Walk/WalkS8.avi,1,216,0,1,"{""count"":216,""min"":2.606160300925926,""p50"":2.8062495177469136,""p95"":3.4526106770833334,""max"":4.462092978395062,""mean"":2.9142046351666093}","{""count"":216,""min"":10.92867862654321,""p50"":16.514235628858025,""p95"":47.66027801890432,""max"":105.29579475308643,""mean"":22.38547070133888}",diagnostic_only_no_threshold_or_acceptance
Subject.8/Walk/WalkS8.avi,2,215,1,2,"{""count"":215,""min"":2.6552507716049383,""p50"":2.9528086419753086,""p95"":4.027062499999999,""max"":4.644238040123457,""mean"":3.1504419950473728}","{""count"":215,""min"":12.264540895061728,""p50"":22.01662037037037,""p95"":93.4143917824073,""max"":113.61303819444444,""mean"":34.899175872093025}",diagnostic_only_no_threshold_or_acceptance
Subject.8/Walk/WalkS8.avi,3,214,2,3,"{""count"":214,""min"":2.6973775077160496,""p50"":3.0659331597222224,""p95"":4.537142843364197,""max"":4.809122299382716,""mean"":3.3387783808194875}","{""count"":214,""min"":14.339389467592593,""p50"":27.6408381558642,""p95"":124.14618200231482,""max"":133.98704475308642,""mean"":45.4906919250101}",diagnostic_only_no_threshold_or_acceptance
Subject.9/Fall backwards/FallBackwardsS9.avi,-3,249,3,4,"{""count"":249,""min"":2.7547916666666667,""p50"":3.4524430941358024,""p95"":4.7445129243827155,""max"":5.2345447530864195,""mean"":3.5739497960979723}","{""count"":249,""min"":13.010260416666666,""p50"":49.75831500771605,""p95"":163.17673244598765,""max"":198.59474537037036,""mean"":65.83540742445089}",diagnostic_only_no_threshold_or_acceptance
Subject.9/Fall backwards/FallBackwardsS9.avi,-2,250,2,3,"{""count"":250,""min"":2.7184375,""p50"":3.2587225115740743,""p95"":4.334419560185184,""max"":4.817898341049383,""mean"":3.369457237654321}","{""count"":250,""min"":12.360939429012346,""p50"":37.62667486496913,""p95"":126.28214052854928,""max"":159.75550250771605,""mean"":49.49323811728395}",diagnostic_only_no_threshold_or_acceptance
Subject.9/Fall backwards/FallBackwardsS9.avi,-1,251,1,2,"{""count"":251,""min"":2.7380439814814816,""p50"":3.0397135416666665,""p95"":3.5939216820987654,""max"":4.269578510802469,""mean"":3.1151119557264773}","{""count"":251,""min"":12.376911651234568,""p50"":22.466842206790123,""p95"":66.17456114969136,""max"":117.56435570987654,""mean"":30.27610012496311}",diagnostic_only_no_threshold_or_acceptance
Subject.9/Fall backwards/FallBackwardsS9.avi,0,252,0,1,"{""count"":252,""min"":2.6622154706790124,""p50"":2.811332465277778,""p95"":2.9153047357253086,""max"":3.238262924382716,""mean"":2.8158576526675487}","{""count"":252,""min"":11.788127893518519,""p50"":13.323564332561729,""p95"":14.260991367669751,""max"":18.22347125771605,""mean"":13.323875362838036}",diagnostic_only_no_threshold_or_acceptance
Subject.9/Fall backwards/FallBackwardsS9.avi,1,252,0,1,"{""count"":252,""min"":2.757661072530864,""p50"":3.0926639660493827,""p95"":3.6236368634259257,""max"":4.265704089506173,""mean"":3.1754650986552027}","{""count"":252,""min"":12.840531442901234,""p50"":23.65457417052469,""p95"":66.72027801890424,""max"":122.07756365740741,""mean"":31.37156801911866}",diagnostic_only_no_threshold_or_acceptance
Subject.9/Fall backwards/FallBackwardsS9.avi,2,251,1,2,"{""count"":251,""min"":2.8071460262345678,""p50"":3.3350916280864196,""p95"":4.4365157214506175,""max"":4.763350694444444,""mean"":3.4569150442981162}","{""count"":251,""min"":13.537871334876543,""p50"":38.9859693287037,""p95"":127.44219232253087,""max"":166.11906442901235,""mean"":50.968797844885884}",diagnostic_only_no_threshold_or_acceptance
Subject.9/Fall backwards/FallBackwardsS9.avi,3,250,2,3,"{""count"":250,""min"":2.855612461419753,""p50"":3.5115451388888888,""p95"":4.880291956018518,""max"":5.171096643518519,""mean"":3.676774402006173}","{""count"":250,""min"":14.052234760802468,""p50"":51.48200665509259,""p95"":165.2429619502315,""max"":205.65402777777777,""mean"":67.4629690625}",diagnostic_only_no_threshold_or_acceptance
Subject.9/Fall forward/FallForwardS9.avi,-3,145,3,4,"{""count"":145,""min"":2.7457899305555555,""p50"":3.3440374228395062,""p95"":4.849100887345679,""max"":5.012405478395062,""mean"":3.5523890418795228}","{""count"":145,""min"":12.45378761574074,""p50"":42.716012731481484,""p95"":151.50934548611107,""max"":169.70876929012346,""mean"":59.519340630321416}",diagnostic_only_no_threshold_or_acceptance
Subject.9/Fall forward/FallForwardS9.avi,-2,146,2,3,"{""count"":146,""min"":2.730384837962963,""p50"":3.2270857445987655,""p95"":4.4421416859567895,""max"":4.655054012345679,""mean"":3.3565966871194823}","{""count"":146,""min"":12.286125578703704,""p50"":33.24108989197531,""p95"":118.3516584683642,""max"":134.55605613425925,""mean"":45.24401229943557}",diagnostic_only_no_threshold_or_acceptance
Subject.9/Fall forward/FallForwardS9.avi,-1,147,1,2,"{""count"":147,""min"":2.7474488811728395,""p50"":3.043750964506173,""p95"":3.845987461419753,""max"":4.208537808641975,""mean"":3.1129368425610986}","{""count"":147,""min"":12.368106674382716,""p50"":21.058286072530866,""p95"":74.67166763117275,""max"":101.0753761574074,""mean"":28.33071372800664}",diagnostic_only_no_threshold_or_acceptance
Subject.9/Fall forward/FallForwardS9.avi,0,148,0,1,"{""count"":148,""min"":2.687384259259259,""p50"":2.819317611882716,""p95"":2.9455385802469136,""max"":3.2815779320987652,""mean"":2.8263737174674675}","{""count"":148,""min"":11.896292438271605,""p50"":13.343262924382715,""p95"":14.603008246527779,""max"":18.66977237654321,""mean"":13.386528638013012}",diagnostic_only_no_threshold_or_acceptance
Subject.9/Fall forward/FallForwardS9.avi,1,148,0,1,"{""count"":148,""min"":2.788171296296296,""p50"":3.0701731288580247,""p95"":3.8685231963734577,""max"":4.209161844135802,""mean"":3.1597944298465133}","{""count"":148,""min"":13.048987268518518,""p50"":21.94646556712963,""p95"":73.473767650463,""max"":103.26097318672839,""mean"":29.064206563334167}",diagnostic_only_no_threshold_or_acceptance
Subject.9/Fall forward/FallForwardS9.avi,2,147,1,2,"{""count"":147,""min"":2.8373958333333333,""p50"":3.2901350308641977,""p95"":4.441181134259259,""max"":4.637391010802469,""mean"":3.417304402084908}","{""count"":147,""min"":13.660021219135803,""p50"":34.224312307098764,""p95"":117.3075363618827,""max"":137.24942418981482,""mean"":46.053446862927274}",diagnostic_only_no_threshold_or_acceptance
Subject.9/Fall forward/FallForwardS9.avi,3,146,2,3,"{""count"":146,""min"":2.865884452160494,""p50"":3.437762827932099,""p95"":4.873545524691358,""max"":5.017690972222222,""mean"":3.6161243499492643}","{""count"":146,""min"":14.186326195987654,""p50"":44.32095679012346,""p95"":153.41809510030865,""max"":167.98576003086418,""mean"":60.212532066527146}",diagnostic_only_no_threshold_or_acceptance
Subject.9/Fall left/FallLeftS9.avi,-3,204,3,4,"{""count"":204,""min"":2.694526427469136,""p50"":3.211769386574074,""p95"":4.386339023919753,""max"":4.504685570987655,""mean"":3.4697891702977492}","{""count"":204,""min"":12.748260995370371,""p50"":36.33812451774691,""p95"":140.71894502314814,""max"":167.50559027777777,""mean"":58.537945819338525}",diagnostic_only_no_threshold_or_acceptance
Subject.9/Fall left/FallLeftS9.avi,-2,205,2,3,"{""count"":205,""min"":2.6852874228395063,""p50"":3.100234375,""p95"":4.045537037037037,""max"":4.22274787808642,""mean"":3.2855703807211682}","{""count"":205,""min"":12.754523533950618,""p50"":25.04705536265432,""p95"":104.22386979166664,""max"":138.61135706018518,""mean"":44.14318122835742}",diagnostic_only_no_threshold_or_acceptance
Subject.9/Fall left/FallLeftS9.avi,-1,206,1,2,"{""count"":206,""min"":2.7141560570987653,""p50"":2.9345924961419754,""p95"":3.635417148919753,""max"":3.8939988425925924,""mean"":3.0686941663295575}","{""count"":206,""min"":12.517378472222223,""p50"":17.459414062500002,""p95"":66.87932990933642,""max"":99.53560763888889,""mean"":27.990539313458886}",diagnostic_only_no_threshold_or_acceptance
Subject.9/Fall left/FallLeftS9.avi,0,207,0,1,"{""count"":207,""min"":2.6751282793209876,""p50"":2.8036757330246913,""p95"":2.9176163194444444,""max"":3.2742476851851854,""mean"":2.81081333963291}","{""count"":207,""min"":11.830546875,""p50"":13.228193479938271,""p95"":14.309860821759258,""max"":18.526755401234567,""mean"":13.287701730892525}",diagnostic_only_no_threshold_or_acceptance
Subject.9/Fall left/FallLeftS9.avi,1,207,0,1,"{""count"":207,""min"":2.752501929012346,""p50"":2.9933449074074074,""p95"":3.659143229166667,""max"":4.141195987654321,""mean"":3.1222332371622836}","{""count"":207,""min"":13.071130401234567,""p50"":18.227246334876543,""p95"":67.35777218364196,""max"":102.45901909722222,""mean"":28.79980630665891}",diagnostic_only_no_threshold_or_acceptance
Subject.9/Fall left/FallLeftS9.avi,2,206,1,2,"{""count"":206,""min"":2.801279899691358,""p50"":3.185825135030864,""p95"":4.111317997685186,""max"":4.373193479938272,""mean"":3.361371457546745}","{""count"":206,""min"":13.615718557098765,""p50"":27.20413194444444,""p95"":104.67822964891975,""max"":142.57397858796296,""mean"":45.14860624644163}",diagnostic_only_no_threshold_or_acceptance
Subject.9/Fall left/FallLeftS9.avi,3,205,2,3,"{""count"":205,""min"":2.8136390817901233,""p50"":3.312788387345679,""p95"":4.500195987654321,""max"":4.708477044753087,""mean"":3.5559981839054506}","{""count"":205,""min"":13.881527777777778,""p50"":37.642670717592594,""p95"":142.1941435185185,""max"":173.09743730709877,""mean"":59.52778813798554}",diagnostic_only_no_threshold_or_acceptance
Subject.9/Fall right/FallRightS9.avi,-3,186,3,4,"{""count"":186,""min"":2.7216444830246913,""p50"":3.4609635416666666,""p95"":5.9856141493055555,""max"":6.220152391975309,""mean"":3.6731940659016997}","{""count"":186,""min"":14.592998649691358,""p50"":49.32929639274691,""p95"":262.6964831693673,""max"":274.5685368441358,""mean"":72.64998863853212}",diagnostic_only_no_threshold_or_acceptance
Subject.9/Fall right/FallRightS9.avi,-2,187,2,3,"{""count"":187,""min"":2.7107474922839505,""p50"":3.258172260802469,""p95"":5.228162519290121,""max"":5.629635416666667,""mean"":3.444302698141546}","{""count"":187,""min"":14.353322723765432,""p50"":33.70811342592592,""p95"":187.2921260609566,""max"":224.09028356481483,""mean"":54.43683772983099}",diagnostic_only_no_threshold_or_acceptance
Subject.9/Fall right/FallRightS9.avi,-1,188,1,2,"{""count"":188,""min"":2.7412403549382716,""p50"":3.0331775655864197,""p95"":3.9085445601851854,""max"":4.847637924382716,""mean"":3.1663226457840823}","{""count"":188,""min"":14.538873456790123,""p50"":21.775110918209876,""p95"":78.31236959876543,""max"":153.60839795524691,""mean"":33.32312903245666}",diagnostic_only_no_threshold_or_acceptance
Subject.9/Fall right/FallRightS9.avi,0,189,0,1,"{""count"":189,""min"":2.6863657407407406,""p50"":2.8132619598765434,""p95"":2.9858273533950617,""max"":3.2779484953703704,""mean"":2.8267526557090603}","{""count"":189,""min"":11.86866512345679,""p50"":13.259216820987655,""p95"":15.021220486111112,""max"":18.63464409722222,""mean"":13.373777046998498}",diagnostic_only_no_threshold_or_acceptance
Subject.9/Fall right/FallRightS9.avi,1,189,0,1,"{""count"":189,""min"":2.7703944830246914,""p50"":3.075078125,""p95"":4.100286072530864,""max"":4.9852768132716045,""mean"":3.2259770192370496}","{""count"":189,""min"":15.247219328703704,""p50"":22.944216820987656,""p95"":79.40558834876542,""max"":151.7377594521605,""mean"":34.205677807988764}",diagnostic_only_no_threshold_or_acceptance
Subject.9/Fall right/FallRightS9.avi,2,188,1,2,"{""count"":188,""min"":2.8002777777777776,""p50"":3.323217110339506,""p95"":5.31008743248457,""max"":5.812190393518518,""mean"":3.531364006681771}","{""count"":188,""min"":15.417482638888888,""p50"":35.866561053240744,""p95"":184.49129673032417,""max"":221.40905767746915,""mean"":55.54556746823286}",diagnostic_only_no_threshold_or_acceptance
Subject.9/Fall right/FallRightS9.avi,3,187,2,3,"{""count"":187,""min"":2.835493827160494,""p50"":3.53093074845679,""p95"":6.140172067901235,""max"":6.4335609567901235,""mean"":3.776673057164785}","{""count"":187,""min"":15.568223379629629,""p50"":52.16693962191358,""p95"":268.2895873842592,""max"":278.035675154321,""mean"":73.82928026692579}",diagnostic_only_no_threshold_or_acceptance
Subject.9/Fall sitting/FallSittingS9.avi,-3,213,3,4,"{""count"":213,""min"":2.6896074459876544,""p50"":3.222246334876543,""p95"":4.187204475308642,""max"":4.7410551697530865,""mean"":3.29451345871008}","{""count"":213,""min"":11.895029899691359,""p50"":33.16368537808642,""p95"":114.18791801697527,""max"":155.3695736882716,""mean"":43.60374771326001}",diagnostic_only_no_threshold_or_acceptance
Subject.9/Fall sitting/FallSittingS9.avi,-2,214,2,3,"{""count"":214,""min"":2.6896074459876544,""p50"":3.0954547646604937,""p95"":3.891527874228395,""max"":4.291077353395062,""mean"":3.144187867774317}","{""count"":214,""min"":11.895029899691359,""p50"":25.45779803240741,""p95"":80.08158902391975,""max"":121.31994888117283,""mean"":33.27420614832122}",diagnostic_only_no_threshold_or_acceptance
Subject.9/Fall sitting/FallSittingS9.avi,-1,215,1,2,"{""count"":215,""min"":2.6896074459876544,""p50"":2.940204475308642,""p95"":3.384744598765432,""max"":3.893670910493827,""mean"":2.97655250951048}","{""count"":215,""min"":11.895029899691359,""p50"":17.825043402777776,""p95"":43.35910889274691,""max"":84.64618827160494,""mean"":22.51706406564025}",diagnostic_only_no_threshold_or_acceptance
Subject.9/Fall sitting/FallSittingS9.avi,0,216,0,1,"{""count"":216,""min"":2.679237075617284,""p50"":2.7958690200617284,""p95"":2.9154875578703705,""max"":3.240884452160494,""mean"":2.7927489542252517}","{""count"":216,""min"":11.827013888888889,""p50"":13.109005594135802,""p95"":14.288348283179012,""max"":18.117414158950616,""mean"":13.028563470757602}",diagnostic_only_no_threshold_or_acceptance
Subject.9/Fall sitting/FallSittingS9.avi,1,216,0,1,"{""count"":216,""min"":2.6896074459876544,""p50"":2.9873225308641977,""p95"":3.533674045138889,""max"":4.029811921296297,""mean"":3.0276184645776176}","{""count"":216,""min"":11.895029899691359,""p50"":18.803281732253087,""p95"":46.49324652777778,""max"":88.01099344135802,""mean"":23.372930035793893}",diagnostic_only_no_threshold_or_acceptance
Subject.9/Fall sitting/FallSittingS9.avi,2,215,1,2,"{""count"":215,""min"":2.6896074459876544,""p50"":3.1824315200617286,""p95"":4.021539641203703,""max"":4.4613908179012345,""mean"":3.2147605781653743}","{""count"":215,""min"":11.895029899691359,""p50"":26.79659336419753,""p95"":84.80051041666665,""max"":124.66359857253086,""mean"":34.45672852964399}",diagnostic_only_no_threshold_or_acceptance
Subject.9/Fall sitting/FallSittingS9.avi,3,214,2,3,"{""count"":214,""min"":2.6896074459876544,""p50"":3.289279513888889,""p95"":4.41212466242284,""max"":4.974649884259259,""mean"":3.3744128501067268}","{""count"":214,""min"":11.895029899691359,""p50"":34.019578510802475,""p95"":117.78351827739195,""max"":160.5914207175926,""mean"":44.92664423964463}",diagnostic_only_no_threshold_or_acceptance
Subject.9/Hop/HopS9.avi,-3,209,3,4,"{""count"":209,""min"":2.94122974537037,""p50"":5.171743827160494,""p95"":7.422280478395062,""max"":7.690603780864198,""mean"":5.274121030295646}","{""count"":209,""min"":19.270325038580246,""p50"":173.27924672067903,""p95"":419.9814178240741,""max"":498.7455285493827,""mean"":202.97341432877752}",diagnostic_only_no_threshold_or_acceptance
Subject.9/Hop/HopS9.avi,-2,210,2,3,"{""count"":210,""min"":2.7840200617283952,""p50"":4.5293605324074075,""p95"":6.450236641589505,""max"":6.976544174382716,""mean"":4.651698279504703}","{""count"":210,""min"":14.529780092592592,""p50"":130.16672067901234,""p95"":342.4160134548611,""max"":413.0594145447531,""mean"":149.99296925981042}",diagnostic_only_no_threshold_or_acceptance
Subject.9/Hop/HopS9.avi,-1,211,1,2,"{""count"":211,""min"":2.6859558256172837,""p50"":3.741508487654321,""p95"":5.092624903549383,""max"":6.02191936728395,""mean"":3.8576967455459017}","{""count"":211,""min"":11.85962287808642,""p50"":68.21730034722222,""p95"":191.5786289544753,""max"":284.37561535493825,""mean"":82.63855292533351}",diagnostic_only_no_threshold_or_acceptance
Subject.9/Hop/HopS9.avi,0,212,0,1,"{""count"":212,""min"":2.673231095679012,""p50"":2.8117717978395063,""p95"":3.0165305266203704,""max"":3.26547550154321,""mean"":2.8187938258866176}","{""count"":212,""min"":11.682310956790124,""p50"":13.271665702160494,""p95"":15.134360001929013,""max"":18.486409143518518,""mean"":13.305711828303341}",diagnostic_only_no_threshold_or_acceptance
Subject.9/Hop/HopS9.avi,1,212,0,1,"{""count"":212,""min"":2.7771788194444444,""p50"":3.820279224537037,""p95"":5.37268928433642,""max"":6.140180362654321,""mean"":3.918345730877301}","{""count"":212,""min"":12.786634837962962,""p50"":69.72589940200618,""p95"":190.89027469135797,""max"":288.9354079861111,""mean"":83.78138828379775}",diagnostic_only_no_threshold_or_acceptance
Subject.9/Hop/HopS9.avi,2,211,1,2,"{""count"":211,""min"":2.822169174382716,""p50"":4.584763695987655,""p95"":6.631281828703704,""max"":7.580452353395062,""mean"":4.734689063322802}","{""count"":211,""min"":15.238619791666666,""p50"":131.84446084104937,""p95"":342.2060455246914,""max"":416.1536863425926,""mean"":151.43645968638467}",diagnostic_only_no_threshold_or_acceptance
Subject.9/Hop/HopS9.avi,3,210,2,3,"{""count"":210,""min"":3.1703587962962962,""p50"":5.26250675154321,""p95"":7.55910720486111,""max"":8.379573688271606,""mean"":5.367105406746032}","{""count"":210,""min"":21.893082561728395,""p50"":180.1474575617284,""p95"":423.6266488715277,""max"":502.51264081790123,""mean"":204.53705626286012}",diagnostic_only_no_threshold_or_acceptance
Subject.9/Kneel/KneelS9.avi,-3,213,3,4,"{""count"":213,""min"":2.7722154706790123,""p50"":3.7951649305555555,""p95"":5.028785493827159,""max"":6.167376543209876,""mean"":3.818167560532951}","{""count"":213,""min"":15.614063464506172,""p50"":76.39450617283951,""p95"":168.01185339506162,""max"":237.75987268518517,""mean"":82.46184189434447}",diagnostic_only_no_threshold_or_acceptance
Subject.9/Kneel/KneelS9.avi,-2,214,2,3,"{""count"":214,""min"":2.7371219135802467,""p50"":3.4303751929012347,""p95"":4.467088638117284,""max"":5.2877652391975305,""mean"":3.5234060183382367}","{""count"":214,""min"":13.857430555555556,""p50"":53.58759211033951,""p95"":122.03475438850307,""max"":186.37090760030864,""mean"":59.83006962021894}",diagnostic_only_no_threshold_or_acceptance
Subject.9/Kneel/KneelS9.avi,-1,215,1,2,"{""count"":215,""min"":2.6657648533950615,""p50"":3.1233844521604937,""p95"":3.7207808641975304,""max"":4.763369984567901,""mean"":3.187239278280218}","{""count"":215,""min"":11.750577739197531,""p50"":30.222108410493828,""p95"":68.17700983796293,""max"":124.8644000771605,""mean"":35.13589400301464}",diagnostic_only_no_threshold_or_acceptance
Subject.9/Kneel/KneelS9.avi,0,216,0,1,"{""count"":216,""min"":2.66327449845679,""p50"":2.792190393518519,""p95"":2.9180085358796295,""max"":3.262627314814815,""mean"":2.8030156178555097}","{""count"":216,""min"":11.698388310185186,""p50"":13.065725790895062,""p95"":14.299978539737655,""max"":18.351639660493827,""mean"":13.163617246442042}",diagnostic_only_no_threshold_or_acceptance
Subject.9/Kneel/KneelS9.avi,1,216,0,1,"{""count"":216,""min"":2.781610725308642,""p50"":3.179895351080247,""p95"":3.7391652199074072,""max"":4.918168402777778,""mean"":3.242787882766061}","{""count"":216,""min"":13.956685956790123,""p50"":31.440357349537038,""p95"":68.2199826388889,""max"":124.99788387345679,""mean"":36.112109933163296}",diagnostic_only_no_threshold_or_acceptance
Subject.9/Kneel/KneelS9.avi,2,215,1,2,"{""count"":215,""min"":2.8424189814814813,""p50"":3.540120563271605,""p95"":4.51381992669753,""max"":5.241630979938272,""mean"":3.5998705004665523}","{""count"":215,""min"":15.326981095679013,""p50"":54.53387924382716,""p95"":122.77260233410492,""max"":186.79821084104938,""mean"":61.12950231032874}",diagnostic_only_no_threshold_or_acceptance
Subject.9/Kneel/KneelS9.avi,3,214,2,3,"{""count"":214,""min"":2.891196952160494,""p50"":3.883067611882716,""p95"":5.151915027006172,""max"":5.8417611882716045,""mean"":3.906035924700012}","{""count"":214,""min"":17.134715470679012,""p50"":79.48487123842592,""p95"":171.52546571180554,""max"":237.58151234567902,""mean"":83.97226210049614}",diagnostic_only_no_threshold_or_acceptance
Subject.9/Pick up object/PickupobjectS9.avi,-3,217,3,4,"{""count"":217,""min"":2.802422839506173,""p50"":3.8025318287037035,""p95"":4.96780787037037,""max"":5.632274305555556,""mean"":3.788279654342322}","{""count"":217,""min"":16.420109953703705,""p50"":86.40538676697531,""p95"":178.84614583333334,""max"":239.51454089506174,""mean"":83.67923986690704}",diagnostic_only_no_threshold_or_acceptance
Subject.9/Pick up object/PickupobjectS9.avi,-2,218,2,3,"{""count"":218,""min"":2.7493605324074073,""p50"":3.4966517168209874,""p95"":4.448906684027778,""max"":5.475529513888889,""mean"":3.5087632243529847}","{""count"":218,""min"":15.292373649691358,""p50"":59.65770206404321,""p95"":131.69393142361108,""max"":192.17515528549382,""mean"":61.71203493547542}",diagnostic_only_no_threshold_or_acceptance
Subject.9/Pick up object/PickupobjectS9.avi,-1,219,1,2,"{""count"":219,""min"":2.668532021604938,""p50"":3.124916087962963,""p95"":3.8095194830246912,""max"":5.221241319444444,""mean"":3.183852567964654}","{""count"":219,""min"":13.87581886574074,""p50"":31.94315875771605,""p95"":80.60946894290122,""max"":141.33543113425927,""mean"":36.96224353384491}",diagnostic_only_no_threshold_or_acceptance
Subject.9/Pick up object/PickupobjectS9.avi,0,220,0,1,"{""count"":220,""min"":2.6460233410493825,""p50"":2.7865938464506175,""p95"":2.953125819830247,""max"":3.282499035493827,""mean"":2.7971359383768237}","{""count"":220,""min"":11.622161458333334,""p50"":13.072749807098766,""p95"":14.593190489969135,""max"":18.65105227623457,""mean"":13.175607871247193}",diagnostic_only_no_threshold_or_acceptance
Subject.9/Pick up object/PickupobjectS9.avi,1,220,0,1,"{""count"":220,""min"":2.7569068287037037,""p50"":3.2056187307098765,""p95"":3.8624205729166663,""max"":5.345912422839506,""mean"":3.2592784090909093}","{""count"":220,""min"":14.819671103395061,""p50"":32.960179880401235,""p95"":82.34664105902777,""max"":141.2813599537037,""mean"":38.10410470152919}",diagnostic_only_no_threshold_or_acceptance
Subject.9/Pick up object/PickupobjectS9.avi,2,219,1,2,"{""count"":219,""min"":2.8261747685185186,""p50"":3.6151032021604936,""p95"":4.598607060185184,""max"":6.059503279320988,""mean"":3.6229463769801}","{""count"":219,""min"":15.532311921296296,""p50"":60.2726244212963,""p95"":134.06751032021603,""max"":194.39694540895061,""mean"":63.287160300045095}",diagnostic_only_no_threshold_or_acceptance
Subject.9/Pick up object/PickupobjectS9.avi,3,218,2,3,"{""count"":218,""min"":2.8418885030864196,""p50"":3.9917250192901235,""p95"":5.359193431712963,""max"":6.560882523148148,""mean"":3.9293367737003058}","{""count"":218,""min"":16.358840663580246,""p50"":89.21258584104939,""p95"":179.35218431712957,""max"":242.0159944058642,""mean"":85.54136576728678}",diagnostic_only_no_threshold_or_acceptance
Subject.9/Sit down/SitDownS9.avi,-3,235,3,4,"{""count"":235,""min"":2.7666521990740742,""p50"":3.8049932484567903,""p95"":4.820931037808641,""max"":7.457531828703703,""mean"":3.7875868794326237}","{""count"":235,""min"":16.419779128086418,""p50"":81.7180111882716,""p95"":214.62483564814815,""max"":448.8333555169753,""mean"":88.57720605135276}",diagnostic_only_no_threshold_or_acceptance
Subject.9/Sit down/SitDownS9.avi,-2,236,2,3,"{""count"":236,""min"":2.7498640046296297,""p50"":3.528666087962963,""p95"":4.392081404320988,""max"":7.2084654706790126,""mean"":3.5268081139490484}","{""count"":236,""min"":16.40327739197531,""p50"":59.63531828703704,""p95"":147.90917052469138,""max"":422.3740673225309,""mean"":66.0565570807831}",diagnostic_only_no_threshold_or_acceptance
Subject.9/Sit down/SitDownS9.avi,-1,237,1,2,"{""count"":237,""min"":2.7640653935185187,""p50"":3.168790509259259,""p95"":3.842424189814815,""max"":6.791774691358024,""mean"":3.2161359685107045}","{""count"":237,""min"":15.330191936728395,""p50"":34.212348572530864,""p95"":84.74464564043204,""max"":366.1310841049383,""mean"":40.30677758894618}",diagnostic_only_no_threshold_or_acceptance
Subject.9/Sit down/SitDownS9.avi,0,238,0,1,"{""count"":238,""min"":2.675529513888889,""p50"":2.799656635802469,""p95"":2.9074035493827157,""max"":3.2480256558641973,""mean"":2.8062074644672688}","{""count"":238,""min"":11.849395254629629,""p50"":13.16101032021605,""p95"":14.311859278549383,""max"":18.24659239969136,""mean"":13.221274890743334}",diagnostic_only_no_threshold_or_acceptance
Subject.9/Sit down/SitDownS9.avi,1,238,0,1,"{""count"":238,""min"":2.7853279320987654,""p50"":3.235614390432099,""p95"":3.8583308256172826,""max"":7.205919174382716,""mean"":3.270948612083723}","{""count"":238,""min"":16.162850115740742,""p50"":34.79995852623456,""p95"":84.2967441647375,""max"":379.2495804398148,""mean"":41.26345904333956}",diagnostic_only_no_threshold_or_acceptance
Subject.9/Sit down/SitDownS9.avi,2,237,1,2,"{""count"":237,""min"":2.785074266975309,""p50"":3.619477237654321,""p95"":4.447221450617284,""max"":7.690182291666667,""mean"":3.603635972580351}","{""count"":237,""min"":16.895351080246915,""p50"":60.91918209876543,""p95"":147.6803433641975,""max"":436.44220389660495,""mean"":67.28757091358676}",diagnostic_only_no_threshold_or_acceptance
Subject.9/Sit down/SitDownS9.avi,3,236,2,3,"{""count"":236,""min"":2.7918827160493827,""p50"":3.9199103009259257,""p95"":4.9294765142746915,""max"":7.95766975308642,""mean"":3.8765792358168545}","{""count"":236,""min"":16.888265817901235,""p50"":83.92879870756173,""p95"":217.75367259837964,""max"":463.57912808641976,""mean"":89.96034008242441}",diagnostic_only_no_threshold_or_acceptance
Subject.9/Walk/WalkS9.avi,-3,231,3,4,"{""count"":231,""min"":2.984000771604938,""p50"":4.648332368827161,""p95"":5.702892071759259,""max"":6.1448881172839505,""mean"":4.576773893865908}","{""count"":231,""min"":22.971190200617283,""p50"":150.42000964506173,""p95"":305.3422294560185,""max"":375.99823302469133,""mean"":157.37015415814898}",diagnostic_only_no_threshold_or_acceptance
Subject.9/Walk/WalkS9.avi,-2,232,2,3,"{""count"":232,""min"":2.906611689814815,""p50"":4.085210262345679,""p95"":4.997974392361111,""max"":5.405573881172839,""mean"":4.0741882765937625}","{""count"":232,""min"":18.459473379629628,""p50"":103.65689477237655,""p95"":224.58923480902774,""max"":272.94976658950617,""mean"":111.6587411780944}",diagnostic_only_no_threshold_or_acceptance
Subject.9/Walk/WalkS9.avi,-1,233,1,2,"{""count"":233,""min"":2.8127006172839506,""p50"":3.459561149691358,""p95"":4.221072145061728,""max"":4.591637731481481,""mean"":3.5049216887219834}","{""count"":233,""min"":14.4461043595679,""p50"":53.168320794753086,""p95"":141.9220821759259,""max"":196.7669425154321,""mean"":63.06556122668626}",diagnostic_only_no_threshold_or_acceptance
Subject.9/Walk/WalkS9.avi,0,234,0,1,"{""count"":234,""min"":2.6361043595679012,""p50"":2.7986014660493828,""p95"":2.9558024691358025,""max"":3.282500964506173,""mean"":2.806810802634009}","{""count"":234,""min"":11.566656057098765,""p50"":13.182697241512345,""p95"":14.565692660108025,""max"":18.63021701388889,""mean"":13.277236834078558}",diagnostic_only_no_threshold_or_acceptance
Subject.9/Walk/WalkS9.avi,1,234,0,1,"{""count"":234,""min"":2.76203800154321,""p50"":3.4877512538580246,""p95"":4.350479793595679,""max"":5.728263888888889,""mean"":3.5619855348805}","{""count"":234,""min"":14.604443479938272,""p50"":55.22331066743827,""p95"":144.1013232060185,""max"":196.584659529321,""mean"":64.18594883913026}",diagnostic_only_no_threshold_or_acceptance
Subject.9/Walk/WalkS9.avi,2,233,1,2,"{""count"":233,""min"":3.0108940972222222,""p50"":4.1345148533950615,""p95"":5.06086361882716,""max"":7.264831211419753,""mean"":4.155635208035289}","{""count"":233,""min"":21.000294174382717,""p50"":106.12733892746914,""p95"":227.0443927469136,""max"":274.8566570216049,""mean"":113.0665997804403}",diagnostic_only_no_threshold_or_acceptance
Subject.9/Walk/WalkS9.avi,3,232,2,3,"{""count"":232,""min"":3.2240152391975307,""p50"":4.71521412037037,""p95"":5.755098910108023,""max"":8.207646604938272,""mean"":4.671962857366166}","{""count"":232,""min"":25.821031057098764,""p50"":153.82895736882716,""p95"":311.25680840084874,""max"":368.61969232253085,""mean"":158.86463261045256}",diagnostic_only_no_threshold_or_acceptance
