subject_id,activity,source_video_identity,split,annotation_ordinal,png_filename,png_sha256,pixel_sha256,annotation_filename,annotation_sha256,annotation_class_id,annotation_semantic_label,annotation_pairing_status
1,Fall backwards,Subject.1/Fall backwards/FallBackwardsS1.avi,train,0,cas100001.png,42fe4e571ba58db31492566d465b0a7073f3b67d1ed111b35ffe4b07e1e8e4f8,a59c57857eed99bfce4773abf91969acdcf47a7f327bd5ee72a62be400571ea1,cas100001.txt,0a5590a50d534bcff4c0d436e96515e99d5d4fd9d03098aa55f36f92e34e3e1e,0,nofall,exact_stem
1,Fall backwards,Subject.1/Fall backwards/FallBackwardsS1.avi,train,1,cas100002.png,71b2d6c23f459257b259394f0cf333d49d3aa22a2bfa54735ba289a0444522b0,53188b5e6b49c684238ccebd2873dc53f5161ed183fecf940c666b5a4233e075,cas100002.txt,3e2414520b3b59f41836c9aa394231d4108cf9b06df2544d93987e30dde73199,0,nofall,exact_stem
1,Fall backwards,Subject.1/Fall backwards/FallBackwardsS1.avi,train,2,cas100003.png,283a9722784261f2ac20fbab61e583e95a9d1fb32918cd949a3b3c5fe1121df4,981dfb90fd89fb36b2f2a902abb3e08b35f57e8a688e9410a36be49a2a962705,cas100003.txt,eca94a735911e718bd8139f60f27750e94a6292d3f26f7da37e3f5abf273e5bb,0,nofall,exact_stem
1,Fall backwards,Subject.1/Fall backwards/FallBackwardsS1.avi,train,3,cas100004.png,a0d9bc2b896bc9f0f1ef1d4e8f9d4617c9d86f4a389113004b9b5396a555dfd1,8791cda6a623fbcce9ec45551f718b35ba10be10f6307bc797a607e0986f452a,cas100004.txt,962c7dd745877c98937ffc1bd9fb9cb9ac458d6e1c70e9f7a112b8f69644d76b,0,nofall,exact_stem
1,Fall backwards,Subject.1/Fall backwards/FallBackwardsS1.avi,train,4,cas100005.png,c3b9c701c18be733023ee38686604090748fd9dd7643575588af473da43fc9d7,4cbe8460dbdda05900e316f5a900cc8b0b0a1cd398b48cec29133a176944995c,cas100005.txt,9acd8a5a160a3c2a196202390f6d466fa7d3e14767c866040545978f87c26eca,0,nofall,exact_stem
1,Fall backwards,Subject.1/Fall backwards/FallBackwardsS1.avi,train,5,cas100006.png,962f9b59065a05f79df5aff107f81b30db1b99408a05d00b4a99c8aead5c40f1,528a7572e4c225bd4ab914187029a13336e87001cba879915dd8627f276e687d,cas100006.txt,975574eba1687ddfc25f53b55fb78bbf4a690108ece52313aa2ce25c7f4659de,0,nofall,exact_stem
1,Fall backwards,Subject.1/Fall backwards/FallBackwardsS1.avi,train,6,cas100007.png,d47581edc779289619bfebb38cf0f1c77163c2b0dd60bbe14b7d6219d052ab39,6da8cd936ac61809bc8d8ea0ce0bfa59b0f348bbec003c8e8548d1c9e3001bd3,cas100007.txt,c5a70a5208206808588d8e559e59899685d47b38606943f0e30ce0e38a36415f,0,nofall,exact_stem
1,Fall backwards,Subject.1/Fall backwards/FallBackwardsS1.avi,train,7,cas100008.png,ecb7c5234f5c93907490652ce6df0fa8f3f7a943a94dbc98fd924147e71b5732,2c29e7ff2d492d448b926de7fae9bf846e6379ce2b69a0bcdac150ea6b56439c,cas100008.txt,ce0688d5cf4b4dbff6e5bea650bacc01b95af8fe42fd560e18ee6b95fdf6d9e2,0,nofall,exact_stem
1,Fall backwards,Subject.1/Fall backwards/FallBackwardsS1.avi,train,8,cas100009.png,c8d0d7b550e34ecec956a50b509ea00f918d9f678a087978172724ddfd74071a,be6f99cfccaaf2ddccb8bc045546aaa270e7e6e2f082287667c1754b340184bb,cas100009.txt,f8a73db92c30ea4f9d57ab51fcb1b77b558bbdfb68e7e5a52f072c92ebb9f090,0,nofall,exact_stem
1,Fall backwards,Subject.1/Fall backwards/FallBackwardsS1.avi,train,9,cas100010.png,76dbd7c5d669430913e1a75ca7d2086de229e20030d9c6a3819b8bee886bc40b,5ce26fd4691563c5f13a2ca5d6681e96d21cbd9b08ed42d160225daddc30fa52,cas100010.txt,58fbc75652ada16fad433ebec79cffe102d3d9f37bfa22e1e89e56420cf523ec,0,nofall,exact_stem
1,Fall backwards,Subject.1/Fall backwards/FallBackwardsS1.avi,train,10,cas100011.png,9b8094f4b2f8ee18319d28ddc516205ac83b805777767a7ac58c4c2868a76b65,555874ea1d955b60de63b82469a726d546dd0e279317eb0b9fcae38d2f4725b5,cas100011.txt,f2e249d8e23b67f0e5be761a6f6f1497bab0c3de3f31a0e241056f362af426dd,0,nofall,exact_stem
1,Fall backwards,Subject.1/Fall backwards/FallBackwardsS1.avi,train,11,cas100012.png,35f999d6e9ef0f979ce5de3e859df8701dd5b5f127164904007445438917dec8,336e53f8839354ff32f47d5a609cf938b4ec9d3596ebcb26eb4c650f09cd6094,cas100012.txt,04ebcd72f30b6aea6ed581088b1bec8e779887f9e7f507ff140def230c084cdf,0,nofall,exact_stem
1,Fall backwards,Subject.1/Fall backwards/FallBackwardsS1.avi,train,12,cas100013.png,ef8b9d35fcebb2fddba2317356bd88d4e1269637fde246e3bd3d85f359739688,b5412edfc546bdb0cec3d9dd7af37093f6ce3c929ba5359eb01f83ad9563946d,cas100013.txt,46c9ea2d790c7afe84cd4d993a239022f577b5f91ff85a567e1dfeb6c4be405a,0,nofall,exact_stem
1,Fall backwards,Subject.1/Fall backwards/FallBackwardsS1.avi,train,13,cas100014.png,dcf081e81b797818da7361fd70bbc96e6ade895f93604c424f1ffead8145111e,afb6653549d16dffe8c2ac66b99d890e3df781eadce8f4de3b36949b09ab4098,cas100014.txt,c024eb26706caf9a034fd569c671bddade9d9f35cc79ac8d3bff81956e93650f,0,nofall,exact_stem
1,Fall backwards,Subject.1/Fall backwards/FallBackwardsS1.avi,train,14,cas100015.png,75046c5206226de27a14b6aea6dff90a82723c3b52f8908f2769f2ae39707978,dc7c83e635659edbdd99764bcc88d75de26ba72f53c691c927b8cf7c33cfdeb9,cas100015.txt,2d4eafc917a80aaeaef1b52940ac78eeff0d6056f2662ddca91e9fad7c071be2,0,nofall,exact_stem
1,Fall backwards,Subject.1/Fall backwards/FallBackwardsS1.avi,train,15,cas100016.png,884037c586bc7c82d74ea5700b27a51ef3caf345753692280d3f6906c21c3666,c5772a082a918b915a085892448ed994e65f079f687d82dd26a1b499c8a03005,cas100016.txt,e2c3c3a6ffc86dc68708267f0dde74f5eea0743670ed522315e4af77193a3be0,0,nofall,exact_stem
1,Fall backwards,Subject.1/Fall backwards/FallBackwardsS1.avi,train,16,cas100017.png,148749ffd09ecd5ca65a4b2250df5d05f3bc3c0ece2db1ded0379d7f173ed908,1f2f2c74ea27886cc49a231b538554d31faa2f430df06945eec2c9f46248fdda,cas100017.txt,4cb664e721efdd873629976ef61c47ac458bf2ab41e996216747c58199ea43b5,0,nofall,exact_stem
1,Fall backwards,Subject.1/Fall backwards/FallBackwardsS1.avi,train,17,cas100018.png,d2c7bc598d8ee106a188c823d649df25818649da9074428763ffd3c862eebd00,69c0a631fc6c58a1855894f2efc254967733db3562d3f8c91d16a3cd02cd20b0,cas100018.txt,86986137df1a8136350f6903da03820f802a021ff3fafa8faef824db042eb5ba,0,nofall,exact_stem
1,Fall backwards,Subject.1/Fall backwards/FallBackwardsS1.avi,train,18,cas100019.png,f72a2c40a5a662756840b530bee6c957e2b9c0f85f8baba299625ff3bcf1bca7,d9179003dc3448367ae98fc5852c4f30bfbb01875453949ec9ad918bf4972384,cas100019.txt,cb2458e883fd11f0597be24e60b56222bdfd1277a313e90e8f472c5edb4e6ab8,0,nofall,exact_stem
1,Fall backwards,Subject.1/Fall backwards/FallBackwardsS1.avi,train,19,cas100020.png,990596836b02b76449f44af3fd6ef8f1b8e1a1da64c4d8cb1640d183b34aa0c7,f2bc86c30b8239638b6b26ea9f4801b5d7a720c49e15d0f71ac847bbe4787c4a,cas100020.txt,a4c0470d81f9edeba84daa8a90b6359be72a76294cc3dfa8d8a89e0180f919c6,0,nofall,exact_stem
1,Fall backwards,Subject.1/Fall backwards/FallBackwardsS1.avi,train,20,cas100021.png,22b212f9828900f5ed1086a27eb568950c71bb2f43fccebf4bba6a4ba2f5ceb1,14c2d0b5e843ea59dd11ead545d31af616c81ab723ada5e17ae61542fe83b8d6,cas100021.txt,1de6b61d3e65aee39854a3dd93ac10342c6d93c17057ce17ef4529e76eab6bfe,0,nofall,exact_stem
1,Fall backwards,Subject.1/Fall backwards/FallBackwardsS1.avi,train,21,cas100022.png,82016289af9092654b1c38b3755493b9e5510356392bafb098fcfb884195fddd,0fe38a5b16f14a07c81721bc55611c6cdf7bb53c300b7d1f96618227c073f597,cas100022.txt,99c7bee19249d2dea61eaa84b4af72322bd0dd4b2774a608db3ad723061fe2c6,0,nofall,exact_stem
1,Fall backwards,Subject.1/Fall backwards/FallBackwardsS1.avi,train,22,cas100023.png,b3fe0aa78a979fbc62d234d0bc1d23637d60937b9910f06ffd5a9b04e740ba82,1b55ea2ad0100c83fe7288079725c1483af0ea4acab2428cbcedbadb1e856d91,cas100023.txt,6a61fefd64f14d8cd49468949d5a9d8953b19f6cda0ed18fc460f3b519612d62,0,nofall,exact_stem
1,Fall backwards,Subject.1/Fall backwards/FallBackwardsS1.avi,train,23,cas100024.png,d8992536bbf4eeb94737746182f93f03ad1225631d9340b838afb142492bae84,0e2b196ef4a3672bea4e161dfe910c2b1e58486d0efbb470b2332b49c4f3f54d,cas100024.txt,ccc2c41bf59bc001b95d43dc92142ce0af6e9a0aeb0d2f3f2f23f349897ef1ff,0,nofall,exact_stem
1,Fall backwards,Subject.1/Fall backwards/FallBackwardsS1.avi,train,24,cas100025.png,da87a53f0857d8c4d03303a86dfd646655316a8abd0bfcfaf888950ca323bfe2,c9c2987dc2a12684329caf126f35a0fccc8b2a5418b3aeb789fb351f645a949a,cas100025.txt,0496dcf697175c6a3fdc863f43094fe8f6afcd169003fceae9160fcc9e73f428,0,nofall,exact_stem
1,Fall backwards,Subject.1/Fall backwards/FallBackwardsS1.avi,train,25,cas100026.png,f39dd4839dff996be2d0f78f3f983938c6b0ab818a9c09630116480128fd5186,0a315d917d50dce99ec431a6550dc88d4ccd033d4f70c1f802efece18a051525,cas100026.txt,df2a28408aaf76c74489ea8f682f60e15e675eca47849754ab1e2257746aba72,0,nofall,exact_stem
1,Fall backwards,Subject.1/Fall backwards/FallBackwardsS1.avi,train,26,cas100027.png,b0fa312089d91bdf209795e3ce744d685113a579a539ea0ca192460293f3b7ea,4f7fc4cb9a891eafe8daaf53c399e6291256b17ce4042f601538ec73cfcfeae2,cas100027.txt,cccf7e9b9ad735577685bc5987daaa0331bc62a57a68de9f73f1e0174b3d5f6c,0,nofall,exact_stem
1,Fall backwards,Subject.1/Fall backwards/FallBackwardsS1.avi,train,27,cas100028.png,59479bc31650fae38ecba70bb89620fbf7629035146ba31f9b469d72094ad91d,a7f7546dc8dd29b65884ca6a234b0e54967d59ea5d91abc9c6b1da6234611ab4,cas100028.txt,9abce092d1c8a9227103bacd71b662965ac953c3cf8e9ad83503007b295f36f5,0,nofall,exact_stem
1,Fall backwards,Subject.1/Fall backwards/FallBackwardsS1.avi,train,28,cas100029.png,017df3b7646554a3857fd9552d29c858fc4d87ca08510023f2eb5ab3b2eef868,835f4956f4f4c43cb794d134e7947adacd673ed696262a847cdd644368d6447b,cas100029.txt,94ec5dab1bc9076d76e401564e725dac0a2ed19d1ad604010f9c6f385bfd7e53,0,nofall,exact_stem
1,Fall backwards,Subject.1/Fall backwards/FallBackwardsS1.avi,train,29,cas100030.png,a696c8edd06bb647bc89ccf5f05d057b3582fe6399ea6e2c90d66fe7d8656de5,3f9718f1866f2708284339cd349677f2056ddd6f9e9f8d4d963b0cdb7821e467,cas100030.txt,780afa76b5583f8778f14f9e76b3b41a8ea805a58e7149c7822ed3ab4194a6bb,0,nofall,exact_stem
1,Fall backwards,Subject.1/Fall backwards/FallBackwardsS1.avi,train,30,cas100031.png,b50895067a587e0da5389b70c55b9852416db050a5d622d44e7daa11681ecf2e,fc8264200ea9a3d15531730c8c3716e5ef5c853866a71bc2e1a39a66f9166530,cas100031.txt,edc8afc3f83835c4d2568d63f8f3fe8f0baa24bb0a0f32dece4995a79b7a2a0f,0,nofall,exact_stem
1,Fall backwards,Subject.1/Fall backwards/FallBackwardsS1.avi,train,31,cas100032.png,0f38eccf3bebe4c63af6f36e9b301c5074b3a15304ab50f7849705c65d410e78,ee965070da8902bc300dc8ea1b7d7ac6f5a7c5d997f88f5c0d6a90e6d5b8d415,cas100032.txt,ad605257f10385208424e8ecdf603b268ad5ec3648fdb89f82593987e361079b,0,nofall,exact_stem
1,Fall backwards,Subject.1/Fall backwards/FallBackwardsS1.avi,train,32,cas100033.png,52108fbcfdf5d5325feafab27144d40cc825a09c5700bb8724b89e4abb5ffc6a,05c190645087f88ec9a914033d7e2b6566a873403230f8124c9d1a489bfec058,cas100033.txt,96e8aed648bf0193302f000cc5f9df8cc60e07da68146ebf1cbe427eff608069,0,nofall,exact_stem
1,Fall backwards,Subject.1/Fall backwards/FallBackwardsS1.avi,train,33,cas100034.png,c1812bd45641c695c847a1e47d6fcf577faf368d2e259fb3e8c97c5bbe5aa523,d9401bd30a4a5e4769ddbf87ca72b09c76bf2dffca4d850c0aeced982efe9d1b,cas100034.txt,9a9a1ce297441a122c01b039b4db640fe9d97e37f7bcf908a97cd996105a6cc1,0,nofall,exact_stem
1,Fall backwards,Subject.1/Fall backwards/FallBackwardsS1.avi,train,34,cas100035.png,d808238fc05b2df3d9cf16c5ff40945de1ea9422aed8ad83b43752d2840183ae,79a4e25cb21793351edbbf7f21b7a47eb9401caacd8f465eb1d26ed83daefd1b,cas100035.txt,42d6e5f71d9ac9fc21778797c8c19022fbee3c67cee454bb9d579184495b680b,0,nofall,exact_stem
1,Fall backwards,Subject.1/Fall backwards/FallBackwardsS1.avi,train,35,cas100036.png,f841ac28e2ef2e6813207d56991e4bf6897a91b1fc63ec2f149aa16b1e93d052,52b2406fd7e659528053af766007f8da2d5ed3ca0fe6499b4f982af2eb1ca19d,cas100036.txt,921301df73565e36104c7ad2d8490c7cb222ab679555272f2bc9d4d393c9614c,0,nofall,exact_stem
1,Fall backwards,Subject.1/Fall backwards/FallBackwardsS1.avi,train,36,cas100037.png,90331bf1499798ab05d04e064ca148d6e0779b659af171175205d17dafa95e68,932573163be7684bdf10b97f7b9f5bb482c076a712e721bfff0d9d36f159948d,cas100037.txt,4df80c91c58e68a648d18556649a95a71b7e8f0847ce78cd7eb6486b04d355ca,0,nofall,exact_stem
1,Fall backwards,Subject.1/Fall backwards/FallBackwardsS1.avi,train,37,cas100038.png,f79d10bb822ab46501fa3722090bd18101f4b840c48739615abc338779c0e861,bfd27cadb01937e5e0a04a1d21e30110765eda8b029ea0d66416be788d5febbb,cas100038.txt,0ba0d5a7879e5a9657810bb5f64548bd0074e380e9176dec9e3679d57e90ab95,0,nofall,exact_stem
1,Fall backwards,Subject.1/Fall backwards/FallBackwardsS1.avi,train,38,cas100039.png,21e965592a821c89d0bbf53434c262627be9a0d677ef66c29d28b210a746a6db,29d127892b1a135d1d41aee543847a087c4078116e8e83566469351c93604f87,cas100039.txt,325727abc60a6cad7bee4c021ab7d381e58136fd624d013b84393fc1f4412dae,0,nofall,exact_stem
1,Fall backwards,Subject.1/Fall backwards/FallBackwardsS1.avi,train,39,cas100040.png,67fc497dc99075a29b40d8ddf46aa1ca24630e1a5b5f75ab88830e9334f03725,05c7e51b1a4641db2f7109de2aae5c276ffa23db92cdf5759ca500cac7df1443,cas100040.txt,7a0906b1865dc84e91b2af7dc194533738b58e38ba3ce4e5890eb74ebeaa2f6f,0,nofall,exact_stem
1,Fall backwards,Subject.1/Fall backwards/FallBackwardsS1.avi,train,40,cas100041.png,4ae8c18e2a0194536330a2611842f5b1bdb4d9644d9d32698ee92a7a336ccae8,12d418e9bbf6fb7feddfeb258d60e76a3ba1b2059c73dc787ee599522434e7c7,cas100041.txt,67e2f9ed4b6ea6a9af9e9f925909ab40962dd9bea9fcbf51dd950403ccdb5e3d,0,nofall,exact_stem
1,Fall backwards,Subject.1/Fall backwards/FallBackwardsS1.avi,train,41,cas100042.png,f66cbcb6029925e5df4c08ae10dd0764c8ef136b4136a6401daee240820ed66c,3542052bcad6b83da88a0feee0223595c378ad043424e07f15895fa6153f74b5,cas100042.txt,c20417d756e262b5e6e26fe3fe532ef8306c7eb3409468bef5a8e0b3d9bd2b0b,0,nofall,exact_stem
1,Fall backwards,Subject.1/Fall backwards/FallBackwardsS1.avi,train,42,cas100043.png,06df831efa422bbb13e57940c00341675933a27e7992c48523d5773b3ad63fcc,e011fe82977ce195eca9951ff4eb57f631e05b9ef75f38c094cca07d2e40fe43,cas100043.txt,65acaec5fb9fa5df2edc71c4f18d2cdd784dd0547e5684564669a43dd78ddefb,0,nofall,exact_stem
1,Fall backwards,Subject.1/Fall backwards/FallBackwardsS1.avi,train,43,cas100044.png,04cadbde605805a4eb2a66cc3d6dc33344c253d0649cc313b194ba6e6dbe9053,8b997227ddc67e4ecbb37fbd0cbfb69ac73bf1d10eeb8dd6164954716ee2fd52,cas100044.txt,1f549116afa624756e9b0dbf628b3e340663f97890adbd61890fd891c2c4b1a1,0,nofall,exact_stem
1,Fall backwards,Subject.1/Fall backwards/FallBackwardsS1.avi,train,44,cas100045.png,e1f2cfc2af4cac70b8d7a360b41cc853cdd66109fa7303d56efce6fbfec926c7,5d0e2b92c0ca533da6b92bc318c992dd237ddfdc5551344f17a0166f41464648,cas100045.txt,d9016554d04ee0c73a5cd8f5b1bd5f57d8ec5845f6df304747fdb79002554ea4,0,nofall,exact_stem
1,Fall backwards,Subject.1/Fall backwards/FallBackwardsS1.avi,train,45,cas100046.png,d8355cba12c0df47ec8f05e3e279d9ab121b1944ab24bc5611486e611972353a,68ec8b42b7aa6b75c3c4ab42d836a32a1f4efb5c5d1f7ec386d9eb2670b06953,cas100046.txt,006dfc10b34f88146cfaa8aeaeb98fea0eb554fbd3841360705bc2176ec11416,0,nofall,exact_stem
1,Fall backwards,Subject.1/Fall backwards/FallBackwardsS1.avi,train,46,cas100047.png,3bbca94e56942ac08ffa05944f36334db3a8033c852d9d83eb30dc90270dde97,829b86a0b0f9122fa41b5475c536456a7f41d39436edcb1b66de20b179a10688,cas100047.txt,cd3337035996bb94a7fe0047768f3360eb955004908845dd77120b6b54f44b45,0,nofall,exact_stem
1,Fall backwards,Subject.1/Fall backwards/FallBackwardsS1.avi,train,47,cas100048.png,73f37752ba7112ed3e30bcb0247be650a1669381628134bdb39502b9ddb63053,966f9b0fa2e7a4e1b3b121a7b21568b7cb0b1b9788634ad2f6bfe9f09133a781,cas100048.txt,5b34747789f03237ce213f5f9904f7ea3f484e6adc1e65a9fe4e93a5488c94ef,0,nofall,exact_stem
1,Fall backwards,Subject.1/Fall backwards/FallBackwardsS1.avi,train,48,cas100049.png,76976a623345b0d9b21b08659610421249647aa3362bd482235713454a9244e1,a77f4f49427f25f3e4ff04de7453c4c87d3fd11793373667e81501d9fd0e0461,cas100049.txt,6873d1dd0b866633d5085c119a444bdee5756a386101d74710b177d5cb129fdb,0,nofall,exact_stem
1,Fall backwards,Subject.1/Fall backwards/FallBackwardsS1.avi,train,49,cas100050.png,11e5d29ec88e613b39ab6c01b4e90e205b9a368c868e9e8ec710c0d240c8657c,dcdbad2a179b250b6ba4a5f63ec41ad2a24869406153cc9332f86f18c6ae46cf,cas100050.txt,b038a9d218ebe4f5e9d897e9406bf8080913d43912ee3c03e695dc00e9437b30,0,nofall,exact_stem
1,Fall backwards,Subject.1/Fall backwards/FallBackwardsS1.avi,train,50,cas100051.png,7ec2164eb0d1ce3d8abe92351225182877bf242b4d2dc2c34ed33016bb5491be,8b6e26740201ff82ecb6e1cae85cb9c961dc1b1e7a17d0fc59f4cc0a5abcd01e,cas100051.txt,6b273221ec9856cb1bc3da8b9c558d53102e669018abbe5fc7f1b09aed0007ce,0,nofall,exact_stem
1,Fall backwards,Subject.1/Fall backwards/FallBackwardsS1.avi,train,51,cas100052.png,36f88374b0444a6892fda0ee94cbd73a44c6dd029c26fe90048b1b0075619f64,4fcb28decd65f64be8fe50bd1b42ec91070233071d622fb256dd0b5f7261fc88,cas100052.txt,91f4f0cd3070438585a2e42dcb7466279434f173ff27f1a3e09a04dea94f24dd,0,nofall,exact_stem
1,Fall backwards,Subject.1/Fall backwards/FallBackwardsS1.avi,train,52,cas100053.png,a3e4c0be263cbff2cce210f7e7d707fa61c46b100ade917ea1e0493af4dc0ab5,810864b7ebe22683c94482ab6c6e5991baa794592580afa467609575238a12f7,cas100053.txt,1fcbef6b3b938cf91402fe293cf3f425822298e1d640a70941dbebb888548a8f,0,nofall,exact_stem
1,Fall backwards,Subject.1/Fall backwards/FallBackwardsS1.avi,train,53,cas100054.png,1688072f6da9eef25af3b1d1e90db61c9766ecc821c900c0b6c862f3b36de4fc,4dd2bd18515eb4f06ef7a17619da137e9d86b2300971180f2622f27f5165d48d,cas100054.txt,9f830816e499473068c6c6b8961c0f9c8870471d31c32fadbbb2b7fc2d5ef176,0,nofall,exact_stem
1,Fall backwards,Subject.1/Fall backwards/FallBackwardsS1.avi,train,54,cas100055.png,0e1906f1dd9fe3ed3714f7740116a3b886b9d4d2cef8518ec501ac43c92f7cf6,faa2763916203be8d65d815023ff3da1367b803c7c61097dafbef564061894b1,cas100055.txt,6952e88e41b59672634ab79f829c95609db9d4cfeab773c2b29d13a3e2961b3a,0,nofall,exact_stem
1,Fall backwards,Subject.1/Fall backwards/FallBackwardsS1.avi,train,55,cas100056.png,f00901a53b0668fd153565f5a495e33f69648c24c3edc38829e0b88f3b78c546,5d2aeb80167a601b90dbb98af9cc02b31afe343a227ff4eaef1de3c34254ebeb,cas100056.txt,98902832e8a4d7280d5cd62781dae6c03563b0380118296a78e9584d5826ca48,0,nofall,exact_stem
1,Fall backwards,Subject.1/Fall backwards/FallBackwardsS1.avi,train,56,cas100057.png,679333e1f03cb0db151cc406b72b55280c95e85acfcb8d2c82f10695c3d0a263,567631bbf3421d4825c139e361c308e505e3fbbed1bea5c061a1cc3ce5907961,cas100057.txt,8f912a91e74afc5fa427a91de1c64f3d827745e75de0972a18a412cb8759e791,0,nofall,exact_stem
1,Fall backwards,Subject.1/Fall backwards/FallBackwardsS1.avi,train,57,cas100058.png,64cdeb8da4c8dc0f673b5bc827f1126269ba51fa839717732a12bb68e7f2ece4,0b59f1d10fe1dc3ffe890a8739b418a60f419e32fdeec36d5b83fe29aee24f77,cas100058.txt,89558bd2aa877d520654c7a821de3bdabe26d74e5c22411627fe76d51a498940,0,nofall,exact_stem
1,Fall backwards,Subject.1/Fall backwards/FallBackwardsS1.avi,train,58,cas100059.png,9a0a27eae3565c7fe56c19eb2c8a094b56bbdb0f5a11024e4420b461abb47890,d07a493fa4806e2c0533cab59103a0073d97ff491133192d4c20527a545dd712,cas100059.txt,88e1f0650268363056195c5ffe82e9fac2199a6fe642e182b9c80c86ea9cca31,1,grounded_fall_state,exact_stem
1,Fall backwards,Subject.1/Fall backwards/FallBackwardsS1.avi,train,59,cas100060.png,568978d76d89c8e2a9d9c7d45a0b5f91365ab87760cd29ef0a7c6481b196b399,61eb5f31e918d3561131d250eb6dd64a00023f9cb62369aa451d629ed7862b4a,cas100060.txt,8dd1bb3992f2baa0bc5ab93df76ab05291e484d198f699b24181f1f9791a0848,1,grounded_fall_state,exact_stem
1,Fall backwards,Subject.1/Fall backwards/FallBackwardsS1.avi,train,60,cas100061.png,a06aac510877d22f7caf96962c80f07491429ee2d83739c7f6011cdffff7abdf,5dec3c76a14017b51ce0640a79b3dc02a9c3229fe83cc99e8ec3443f9bf1852d,cas100061.txt,124e352a06ebfa009e5e01de649f7c7bb8a5f3cf983a7bdd3cab6d0ee83a4139,1,grounded_fall_state,exact_stem
1,Fall backwards,Subject.1/Fall backwards/FallBackwardsS1.avi,train,61,cas100062.png,db3fa32731a229e65a7dd892b8e59119648422b0438e43072efb227478dcc985,b11c9e1b5890ce86d21e96e7cb6acf839e8e448dd503518897d4d1f1a4b29517,cas100062.txt,91c4176f2a1c8b360dd8033c02e119e8529094885eeddc314081c0ad4d331fa7,1,grounded_fall_state,exact_stem
1,Fall backwards,Subject.1/Fall backwards/FallBackwardsS1.avi,train,62,cas100063.png,e38c5ea96eaa83abc5a5629f557f69868801fef158e0a80fdb60d9673769035d,2c119ddec50ced5fddcb767a76d6d9ff6a0a6f66e83447f9c8e90f2f8249ea60,cas100063.txt,8527e465a540e0d607d87fb447eb69e71110bd49fe01c22dd81e6d0301eb0eb0,1,grounded_fall_state,exact_stem
1,Fall backwards,Subject.1/Fall backwards/FallBackwardsS1.avi,train,63,cas100064.png,3343bc0774a77e8f8afb49411ab5b5e72dcea6ba5b6439c7e1257a6abc0269b4,48cc836dd1b2abc2fe8aab9f447de5a7240a1752c3c47247524ec469fdb36a7a,cas100064.txt,f97f00df45fdcd052981db605544921ef353c0176c6d7c12287f804e0eccdedb,1,grounded_fall_state,exact_stem
1,Fall backwards,Subject.1/Fall backwards/FallBackwardsS1.avi,train,64,cas100065.png,128580795b0411d6232535d91d8f960da15687e11a6381f514cd55e90f288f91,4587bf28f0a7273f9c5c44cff0aeff7f5b229b23d6ae9d097e484a8ea668acea,cas100065.txt,899827e1ed00c5f16e1040b1eab25d4f2eab85199afffc69ee7ac9e0fff2fd46,1,grounded_fall_state,exact_stem
1,Fall backwards,Subject.1/Fall backwards/FallBackwardsS1.avi,train,65,cas100066.png,48d3abd417c7783dffb3e5925e63fda0bf2a7c901d828c84db599a8535fb806e,7b126453c98ad8711e8c1d2026e363238f8b0f7aa40bc9ec794ad9029d107548,cas100066.txt,78c4704ccf21aca094f025da82187a690eb06cfcd6e12fe14b89995c02c77b37,1,grounded_fall_state,exact_stem
1,Fall backwards,Subject.1/Fall backwards/FallBackwardsS1.avi,train,66,cas100067.png,01b5d54dc181c42401d41c7728b1151768102f25d6e71033b33af5a4814437bc,37165ccd1b563941cf271f6ca2e9bfe11248b53d533ee48f79819eaf8140833a,cas100067.txt,f74c853990ec1c9a1540aea23cff793bf9eaead7a393366a8335ab7354b33b27,1,grounded_fall_state,exact_stem
1,Fall backwards,Subject.1/Fall backwards/FallBackwardsS1.avi,train,67,cas100068.png,ee87b62c9aa58d3717d50d27fd5136a5ebe08ba40420f6ff6fafb960eb1e40ce,3efa45a74717974f992258574d10ce187b81b9c9921456f5fbee7fff6f9c9edc,cas100068.txt,705c022f09824c9dc0aa6796fb38ef5087a6cf44c2ff4a542a0bf00ba66b1a27,1,grounded_fall_state,exact_stem
1,Fall backwards,Subject.1/Fall backwards/FallBackwardsS1.avi,train,68,cas100069.png,dcf001149aa3dce2c924cbba6e77e4d3f12f1eedc79f4143fd254c15704fc279,0ff86bd58bacbb08275a6983816859feba2cf6d60cd44fb407d7b83117a32e4e,cas100069.txt,504d0319869925ad705bd9d35b46ed2dfeb4b70d640cbdf184a769a1e074b402,1,grounded_fall_state,exact_stem
1,Fall backwards,Subject.1/Fall backwards/FallBackwardsS1.avi,train,69,cas100070.png,d29a0bdf9b8f0d3dbc932641fcf93ef64417cf5e6a7552e15c96d93d04fae3c6,f94ee13bc52934bd2ade3df622c75564ac71a4c5db95aa876444d10e2f027e58,cas100070.txt,550cf513e9ef06375e372518fb19ba085da49b4b8ac7d31abc8129751616a2e7,1,grounded_fall_state,exact_stem
1,Fall backwards,Subject.1/Fall backwards/FallBackwardsS1.avi,train,70,cas100071.png,3737d298cd86668e3dc03d275cab82a5da5d0c4f7222c909453c889b08c068be,c459634c0d6246df2ddd4d20eb3139ad19e59f27019c92c784745b6fc5463974,cas100071.txt,abe343b5de8b3e8e28bb99454ae6e0078dfad8cea510c18109b777952cd508da,1,grounded_fall_state,exact_stem
1,Fall backwards,Subject.1/Fall backwards/FallBackwardsS1.avi,train,71,cas100072.png,d27b3f9f9fe8f740f86e22e472c5aa338b2a043c549b3f800384887824d949d3,95963915a8c48f5946f5916505af807e77223ecacfaf18008a6aca35468b9c9c,cas100072.txt,b950d81c168dff04ed63eb2b780d9e153adcb1c95c16a2e4f4e2b253beab667c,1,grounded_fall_state,exact_stem
1,Fall backwards,Subject.1/Fall backwards/FallBackwardsS1.avi,train,72,cas100073.png,39550af8fedc399fe29e6b0024b86d742ca75e4cc75c928b8654f4b4fc8cc40a,5f937517d60e205e7701883903a1759ab4f8403164ca71d07dbb3a8b7a1a99c0,cas100073.txt,3833a1b3d763bb032a7769145729c96e01a0668b5dea87940015b22f486866f0,1,grounded_fall_state,exact_stem
1,Fall backwards,Subject.1/Fall backwards/FallBackwardsS1.avi,train,73,cas100074.png,a95f176340b1671f3f216b8d6b1d7788075f77a436e7c3416886f88300c32b99,0949cb1e13ded2be0f89c6a0f76db5fae8a49df36e5df43dc02ddfb9ff7eb9e0,cas100074.txt,db39184a88fe9111b393e30da85426294822801c1ee6654d6514efa0c9c25d8e,1,grounded_fall_state,exact_stem
1,Fall backwards,Subject.1/Fall backwards/FallBackwardsS1.avi,train,74,cas100075.png,3c2fde95c5abfaec93cc404a7f620248e3139262fe5ba093ed8d257a31418bec,ef582b892cc7691058e02f4262da359595163b05e6287f96d7b7ec6c76b0f9a0,cas100075.txt,fe7f67a0d247b21d98b036f93e4078a1a96306f85e0f55018f88187c6a8fdefb,1,grounded_fall_state,exact_stem
1,Fall backwards,Subject.1/Fall backwards/FallBackwardsS1.avi,train,75,cas100076.png,47858c292f3fa2acb35cfcd6e06de76ac5140d8781d9ad8f323f7d101908e432,66eb817bdc8ec01ba3744895a3fab46fa354da3053ebd52efe38198debfe8d96,cas100076.txt,aa29a6102dd6fd827bed58021bc61b16dd2c922860944b7d683545a5b24a548c,1,grounded_fall_state,exact_stem
1,Fall backwards,Subject.1/Fall backwards/FallBackwardsS1.avi,train,76,cas100077.png,db78d3c607dcccd7d8233bda3611c8818e864feed26c9518a291ae2f049f9f85,1e7abc6dec8378ee23137b85b420220a4721270485ee6ead3583214ef6a21459,cas100077.txt,c5e41753428b6cf7d7540dc2b6762882fab22c8a726d6ea0f0933d210399fb59,1,grounded_fall_state,exact_stem
1,Fall backwards,Subject.1/Fall backwards/FallBackwardsS1.avi,train,77,cas100078.png,254a9e91e7e749108c949927321b2d1a46bf95e3682a9a3cf25feb3384a4fa9e,faae5a0be6e0cb268393babf5b4fc7b3ba6943e237b879c850ff01496d538ead,cas100078.txt,4359128daefb637db022a84877a1cff711f51c8729b50f58c8a9640dab8bb02b,1,grounded_fall_state,exact_stem
1,Fall backwards,Subject.1/Fall backwards/FallBackwardsS1.avi,train,78,cas100079.png,65e3a841f7df1e05d384e83502dd969d5c31df0a2075e2ea9b79c69949def2e8,ea6baee469a119ec73a112e5fb0258122a360fa16fb3838a2b6345726321ec7c,cas100079.txt,2ec2570c6a3c68e3727816bd67d0107eb49661075da37a46acc64667f8e5a330,1,grounded_fall_state,exact_stem
1,Fall backwards,Subject.1/Fall backwards/FallBackwardsS1.avi,train,79,cas100080.png,db666cdc2b04240a2d6d2de876f8f0b6002245893ad0927559b8325ae2c66ea5,61d3abc28d62ccfaa491566a13a335c31a62151700b4f760d8c333462bdedba8,cas100080.txt,1271b050d046c24385a23725a01ed6f61688d0b467534571c923b13edf252a59,1,grounded_fall_state,exact_stem
1,Fall backwards,Subject.1/Fall backwards/FallBackwardsS1.avi,train,80,cas100081.png,0490201e30b481d27e15ef35467d2c9caa9f5ae3d06f3544ba16aa50361d8845,1b536c8d0918b650a2a11c831a1dc56072f9b9b2de50feb92ef7b271f4c97751,cas100081.txt,35e27d6dd61cc52a23acaae0346f926dd0f997939f6584adb1a31bc374e972dc,1,grounded_fall_state,exact_stem
1,Fall backwards,Subject.1/Fall backwards/FallBackwardsS1.avi,train,81,cas100082.png,d986d2a7b02b61ce1e1b2f4c737ccbe1428e6da0670c39de7deb0e12c120f8ca,973d7dfbe82a9f27b770380bf0581c6dcc8a2c6adf9f588c11ed111077b90773,cas100082.txt,703b6ce355714413915f9ffb06c0011e037a0ae5c3934bf4885f11ed7d9af99d,1,grounded_fall_state,exact_stem
1,Fall backwards,Subject.1/Fall backwards/FallBackwardsS1.avi,train,82,cas100083.png,6d69a927188708ef45c3957ea41f5cf8dcff166583f20baa07c7abab68002176,bee848c73bef7c48b49b7e5d37d2e2b295bb1a1e200f410d5356b0dbc6d5cc53,cas100083.txt,059ca40eefcfd9e4885f6764262e53439c8c1e81da5fb656b4685cb23795df9c,1,grounded_fall_state,exact_stem
1,Fall backwards,Subject.1/Fall backwards/FallBackwardsS1.avi,train,83,cas100084.png,7771ce927218c0b73758d451b6876ba6f94f99b1db3c6d89b6c45fe05d00bc15,3f2aeb570c0a12a556ce0d78532b6da30780dc90c59cfa5eaa11abbcf51b517e,cas100084.txt,3a581e5462fe865238b822a9b2d087fc9bc156755aebfae653c11cc2ac8c8b67,1,grounded_fall_state,exact_stem
1,Fall backwards,Subject.1/Fall backwards/FallBackwardsS1.avi,train,84,cas100085.png,1f8ee1ea2864dd2dbe29fd8d411871549ef6d28c2e6e2a827027e1fec3716e37,30fd7333a232b200979f8b12525f814b6547a0a6313478f08e38b64be9f75a3f,cas100085.txt,7bbe5f5607745e77d03726d339ef9e793054053daab918a8d88d87086d2ed4ba,1,grounded_fall_state,exact_stem
1,Fall backwards,Subject.1/Fall backwards/FallBackwardsS1.avi,train,85,cas100086.png,052f8a62001b2cbd332658b8a974818c727f7c065229c1a39cbf52e9b910486d,eb888c57e75635eb8bf70e37b3bb8a7c35242865fea58ffff10486ee60992075,cas100086.txt,e8f3739e862e285f36a49cf3053caba45861f216f1959f2e9ae75f7850bac97f,1,grounded_fall_state,exact_stem
1,Fall backwards,Subject.1/Fall backwards/FallBackwardsS1.avi,train,86,cas100087.png,761dad338a4cd743777f6c9fd038dc480d7f01e111c2b8fb3885c1a9be191750,3d8415f39b26e403c678b97a40f0ae69c6c1e0670ab98c2bfb126ef879bf5ec9,cas100087.txt,83af6a879f3664446e8e14b453b5c431073863dd3bd7c1c408266ad9acff62ad,1,grounded_fall_state,exact_stem
1,Fall backwards,Subject.1/Fall backwards/FallBackwardsS1.avi,train,87,cas100088.png,042e47ea4df29cb7de12ed74a8a8612bf0aea6f73ffbf113e7a4ab02b44506c5,900a83b9ccc7b90465634f6e120c06390e5895e7c719ba47f561867892fb5e86,cas100088.txt,f45145677ca33efd4ae95996c75aa1f99fdf0138d2a886e152cfada7168f15e0,1,grounded_fall_state,exact_stem
1,Fall backwards,Subject.1/Fall backwards/FallBackwardsS1.avi,train,88,cas100089.png,a9b88210f2cdca4b3ed296505866534c85398d7526197003d803f39609b92b4f,cfff9760a447e59d402dc7198e9e6767730ad07400afbaa8b77626bad9facd7b,cas100089.txt,d319be1716699ca319c840bcd7e091df39950e0047fcf2546b0e4cd2ef2c25e0,1,grounded_fall_state,exact_stem
1,Fall backwards,Subject.1/Fall backwards/FallBackwardsS1.avi,train,89,cas100090.png,19aab1e87e6aa171b4dce2a19d76b129372c6484f5a38009d351bb00dffbea02,67b0a7d8ea70d7937640cd01af30f4ffc950a66faad69eac79b98fcefe9dee4f,cas100090.txt,90c9c33883eee7e5b40c6b44253fccfb1ca541bda29941f15b23e8a08261caa9,1,grounded_fall_state,exact_stem
1,Fall backwards,Subject.1/Fall backwards/FallBackwardsS1.avi,train,90,cas100091.png,64da8e278d1b7b0abd0e35d0a73c86dc42a3c875b0d1afa3e9c0b1d775c2509d,8cdd7423d1d7ea2bd693c71eaed2ee1e76208f1e8f413f81111d9e1711516f6e,cas100091.txt,06647f501a242d686a488015572291bba0c9de63fe5937435d4b82d78d12df7f,1,grounded_fall_state,exact_stem
1,Fall backwards,Subject.1/Fall backwards/FallBackwardsS1.avi,train,91,cas100092.png,e972342765ecbadd37bb9299fca1ceb93d97672bb568703a68d0eaaf04a9eeaf,06ffd64f5ceef69fab3c2e1e5d602c5924085f84e769735efe6bebfba52af479,cas100092.txt,706fdcad29f80f3643ee00445f58b97f98ea858b4bfa3e3c3b77f0c3b50477e7,1,grounded_fall_state,exact_stem
1,Fall backwards,Subject.1/Fall backwards/FallBackwardsS1.avi,train,92,cas100093.png,2fd96f0b653603a102ec807410fc1c180263496b0bf6edaddc3a0d544b621851,b12cbf9e2bf7c73cfa6936a80e34c860343d15c365aef6f03322672cd5972847,cas100093.txt,3ba9919b697e0928a90c907ed0682e3bcb50393a5fa3a6af7b153fdf0c327f6e,1,grounded_fall_state,exact_stem
1,Fall backwards,Subject.1/Fall backwards/FallBackwardsS1.avi,train,93,cas100094.png,01855977fb9f83f6cd21dc030df03d39b55ad688693defd172144e1225e9385f,9b755eacbd64b1ae8390f57b3b7ebb7b516cdefe374e2df978e03ba43e7257cc,cas100094.txt,b3a76c7511406f8b4f0f001970f79a0924d23bdf9d06225361a3736843b38f62,1,grounded_fall_state,exact_stem
1,Fall backwards,Subject.1/Fall backwards/FallBackwardsS1.avi,train,94,cas100095.png,9c91c6c85d42e4153869b5e766124e289c928987b4d7e596c638f7a952633c04,c2b075e6c343db38fad605f189d462497c92e976ca82d88f141e1da73c674cb3,cas100095.txt,1f2dc394c79ac82417869eb0918e933778f966b3292606b92c26a22569139546,1,grounded_fall_state,exact_stem
1,Fall backwards,Subject.1/Fall backwards/FallBackwardsS1.avi,train,95,cas100096.png,8fe121718b161fa5e82c4896b5ecff7b3f14db3c7553782acf6fad99522fc37f,d6a74aa99461e3ec1003e3b12597249352e36a394f2c28707f9b298064c3cd95,cas100096.txt,906e57e4caf151bf31ec165e15237d36558de7dd03c3cb232b6e4a38e053cda5,1,grounded_fall_state,exact_stem
1,Fall backwards,Subject.1/Fall backwards/FallBackwardsS1.avi,train,96,cas100097.png,2192eb872f5fd8c9fc7811e034b9c304a7ebf46b2a6c3503bd5568ad10f83a40,0dde9261df79a7561db57c524808247851ca3f7cf95a6402c224f3c723972bae,cas100097.txt,222db9e980c6b9e60462690897b6d62cc307e38d15a00e95780f8809f2a25f10,1,grounded_fall_state,exact_stem
1,Fall backwards,Subject.1/Fall backwards/FallBackwardsS1.avi,train,97,cas100098.png,a45512c98067a422e4738625bfdb11cfca3a2bfeaba4a4f34c7a8dd0af3d25ef,94187473d9c68d59a4449f7a749976c91352464e4c9edd170b9e8c74425f7997,cas100098.txt,69ea1b613267ff0b93883f94476e8c1d3e914ba2928c812661544b4e66199ab1,1,grounded_fall_state,exact_stem
1,Fall backwards,Subject.1/Fall backwards/FallBackwardsS1.avi,train,98,cas100099.png,e9193781323973f504d8670eb063c14261e15dc0495e1bb5ef17a07dad800f3b,bde05c5b4144fab90097ded7a515d804ffee0d7dd8704f1acba21667b6051e6c,cas100099.txt,e81d7058ff3e22d54203342122d6dc1ec418c3550149285ddba9a2af5f2622be,1,grounded_fall_state,exact_stem
1,Fall backwards,Subject.1/Fall backwards/FallBackwardsS1.avi,train,99,cas100100.png,f1fc0c97389ac71bc39db237185b5a9c4a1d15f5fdb831641785886f1947fe4b,0e19d0433f7a0e9af608010a7c1aea8bd689a344236a8b2d36f93295956a124a,cas100100.txt,c67528faafe428c7a992c097ac226f236069889e874560d194fdd7d75a35b690,1,grounded_fall_state,exact_stem
1,Fall backwards,Subject.1/Fall backwards/FallBackwardsS1.avi,train,100,cas100101.png,8b85347f92920306619dda085a0820d05fd55d54967844b2fae5000439ef3454,fcc497d183369795be1a96f01fb27e0ed03a44b37660b1dd1c41a916f99f8925,cas100101.txt,0219936bd5e18dac8245eb2fd5903527d71d05084f57211a7dfb7220416d6285,1,grounded_fall_state,exact_stem
1,Fall backwards,Subject.1/Fall backwards/FallBackwardsS1.avi,train,101,cas100102.png,d24ed9f8d1356f0fc9421cbd69aeaf818da197f25ee5be9d6043487eeda8fcb1,bc4c014b18d9fad9007ec4ae5196136e7724cce4a87f12dc27de3a462a385b0a,cas100102.txt,cb28983e086a435c91d820956bb9c0ab9ce3285168a09536cf33b24545101678,1,grounded_fall_state,exact_stem
1,Fall backwards,Subject.1/Fall backwards/FallBackwardsS1.avi,train,102,cas100103.png,7706e1d520cd6213ddae7d5be895320351479b36286b53225ad324569308ccff,28eff187a8d9e357f8d97ed5698df4d8f9c59c704019a0e3bfdec673aa23b8e4,cas100103.txt,836409b0faa31687a1420afe6425d1a65a1640720d5096b8b1c1df06f944e2ee,1,grounded_fall_state,exact_stem
1,Fall backwards,Subject.1/Fall backwards/FallBackwardsS1.avi,train,103,cas100104.png,bb346755039a41b3b09d9be879de41a05ffde1b23e7a2d92d684b2f9770e3256,6a2c9a490b50e25fb387ccf857108c573c51afdd8e9753b14eff905d9bc0d261,cas100104.txt,b1c4c455457b5f2abf63e80bd2b453063d15152bf063148f76cc85b6d232b312,1,grounded_fall_state,exact_stem
1,Fall backwards,Subject.1/Fall backwards/FallBackwardsS1.avi,train,104,cas100105.png,47f3d441b7c96428bf4b3175ea63157a7f31849ce9abcde3f9d3b010c709cf3e,99d1c743a2f17e09c101ebd8565c4719ed74cf85aefe9c54331eadf9924eaafa,cas100105.txt,b95715f067748d7fc24ea4b52a317c71c64228261ad4a5871598af91c274d940,1,grounded_fall_state,exact_stem
1,Fall backwards,Subject.1/Fall backwards/FallBackwardsS1.avi,train,105,cas100106.png,dc80ce0fa0776ca236fa18b587074ccdc1b6cf44798d8382c62606e238fc43b7,061c420778fc9e54116a200d8c4fdd3053103807617062fcba14298de6bb55c6,cas100106.txt,0d285dd4c2cec890b6bd43f53d6acaeec456dd2dcfc1efdf6e6c583950a2e16c,1,grounded_fall_state,exact_stem
1,Fall backwards,Subject.1/Fall backwards/FallBackwardsS1.avi,train,106,cas100107.png,083e8deb0fc5900110b775dab2e5a31b73dde00b4296f608608db247dfdc0aad,11d0b879d3452f9b352f3489cab6a22a3acea0ae34d08a74876a5e4d22f7c71c,cas100107.txt,63a36ed8c23b8e7a2258f857aa82eb852caf4fe4d25fec9b3b6d2dadc8cce769,1,grounded_fall_state,exact_stem
1,Fall backwards,Subject.1/Fall backwards/FallBackwardsS1.avi,train,107,cas100108.png,a6756cc49936ffababe9d33f296d20e8e38605f49f7a56a8dbb7e252ae9cbb22,0d53abbe67430bae366b831c00253442e59b6ae75016899e4e2e9a317492a2a6,cas100108.txt,d7a6317f0ff1cc31ab0ac91b99ff4f0db213706b8e64ec723f78c1ef0b6abaed,1,grounded_fall_state,exact_stem
1,Fall backwards,Subject.1/Fall backwards/FallBackwardsS1.avi,train,108,cas100109.png,3eec3531640af3d381843f1c6a85fc0ec3a0cddf62f8241218229223434038fd,b14d3a8d5998380b3747543e341d98bbb9d7dc258132ca6789c249d2b22f6761,cas100109.txt,4734258288a166af2177aa6997e5a9c2827be647d4a360e14ab1ba9bc0e8f797,1,grounded_fall_state,exact_stem
1,Fall backwards,Subject.1/Fall backwards/FallBackwardsS1.avi,train,109,cas100110.png,4d8b867d8eb2665ef4604207d1d800d178a4a9e50c8d4444d42f3ddd155b1e43,9fea06ccaaae195bb933e1d9acab14f582e77509dbcc1ab8af988405ff21464b,cas100110.txt,4be2633aa181742109fc8cff3d33df4ee25a89a9724da1475daed879e9ab63ce,1,grounded_fall_state,exact_stem
1,Fall backwards,Subject.1/Fall backwards/FallBackwardsS1.avi,train,110,cas100111.png,4c9390c32f2297f290924288ea0eac1d5af27f6c58904caa5cae9f9a31bfe589,60addda312ad2215c47243b3562d2f61010f7991ee2de77f265ad4d523026409,cas100111.txt,f4d76aedb1c231459af4392d7334c8cfa9d4622b2d98977696f1de25db71a862,1,grounded_fall_state,exact_stem
1,Fall backwards,Subject.1/Fall backwards/FallBackwardsS1.avi,train,111,cas100112.png,6a4c4f0ce46de45b13dba4eb6237c9cee4ac660a27daa1c6efa4e71296b67953,6753977a4a96658da4a1240d02b0fcab193637749c2b0208d64e278085b1222c,cas100112.txt,7fe6f6a9c1a92162dcb68cf3b64af9b6bc53160abbf080c6a8f9a7e783861b9b,1,grounded_fall_state,exact_stem
1,Fall backwards,Subject.1/Fall backwards/FallBackwardsS1.avi,train,112,cas100113.png,3f2ea83fc7ebab4dc2828f70cc27839d24772591d2686023f97066ac0212900f,72770145acbf1d992cb29d4df7054c0dc4f2f9845f3e087e9445545e8eed11ad,cas100113.txt,b67684f1af76d1ffb5cb21eef63ecf579bb80824bd11bbbaee178e463031c9b5,1,grounded_fall_state,exact_stem
1,Fall backwards,Subject.1/Fall backwards/FallBackwardsS1.avi,train,113,cas100114.png,17a56303cb66c5e1cabbfc4e6aecf1ed77582a2da3ca7342aec126cb66eee748,221d396660b5c4771073f0a43c0b2df3b5aa37665a55bce13f71107f759b9508,cas100114.txt,5ac9be38907dc726b3dae53ac5d3b7b5b578bd02ad2a9d84bf30aa726e63125e,1,grounded_fall_state,exact_stem
1,Fall backwards,Subject.1/Fall backwards/FallBackwardsS1.avi,train,114,cas100115.png,c7e16981256272e2c5015a644d8c02bb22a04d8a42878981e24dacad2b20def5,c5b4afbb15fe81968e82b26cede42d74d3ae4a099908acb743bfecc5106d638d,cas100115.txt,a3a6f8c6fba7aa88833e7bb276a283973e07f5874273c57c132801f65d534570,1,grounded_fall_state,exact_stem
1,Fall backwards,Subject.1/Fall backwards/FallBackwardsS1.avi,train,115,cas100116.png,27aec747b674ba284dfff0e1b123f47e57ee1c446dba09316bb58fd113162e70,e3e630824f556c1cb7d3dd11774e82baf0436267150d8147ddde1a2b8769382e,cas100116.txt,b6f665f74bf4e47cbdd73ce4bf5dd0a171f5367d00d9b82fdb612c513eebc633,1,grounded_fall_state,exact_stem
1,Fall backwards,Subject.1/Fall backwards/FallBackwardsS1.avi,train,116,cas100117.png,99642dfc1f1b0edd61c12e8d7f306753241f2e4d23f44322a60626ad12deec6d,1142f41f3d7be08e99b6b0558090dac0c191ee780969aa7f2dfee2083154e370,cas100117.txt,36aa62d80e056db226163d0b1477bd1a80463150127a7ac52e5fc53202d151cb,1,grounded_fall_state,exact_stem
1,Fall backwards,Subject.1/Fall backwards/FallBackwardsS1.avi,train,117,cas100118.png,209a919c8f9eac71baba1ffcc5177ea230e265298b7971ce2bd3e04ce8810539,51d1b8901463768ac19a942964cc2528707ffa4ab4b3deddc6d58c59372eb86f,cas100118.txt,8ffa216ab17922f5e1c4d1a29c9034363351246310f99b9737f8561e05287fcd,1,grounded_fall_state,exact_stem
1,Fall backwards,Subject.1/Fall backwards/FallBackwardsS1.avi,train,118,cas100119.png,7d2dae77c1f79ab42cd1b47e134a162c5b6b851f63982019e384eaf66162c38f,301e379accd9fd427ce7b9ce8952b5506d028d7cf43afb599217a8ee2e78f0e6,cas100119.txt,3412f5e279284363905225b3e945f6c917bfe2cd413c8e4cf19e63c5242a712f,1,grounded_fall_state,exact_stem
1,Fall backwards,Subject.1/Fall backwards/FallBackwardsS1.avi,train,119,cas100120.png,92319cdf7a8973a0706ae5ec09e4238b4cf5070d5d5b2ff903ba4a810f77884c,30742cd86422a6d86f2cd762ac6157f35ed1a7dffe1341dea0fdb9d779a82030,cas100120.txt,e34520b4b51adb7aff892ab8eb14d4a53b42fef6dfa2e17aecfb3353b278ddb2,1,grounded_fall_state,exact_stem
1,Fall backwards,Subject.1/Fall backwards/FallBackwardsS1.avi,train,120,cas100121.png,486f40a88445cb8b21fb66202a7b5a7fbaf4a71d89a9a2114a322e4c426feb2e,b03f772be6cf6b3ac707bb499a57b0d91d00c79c46eb244371b12ab69b355e45,cas100121.txt,f0db3382ef70add2da3de8554df20666a6d79ee6d09438a944b043232a598203,1,grounded_fall_state,exact_stem
1,Fall backwards,Subject.1/Fall backwards/FallBackwardsS1.avi,train,121,cas100122.png,38d58bd1931f7f85823092d22db29a671ceba5a5960a346655745bddcc5ddbe5,9c4da9cba7b439ccdcb1dab619e44b6e88c4bb8c8788881e0a25fd2ce5cac37c,cas100122.txt,401fed6837d268e8b88a9dad2b83a77bac292bf791b44ea723d375d51bbc66d2,1,grounded_fall_state,exact_stem
1,Fall backwards,Subject.1/Fall backwards/FallBackwardsS1.avi,train,122,cas100123.png,f721de9cf0e50d6570f78ac37a64425aa9a5be04a1b778f935871cb861bdf39b,cbb00bd320f15b5b85218a21f158a74604b1271a3749e53e54e40373aba496ba,cas100123.txt,ba49e81edacf0ff9abd2dba54c2a746be278650c38c9e837f4c3c2ebc043e951,1,grounded_fall_state,exact_stem
1,Fall backwards,Subject.1/Fall backwards/FallBackwardsS1.avi,train,123,cas100124.png,4f76acdceaf6f14dda20863341d2ba7ef2433f12717cf873970013823a97a59e,a1551666943e97d1298a985d19342045c19db16cf2515dc1e6a91b5212f05c6c,cas100124.txt,e393e8408c473b9d364b641eb949d63dcd1d9484cf9a9f53802a6256f906e9c9,1,grounded_fall_state,exact_stem
1,Fall backwards,Subject.1/Fall backwards/FallBackwardsS1.avi,train,124,cas100125.png,14f3585a5d2d0d00fc507ee85fd8e5b438e1972eb11c98af0b621766a22b0986,6eb0fa9ab571e0f8ca066c025d3bb458a311a851d255a1ffde2e59297ef73f04,cas100125.txt,4428c1c145054016160f07283d7aa9e62ef10b0baf1dc5e72bc116ba2ea50aa7,1,grounded_fall_state,exact_stem
1,Fall backwards,Subject.1/Fall backwards/FallBackwardsS1.avi,train,125,cas100126.png,082f8f4b20d37432561514c1af80294218b51bf958e249a5731bd365763c1b0a,8cc8f9479f7b23e8c2fe9dcc6990fadc7598f4e201f99f8a31393d09632f31f6,cas100126.txt,9c10fcf42f520bbfdae25d80747953561ff4d94aeb2a982408fa9f5e81a9c608,1,grounded_fall_state,exact_stem
1,Hop,Subject.1/Hop/HopS1.avi,train,0,sals100001.png,c923e1905d6d54a3f07e255874875b841670edfc9ae27cf79f4e0c60de99b020,b457687466298248f247bf5ffc70f1905b232d4a1d210649ef88dd01e02c8313,sals100001.txt,b5ef853f659f3fbcfe3affdb6a7a2c17a5f7058ebdddabe162bc8141fe779f3d,0,nofall,exact_stem
1,Hop,Subject.1/Hop/HopS1.avi,train,1,sals100002.png,147af029fd2458b0ab956f3a10c13f6120cebfe60e1ce4a3fed8d0b4f7ecffc7,a24d8174f559fc23afdb0ffdf9e2a44ac0d0e119b120750c3f9ce3cc9f159d2c,sals100002.txt,a6085b9cd4155cba38f1407d14fb41bb02a17ef021ea7b3fe14ed9f5d500ca63,0,nofall,exact_stem
1,Hop,Subject.1/Hop/HopS1.avi,train,2,sals100003.png,c73c4656bc9f28c4966868c83280d80b497a50b6428888bec238a05cde704cd8,e2364c510f7eb40da75cee476ad3b46ed778ba883fa01470b7ef8ecd4a23f9ca,sals100003.txt,bc64735adaf9f24cfba2fb15982ff998bd0cb2938a211dc55ec7afe0924e2b77,0,nofall,exact_stem
1,Hop,Subject.1/Hop/HopS1.avi,train,3,sals100004.png,ad9c0d152ca0a944d723a0d4efe86ce925766fb16eb44d11cef1714eb4060ec5,d9d899c23e929593a5ebdc78e0839ce23e72def2b8abd3b93c1de2f7c5fe510c,sals100004.txt,3f25496d545a73f76b895fae760d9e078edb2a21000a42bc0b5da7143dff2a6e,0,nofall,exact_stem
1,Hop,Subject.1/Hop/HopS1.avi,train,4,sals100005.png,c1bf9ae60bf1a14a9a3336bfaed6c59fdfa271d786a068ee2702d0480419dd00,0dfb8a7d9b3713a5deecf137a06b5821aaa29d13b300da1a427551509b2be459,sals100005.txt,c55b3a1c82da6e2b4c00d174fbc3f09fe498b33007cd41add690a0e7f5d8c76a,0,nofall,exact_stem
1,Hop,Subject.1/Hop/HopS1.avi,train,5,sals100006.png,a9be65539685c234754d710734c283a93407ce71cefcfbbed2e1b9274e495a76,171765693d278c0bc9c3fb95f7591c533b83ff313e4305c7cf74cc3ed311c225,sals100006.txt,e682a4e3064f36290bf9e16cd7ce7bc0cf8a6914da939ce143ad8877db46426f,0,nofall,exact_stem
1,Hop,Subject.1/Hop/HopS1.avi,train,6,sals100007.png,bddfef31421a0be1c18aa8e31a43675042d1a95b2f0b4a07112eaf06de691666,c51c00f217b60c176666d97ec94b3eb0a8e7666f35048736300dd730eff2b546,sals100007.txt,03fcbe2c2218cf4123e5010f2c9c3938612bcef90ad7d8010b4f64588998863c,0,nofall,exact_stem
1,Hop,Subject.1/Hop/HopS1.avi,train,7,sals100008.png,0bbddf5922fcf45c52e071bc932ddee05c3adf9750e5169c37a802ceb3175a03,e1d71142785743f99b894729ea5f396c7eddfe959db7a5451f5bf328293409ca,sals100008.txt,0c1ef9cb1acd77cfcb956350da02adfbe96fb60c6d2b4775bf6f2f34875d12e5,0,nofall,exact_stem
1,Hop,Subject.1/Hop/HopS1.avi,train,8,sals100009.png,337f5077ccee826d4a2283b9e610cf933bd8bf89803179bce75ad9ddf1e6e5f3,1d342d5419c822e2bc2da8bca630602659c9e430def9d716b39a176ab29bb6d6,sals100009.txt,e48f0ce936b74d7cdfecdfde55d51b69dd25771e9bf5ced9f275c6384eae2179,0,nofall,exact_stem
1,Hop,Subject.1/Hop/HopS1.avi,train,9,sals100010.png,89a4dbd2076a78f4a461d969623b437dc9edcbbec9c7454342ee353049f41021,5327b33844379b722f9383d620d17ec91040ec4ee9202879c0840475044b1e2d,sals100010.txt,1f5211ad6c8364a2c3e9322cd9ea7cc383a192506403c9e6d3a55bfa045391cf,0,nofall,exact_stem
1,Hop,Subject.1/Hop/HopS1.avi,train,10,sals100011.png,d1f249e51a9c413f901185dd7d664efba25bf3e9b6a40447c410688035246e5a,57629f7c162c9f8bfec0d977cd5a4d60260bf56e378c95142fbb6864717bb32e,sals100011.txt,bf797a9caeb3afd8f155881c8acaf77995f3c916ff51384187a3ce95b60232ff,0,nofall,exact_stem
1,Hop,Subject.1/Hop/HopS1.avi,train,11,sals100012.png,d1b56205017c044270fa142e4e3ca99e11a764f33b5a5539b7d37b6310551270,ed3ac6e1310e1cc13384202febfe28eeace647378db770f08898cb0a7fb388b2,sals100012.txt,e62c5e1576cfc920606a45990278f4acb230ff6fecdf76a2e50ba3cf25d7a560,0,nofall,exact_stem
1,Hop,Subject.1/Hop/HopS1.avi,train,12,sals100013.png,2003a37d1d3dc1f7215b67625b759000d62e96de288b7875abfb9e84a6568709,30aa7be86db13783d57cecf057c2d97854cb41c3daa0402f71c076f0adc4e46a,sals100013.txt,09f6af6706f98edf4f09fbcd4bc76039d50045f55b026a64c188f77497a2ea97,0,nofall,exact_stem
1,Hop,Subject.1/Hop/HopS1.avi,train,13,sals100014.png,adf6989c8414717d1a8da71902e66d7b15424d271bca1976f297e92e04a7af74,7812d38c6524f5489949d8cd76e8c96b181ddb44cf2fdcc6aa0c85338f6ca3e9,sals100014.txt,43ecb401dc054d071835c2d5782040920497f89bce18c62e4ce226cc2dedcc0d,0,nofall,exact_stem
1,Hop,Subject.1/Hop/HopS1.avi,train,14,sals100015.png,63f01c07793057b69d6039de1eca44ab9486f5480da3898c3e3863391d4f2c7d,29b1997f1795d266d20e7359b7cd08e0f9aeaa1264b837a33e0dcf1ed25efe2a,sals100015.txt,bd6c6bf2ab92a45e38eec47059fe21ade20fe886a028865a322ce12541d6e11f,0,nofall,exact_stem
1,Hop,Subject.1/Hop/HopS1.avi,train,15,sals100016.png,e3488fb7b12fd5508e5076b0fb995c97ea9dbfe7cc15f3003287aad66e891d33,ecbd9c5495b55967f957264a7fbdfc1437ea77c37dc398ccbdedb5b83354618f,sals100016.txt,5a2011986f9c9ed53edd89cf2e8923b009a3e3da510515645e232082cc5c80c1,0,nofall,exact_stem
1,Hop,Subject.1/Hop/HopS1.avi,train,16,sals100017.png,213b671c086f6ff704fbed931d8ba7cdf5dc9140d1dea79013d962aaa8aa80da,a6f688ca5721e878518b2d86b89a8d5cc23ecc097710e0386be9d70849176df1,sals100017.txt,f92d8082bd44fd61d416492a9ffd85202397a1e76142d246cb7cf04e9fc81ff6,0,nofall,exact_stem
1,Hop,Subject.1/Hop/HopS1.avi,train,17,sals100018.png,5b93869f375f2531216b77ed493112de81c19285127335438394d5cdc6d65a37,e3763018c24cee54e946d3c6fb95088d8130a8a2d31282f87a3fa251c9482c1b,sals100018.txt,96bd1655ab41e7233f608962e9a64b5dc9e630a739bc2c63d65741648b3cca12,0,nofall,exact_stem
1,Hop,Subject.1/Hop/HopS1.avi,train,18,sals100019.png,ff0f3a8d4fae82b6acff049be13e275d76eee1ecb860bc27dd1d883f4f202748,9a5f2272c0cad785d26675211f28765c0a5d24b63228462ef9ec21bc0d8bdcac,sals100019.txt,7c7b216183b49f74b333d1d4cde72a67ca6c6487f5f077cd0372ebf4145b12b2,0,nofall,exact_stem
1,Hop,Subject.1/Hop/HopS1.avi,train,19,sals100020.png,e294388c101a4e7afa680b0360be871ea1ba33ddabb216726b4d787f299c773c,0aba8963b9d364b64bc894e45b9510ca64a3d42d9b5974e717d738ea926f42af,sals100020.txt,76587d955346f117eda9d2b4e249aa1999e9bce8147132f394f726b4df36d86d,0,nofall,exact_stem
1,Hop,Subject.1/Hop/HopS1.avi,train,20,sals100021.png,966b9a12cad8450a81958258246155ea0480ea5cb4e565a9059ddd3e0d77c46f,36ff1feacee18e1adec54a5578594679dad352eb911d95edd8ab0269b3839a3a,sals100021.txt,7dbe94f28e02c53f17f353d8b9c04013c91257044c4aa95794875c26f652aade,0,nofall,exact_stem
1,Hop,Subject.1/Hop/HopS1.avi,train,21,sals100022.png,7266ff2c66c7b0dc418045c64a2e02f27f4fc4a941ad133d7ff656c69ec243a9,ee16899b1aedaade2c06e4b3cb00129e157192676b37d741890eafed417c89e3,sals100022.txt,d061b5cea949a17fc9a5ed9b52405205ad2fb0ebffb0489b6d61d69a17c542eb,0,nofall,exact_stem
1,Hop,Subject.1/Hop/HopS1.avi,train,22,sals100023.png,ce1695882349d905a3a9d25eae3c904d880b89890652bbd0c4e689ec7fd3fdfb,b544657d075c8dba99e5e037042c9eb92e86a46fc5adabaa71987bc7a79a8b70,sals100023.txt,a54a1143e84e48e4fbd126281da26f100f9cc781a34f1f3bf3b715c7c4fb5e3e,0,nofall,exact_stem
1,Hop,Subject.1/Hop/HopS1.avi,train,23,sals100024.png,fcd5b86f2d05f1f3642eec93d223cb0406493a21a300b370f4f1908c9e345875,89c42707535b9d29743286d5eb240814970c65e492e337124995ae35e0ae0fb0,sals100024.txt,1d0d9960e201ef019f45dac9e808138fbd28fbbdd7f34c77fc64f375b5d98c4e,0,nofall,exact_stem
1,Hop,Subject.1/Hop/HopS1.avi,train,24,sals100025.png,40fb3ad2be6d86de87742d1d349ccaa8bba207f4c6b3254480b603eba2962307,dae2162936737d197236bad217caea45121edd4922163a77c9a5035c62fbd4fe,sals100025.txt,cea12ae321a7ede3e68dfa89faa904100f42dae9f111fc933f59b2a2d61b9d96,0,nofall,exact_stem
1,Hop,Subject.1/Hop/HopS1.avi,train,25,sals100026.png,0f9b5c51cf8b6df34a84a611ec18a32e6623863d92eb795407e6b69142c94007,2c6512e75db965a1951d50ee5c01d7ed369a26ab423e0fb5c847a85937ae8a9b,sals100026.txt,574816b77ef1e5440d4389fc50227cb086d289a27c9579876f9b723c63642633,0,nofall,exact_stem
1,Hop,Subject.1/Hop/HopS1.avi,train,26,sals100027.png,388bf7545406719f6ff7e5ea71e6fe3696afe29fa67193b958228f44ff7e82a7,75f1735966ba10d98ca657b4cd406bb1fb57a80cc527dc2a4656692078017e9c,sals100027.txt,ce604137df21ceabf7658f0337fabd387f3f2042c79e8bf49fd46b76cf9ba090,0,nofall,exact_stem
1,Hop,Subject.1/Hop/HopS1.avi,train,27,sals100028.png,3fca1c41a6cb0d3fc2e8c8ec1f4838cd13a7e261a595a9d622e7164a90936340,ce58460d86de88f8dde5f4fc4ec7cccab99c4ef4f909afe0584dfff723e6dabb,sals100028.txt,18dcd98681fbaccc3f8ee334bb60482e0f769bdc7e164154081cfcd7818fb69c,0,nofall,exact_stem
1,Hop,Subject.1/Hop/HopS1.avi,train,28,sals100029.png,f454c0f73cd318c35a0f977e489894fd3c6987fdb16be273c5f4d30547739641,6ce2a7bd22a0c8e74f356985ea608b8f9fb7590d3b981cf9de94ce79b54e0d60,sals100029.txt,cf7da8fcee2db3a5ee56e162ad2925cd7381af7e249e7a60088b7ff098b52693,0,nofall,exact_stem
1,Hop,Subject.1/Hop/HopS1.avi,train,29,sals100030.png,e9a7ef1e4fc084243936a9b70987ef7562857095e40ba9891b2f622676e688f3,be786aeedf57058a2b35f1512cbbfd86fc6e4674ee31f076c7399ca3ea84e6f8,sals100030.txt,fe1fc685847fb304cd724dbd1834bedae012d2bfe27e702e420b004eaeea5b13,0,nofall,exact_stem
1,Hop,Subject.1/Hop/HopS1.avi,train,30,sals100031.png,d995124af7fd3132d2af937afc0f7820eee199b8de6fa35e00a4386585294933,7db902e40d9728721b727f6a30a59dd621be782d4cf7ae2d2c9cae1aa17985b6,sals100031.txt,d03eb0ecce0e901fb0afeb817d8dbed6d1e5a50fd1f96adecf6d312dec641855,0,nofall,exact_stem
1,Hop,Subject.1/Hop/HopS1.avi,train,31,sals100032.png,c05bdc4347f82ebeb0d789dbad8bf3ecb0fec4e398f0ad39305d6b07ecdcf197,29c4f75d6c763869a9fdebe61c70cf8b5712256ef5ba01d35b291b6dd03ea583,sals100032.txt,356af1130afb388a3f2dce7f936dbcee06886aee10cd6d15fecfe7b712c2c5c4,0,nofall,exact_stem
1,Hop,Subject.1/Hop/HopS1.avi,train,32,sals100033.png,913ccd99fdda7ff68c2a8ee9cca8b1a10dd4916b2f97c2f7a6bceb7999310477,d3c4b04c71a44bb4025f1e4e00ed2904cd65b5d8d6b6add14a7299efcb857110,sals100033.txt,af9fc036de61f4d65a2e79cf1938dda739d7e11db10d9def127d25dd144902c1,0,nofall,exact_stem
1,Hop,Subject.1/Hop/HopS1.avi,train,33,sals100034.png,74f04ee8d126ae3620928de31dd2778f848e539c6e908ff21698c73bf699a362,7784c887f9cccaf624c7234aad765ae44c5029af1288b0e3d210320e9e472bc6,sals100034.txt,9354264c2560793fa7ae5493790310bba91e4d17edeac0049f907b5886ac8f25,0,nofall,exact_stem
1,Hop,Subject.1/Hop/HopS1.avi,train,34,sals100035.png,3cf7d61c91a5c724c473701eb712dfbc9a24d7728eb293b2808b5c4fb1d069fe,dd0fbd1743f40c35d45491607d4550d7451311ba11cf0f003768a12ae1c06e52,sals100035.txt,26789c96ffdcc547d1ba3caea2cdefe5e98bfc9eb26ef2cf6c8a6984f147e2db,0,nofall,exact_stem
1,Hop,Subject.1/Hop/HopS1.avi,train,35,sals100036.png,0673ea4697e89a1862a8622a8503654e9f2a9e7652b336099474c22cb2a7570a,927bc3dbc60cf51575bcf787ed653288a1ee706071e3f4d26c72e303f8b4f219,sals100036.txt,db242dd6a0db6382af0bfa727d5975dd6266244d50292a1a205ca82d1e81b33d,0,nofall,exact_stem
1,Hop,Subject.1/Hop/HopS1.avi,train,36,sals100037.png,39ec21873a91912fe89611eaa91bdabe9bea352617231c7b3cc0d4938750db34,87c98a9c9a8a2835819ba52ccbd30d98c350e40fd62abf955b5897485424ba41,sals100037.txt,b07ade15124be125d2597e3825d1278b4f5696af7214377fd2957cbcd58f5de0,0,nofall,exact_stem
1,Hop,Subject.1/Hop/HopS1.avi,train,37,sals100038.png,ec1534cd2b4c6d9b9158f934e869a7a303c4cb43df0a8c4f9abd15af58e7c39a,68e7c7641c546ad3e76a6db8147b5f2dcf23230791155742939b0021892da24b,sals100038.txt,267000f0ceed1f3f3b768ff0fb76924c978cfd9da200d911337e095a2d790cae,0,nofall,exact_stem
1,Hop,Subject.1/Hop/HopS1.avi,train,38,sals100039.png,fa6b604d8eef84c017f63e8a489ce2f36a1e838dc50f47275e3a68cd3104c2b5,77f2e1773891e5077901da718a94af11797823caa2189a8c96ad008ceb439c65,sals100039.txt,cb5d5d5223fb23a2845e5e03b9d38acab68f11889aa6e80f3038f4de4fe1baaa,0,nofall,exact_stem
1,Hop,Subject.1/Hop/HopS1.avi,train,39,sals100040.png,7d4465d8b44f57481dda789c467a3c6ae5ceabc231505a783fbbbfc2ff5c9b5b,7156e4bf48df4ec3b52a70645c4d6afdd8d4183506c11bb263d8d5137b1bf271,sals100040.txt,24a930e391a03801a2e0c557b3ad9f0eade1ed9e3f896bbca2b4e781efa266c4,0,nofall,exact_stem
1,Hop,Subject.1/Hop/HopS1.avi,train,40,sals100041.png,95cdbd3f47f50246c6cd7f871ee4edc9a1c273776189484b6d3c28297275c0b2,cef1bbf657caa31e30cd77891fc01acce947ddb0c5c3511c45bebb603b736322,sals100041.txt,9a3c7bb202d7a05bba37224380922676bbbbed83d4e5d800b946af7d0b8e995f,0,nofall,exact_stem
1,Hop,Subject.1/Hop/HopS1.avi,train,41,sals100042.png,4c28d56c53967a9a95cb10ff03a31d78caa23a43d9c18e04eec88ffd265a150c,28d4abb3dfd81cfaef84f8371758a0bd97928cbcbbae0ffb3b22b85fbde43d33,sals100042.txt,ff6750882f81ad61a7d4559bd31465f7ccd4c3b332bc49bf396db53bc83d6a83,0,nofall,exact_stem
1,Hop,Subject.1/Hop/HopS1.avi,train,42,sals100043.png,c4403e93319931ba2c62434394f0ba524113bc082cfa7544d594e6008955ec87,e0cd23e48c4c4a42d7734329c354f158bc917e63ccf2988d9b5a7457bcb14b8f,sals100043.txt,ba07d2beabddbe4e07d45c3fb7b22689be0f49a76add6267bde193c85d270dae,0,nofall,exact_stem
1,Hop,Subject.1/Hop/HopS1.avi,train,43,sals100044.png,97e3b703bf059356cc95c18e83ed38af867a755e039113cca9c17799c4a84c0b,21bee0150b0e0809c6b6fab4ca9c22b79de823e3e87251144a2ae0da3e5889af,sals100044.txt,0041e0984b1b9e849f126a7eba00ac65e9845088297d62af80b9465fc676c550,0,nofall,exact_stem
1,Hop,Subject.1/Hop/HopS1.avi,train,44,sals100045.png,796ee0fe2e30935cbb3f99ffc3837dec706f75753807f38ada89a38b88df57aa,fe655d703a9f5c17ebc6a5c39d1d1010fd5824af05a6ac58b196b2e1ddcdc007,sals100045.txt,b1ee02de50d2ca3561b714c6535a38dc8964c16b695780c636f381d9c7815c32,0,nofall,exact_stem
1,Hop,Subject.1/Hop/HopS1.avi,train,45,sals100046.png,e1122c3f0c87a3dbc1788a56600f7dd509cca1527ddfe6bb49350cef881a1ecb,d9b9fdfdb5aa9a0a7fc7d6140c72b181d888f62e983b0fd4c868162f97684613,sals100046.txt,08825a6144d2d99f1d62b7ac3ddfa01b16b8755746820fe13cb9eb72236dade5,0,nofall,exact_stem
1,Hop,Subject.1/Hop/HopS1.avi,train,46,sals100047.png,529e0f299371ae3c87d72c11d1fffc93f5809ecb467bf6998da63399e1856f73,b6b948289b29a80e6cf25525de382fc05b1919958373de530c8e596e8ebfa715,sals100047.txt,77c0749e4297bac1928dffe5383b498ac22406b20a8de1b99b4eeaddabc2e21f,0,nofall,exact_stem
1,Hop,Subject.1/Hop/HopS1.avi,train,47,sals100048.png,453ad0369431bcdca47c9c79071e4171ab9509ee7ba4d0702d57bc03523a3e2d,93a444de3e356552df33a8e22aea652386466fb7a1b3eabe28c585cca93505a6,sals100048.txt,13672ed5bde192e6b076ea0e927652bfed7c996a21e794942b4191e4ecf53d04,0,nofall,exact_stem
1,Hop,Subject.1/Hop/HopS1.avi,train,48,sals100049.png,b471bdf10853201757bce1f1a9aea723354496d43a1bd03146e136b83ea78846,8f6bc5d63f713987e94a64a06edd51e4bea4886ce063ee8662d865e3a2d7f803,sals100049.txt,21e7d668d4235231f994cd898dba63466fb9172a9559093cc89e9a1d2e1a8c89,0,nofall,exact_stem
1,Hop,Subject.1/Hop/HopS1.avi,train,49,sals100050.png,3de43584b7b324ece9637a0fb5db85ffcb0f901ad766d2b9cc146e5a2715daec,381570cdc1c55d302645abded2ac316e1dac2357ac4edf2376868de5b3a15b64,sals100050.txt,a8e6c0c289d87685a4f32293f0f029fe662e5e3d4feb26f9609d70e0c975aeba,0,nofall,exact_stem
1,Hop,Subject.1/Hop/HopS1.avi,train,50,sals100051.png,97d88ecd27239a4f1e74290441216f0bbf9367932d0b0bdc8fedefd61fb7665c,9bf84404f2c9c82b0eb63f93c3b5e82ba02cb45efbd02e397e16104ccb6a36f8,sals100051.txt,f623e01a21f185494abeba74129029df48a765058efe9b76f9a038730030b79b,0,nofall,exact_stem
1,Hop,Subject.1/Hop/HopS1.avi,train,51,sals100052.png,928634e1bf3ed17bc3ba50b44d8eef513088e49e115856c9aa8efbde28fd1496,4f5acc879ee6883a78ceb52d07bfff029ce3538b8b25889e24f29443f2efb670,sals100052.txt,6fc2da59bc4ccb5a1b45c97a0ed2c51c63aa8dc8a3f55b55e59bb7251cea0146,0,nofall,exact_stem
1,Hop,Subject.1/Hop/HopS1.avi,train,52,sals100053.png,7a27f3c5f3aa02c4c25e4c9d109976553ae2d38717f89601a8fdce99f5724544,c2da76df128c02e5c9360881e395a4162f5ee68c7737396a732c00353c8a0288,sals100053.txt,d87c49c8d8e65c743e110d07a61687144727b9c58f60d62c9bb83afc2b755482,0,nofall,exact_stem
1,Hop,Subject.1/Hop/HopS1.avi,train,53,sals100054.png,7a4f3e8e3ff8c76d4fd2e8a929d240d38dc3197494cf06453b909cd7c71c0a8f,78ee54e94df287717078bab5add0e57499d0265104f198f2c6ac191c98f620cb,sals100054.txt,67999aef726da39d4ba55e91d099e4661be8c219734e972c6b60e3296e4c64a7,0,nofall,exact_stem
1,Hop,Subject.1/Hop/HopS1.avi,train,54,sals100055.png,937b0f6b6e6f4570289be06707518a615f932c43d25d165af40cd54ee42e4f26,2cc931e9b2ea90d5dbe1c7be98271b387563299036ec73045783bb4d93b1ce5a,sals100055.txt,9a32344eb765d2d759a363b39e540b265ed24edc58458d9aa64fa6d3e874331c,0,nofall,exact_stem
1,Hop,Subject.1/Hop/HopS1.avi,train,55,sals100056.png,ea0d697bb29bf41bdecf657236d7915c46048008b12c431a2e81518c9cdd0ced,30237fb02381741f1112d18d46d2296494c19ea23002f46da30790fe4c798bcc,sals100056.txt,f82e5e1c6aaed0ad036c061655ae855ea5ba8d9e3187b10a800f89f355b39ac4,0,nofall,exact_stem
1,Hop,Subject.1/Hop/HopS1.avi,train,56,sals100057.png,1674602a34425e1a2d93301e5b0cf4126a4ad25aeee352d0d38400e8169c5aca,50102c8962c8f3e0bb2a8b898dcf2c01c771de1c776ec826267b4947c9c66cde,sals100057.txt,60a86ca30a82ac7f5d0c02827ec1e29c87a5fa9e30a2ac47f66272f4d35722c9,0,nofall,exact_stem
1,Hop,Subject.1/Hop/HopS1.avi,train,57,sals100058.png,2c8d4cc66c588454751ca6f29470919814f5f9c9a6c6df7179880c65f396ee95,6fe6a3404638c6f45c922da995b134c341cb89540f973ec93e0371d4c454b683,sals100058.txt,b19b7740a2c4604885cef22c55e04e2c1564a0797c61b742883fc02eeae4a77e,0,nofall,exact_stem
1,Hop,Subject.1/Hop/HopS1.avi,train,58,sals100059.png,3076c0bcdf8da1ca0283aa810a4e7b0ebbcc0a7156e9095b347ae4c8a5176cf1,b5133eef27c37033ec517b6252f860599b7d75688dda9cd16dc6ebf6ceae3ecb,sals100059.txt,d271c9b2b49ee97db36489328bcf34957abdb49e0633a21fb1fb41bf5652aced,0,nofall,exact_stem
1,Hop,Subject.1/Hop/HopS1.avi,train,59,sals100060.png,02ecabb2703deb8b01194b6701aeaae686e45086885b9a1c6666623e156ea0b1,0b2c79c4d697bbb33ae89cffdce9705ab9287e3a35b3a1cd9ea6293622af2417,sals100060.txt,d7adad4fc5f1b3b88c66c5a35e36cf3234b371a24854fc9e4b6a9cab571de39d,0,nofall,exact_stem
1,Hop,Subject.1/Hop/HopS1.avi,train,60,sals100061.png,76b9e2fc8229a962b11bb1e2e63eb09f6521283dc012078a291c62d788d9deba,110611870c14e0be1ff51ac58dbf84034ce41d68946762794fa81c882a104be1,sals100061.txt,e3f4616c067c75f78995600ee01e9fdc4203cf1a3070ac52bdaa6e294abc007c,0,nofall,exact_stem
1,Hop,Subject.1/Hop/HopS1.avi,train,61,sals100062.png,82caef6f5b1e3cdaed6701f0e376247859a16473c164435bee016459d47151a0,bed504668baa68ed966550009d2d524a452e1fe6496a982b63a8ce963aa1faee,sals100062.txt,f9e3142139a26a09cfeafae9451669b95c6c30c7dec967b2fad76ba80921b1c1,0,nofall,exact_stem
1,Hop,Subject.1/Hop/HopS1.avi,train,62,sals100063.png,46eb19005d028800dd90eb41860394e4dcd2d133d5011f39bc4f48705ce7137a,752579ebf2c9e1c8de332cde0136bad906095a014b841914643e6e84b23692dd,sals100063.txt,7edd4e099e1aa5db5df469ba8516614a7532c58fb0b86d7d25da3cdd629fb8ed,0,nofall,exact_stem
1,Hop,Subject.1/Hop/HopS1.avi,train,63,sals100064.png,e86f57cf6aa4b7a31cc94a549c3406a8c5aee655279415923ae2e0a462d1a90b,f8ebcc971aff23317063e0734b8410d59bec5a51d906250ca471d8236dbf3d71,sals100064.txt,e48961dc6b01d6e9289222197594776d2bf04bfde486e6b253dadda783c9f0f5,0,nofall,exact_stem
1,Hop,Subject.1/Hop/HopS1.avi,train,64,sals100065.png,ec526879919e79f2452b9725739a2cd2bfa5d30130b2534f5b641536d9ab311d,398f01d1e7cbd94a2c8f64045b2d0f08e966ad186979bf8932f2a41d55a74d99,sals100065.txt,b2b97c5c85c555424dd040f6eec628ec4dd32eae18ef24bfa11cdacacff2c8d6,0,nofall,exact_stem
1,Hop,Subject.1/Hop/HopS1.avi,train,65,sals100066.png,673f1046a4ac9f9f22264090ed328cf8b9c761201c1898d42f9b993aca3b5fec,fa52623d15a29bdb0be68fe41137f9e2003cff2602b77850747fefc027531a23,sals100066.txt,2297768ae5a2d6284c5ca1eb8cc409af4aef9b0b74dbd3573f871c403d3e3e22,0,nofall,exact_stem
1,Hop,Subject.1/Hop/HopS1.avi,train,66,sals100067.png,c2483906835cebe749c75ba1100e6d185e2e3f55109722738bfb198b6a01a3d8,6ff0cecd4aa46767cbf04f8ea6087e80d18c3ec707cb7bce29953f99c31ea483,sals100067.txt,56c6a925ea43719dd68f350200563db181234b73d4b296f450f90d9924ce6d3c,0,nofall,exact_stem
1,Hop,Subject.1/Hop/HopS1.avi,train,67,sals100068.png,3363c1ffd8fd699e8fbd22d477a38928feaef437d0734b40e6a9f5048db728c9,520b1873ac3c0615f9e0cf7cd90c7021823d8487d07b4ff4b6e9f02b834cd3cb,sals100068.txt,6a3237189a623e8cfe05e6ada0d77a412e8a82592af01e399a7656061d504943,0,nofall,exact_stem
1,Hop,Subject.1/Hop/HopS1.avi,train,68,sals100069.png,8d47bff850d237ea20e05230fa9eb331920c760bf17cc52bef206d9c828f945f,a70d5a1e3b41d2dfe29032ebe9a82c1aeba1d916ced7f5c2fc0657db724b103b,sals100069.txt,2390219f428a924d9909b296fe179d4cd94441c43aa056e753177741fb81ef12,0,nofall,exact_stem
1,Hop,Subject.1/Hop/HopS1.avi,train,69,sals100070.png,68db024370606b9e5137bcdb7c624001db53e1c4f0e4a3b5f7d58837330efb65,a28cb4b56483b465105a9ff0e71b0f25bbbf64a5509d831d99b54ba06e2cd0ac,sals100070.txt,84b9316b1ccc2e30bb09c3d7bc3d78b04adce35a5946e6a651d226c4cef92553,0,nofall,exact_stem
1,Hop,Subject.1/Hop/HopS1.avi,train,70,sals100071.png,80648f2bf21d09c1539cbc6d20894106c3a0b1024baf26c34a4d86662a6de622,7b87f12ed932824ae0be538e35ce32be93f28b6d0ed371b88d9dead2362b4169,sals100071.txt,a30769b54d9b5e56c05e6b32ec6a47fddfb9e4c0fa3b22c043c0a1de15862bb6,0,nofall,exact_stem
1,Hop,Subject.1/Hop/HopS1.avi,train,71,sals100072.png,3defde922ee92f5a3d699198b6b111b246a92eae9e6909b67f62d58d3d027d0b,555a51f9c63972e0fd58efed740ed0afcf91b70e1f252471a57c5e9d630e34a0,sals100072.txt,2ebc7c3fb882f9d205ba7323290b22676b4567783dbea2d5c1ca1441bac3b58c,0,nofall,exact_stem
1,Hop,Subject.1/Hop/HopS1.avi,train,72,sals100073.png,1bc7baf5160a37225f19d71ec1c4c6ff76eaed3bd4bb551cec62d344a61f1197,0d90116d025d3a1699e2744d763470a2ad49d0007ce26cf497a5e0f65c8c48ec,sals100073.txt,747883536b0f074e6293834144033d4db70c800a571f293be223a03ad9151e45,0,nofall,exact_stem
1,Hop,Subject.1/Hop/HopS1.avi,train,73,sals100074.png,db7cb7eb560001236b47a9ef98f4e9cb6a72b4af078d394fd915569ae0939450,c8151a1877498657a9ca14f348c5b88406a794b00537dcb01697bdac1c41b47f,sals100074.txt,93181c17fb2b45a944146f7956f632e9802d37c53a5dc8fad8111aa0ae81125e,0,nofall,exact_stem
1,Hop,Subject.1/Hop/HopS1.avi,train,74,sals100075.png,bd3f069447ccbf4bde7aa4b94721d46816f67fb11bddc390fd9adc7b1a572849,aa4886de6b117549c8e3279a1f79e421b327c2d00fb206c396184572f6850e9d,sals100075.txt,7b5059068debe01cfe38a5c583e18f6dd37325ab844e519c6fe33109f06f670a,0,nofall,exact_stem
1,Hop,Subject.1/Hop/HopS1.avi,train,75,sals100076.png,fd581fcf0c5c1f554827a11dda1a12efc09ff96d1a49e39d8984653ca1471206,b026d4c46b45c10330b042d948ff3d94dbaea77af9ba614829dae1f5d216b7d5,sals100076.txt,b98c923c6206ee0b5e8f9d572945cc4dce97b4ee979879e4b94b57573dea79d0,0,nofall,exact_stem
1,Hop,Subject.1/Hop/HopS1.avi,train,76,sals100077.png,5f61022457b0d92e46a8016d4c862c10c734ee968fa93426d35f05cb4e961fcc,b66a5a8f496dbe172a366ce9e995cbd56d3e50ed1721e21373a7103df4dbc565,sals100077.txt,a3a80d27fc87a52b0d62360ebab3c5cfc43d1f3eb9a26a85a68a6d75087f5ec2,0,nofall,exact_stem
1,Hop,Subject.1/Hop/HopS1.avi,train,77,sals100078.png,68ce731267892b078ecfdfea98f590b0f87403e0d4c7a68d73d006a6324ce33b,2537e60f0fbcf44561ae6bd8065e469966f9fa9fd0dd5d3a727259da7ac69c4e,sals100078.txt,a05930bacd42dd669cca6e336e8ab315e13956514f44a14845d8d5eafeb252db,0,nofall,exact_stem
1,Hop,Subject.1/Hop/HopS1.avi,train,78,sals100079.png,afbbdb9c7ddd92acd30e13bf6b1baa047a2a67cfc98b07a6fc99da42ce9be333,df8772ef5e3b4cefae2f036f0d296c7fd52f35d5ab03b2855376fc805da4ef81,sals100079.txt,ec23bd6301ea0dfa149363f78b3fd7d8c80f90aca3f7eb025f9ab2aabcc40205,0,nofall,exact_stem
1,Hop,Subject.1/Hop/HopS1.avi,train,79,sals100080.png,f13ec69b829eb9e7a176b93d6c6a9c86b24c0919c9c41819d2f3654d5a180f98,0db44e62310b5112edaeb25ac6ce258d1cd367a510fb3e1b7741ecb9d385cc60,sals100080.txt,9f99e8167c21cd38c63b65bd81fd83cda6f050459992ca1005060350963e239c,0,nofall,exact_stem
1,Hop,Subject.1/Hop/HopS1.avi,train,80,sals100081.png,a28f0f0323b0551b0372aedeb3650c432417032984986a69d34984e9255868d7,62bd877b0e42f831b97ddd26b6ae5e42b88396355a5a3ce33738cff00d94a201,sals100081.txt,3e39ac7c02c3ec7d2394100dd5fe2505c9b903b3a1bfeb7e44d106be4b1c9b1e,0,nofall,exact_stem
1,Hop,Subject.1/Hop/HopS1.avi,train,81,sals100082.png,b263ab4e1a42e2452f5882f9293b652f3291824fe448a056b3780ba1d76f175c,9d19a70fde6edf58a4de78d59be1f2d52e0f82f0f796c85b1af06cc66366640e,sals100082.txt,a15952bd0257ac3002ec594706cc3e096b21232ddc2f861f64dc19f381d71e11,0,nofall,exact_stem
1,Hop,Subject.1/Hop/HopS1.avi,train,82,sals100083.png,e15c14e8a0933c4483897e5c6c550a2a82191123160d650f72d65e58e26f3d6b,1cb3db92f6904094e00c1a2658204e6b7ae12354b20d44b9afd74bb0e67c3369,sals100083.txt,5b17b9bea5e2fe7ef372607d7b357c1eff219584853a48ddfc3d5a30f7295a58,0,nofall,exact_stem
1,Hop,Subject.1/Hop/HopS1.avi,train,83,sals100084.png,1099803432fc63718935d6c678c51295e2509f1d392534bd8155e5ecb13a679f,8c5ed17ea80bc252ac8e2c48993b7f5826fe2b81ca20fec3e7d0b2109e33fe59,sals100084.txt,e0525cb0116c4207cffe701d18c2a560d71c03f2503ffd1185cfc64aa1c55b08,0,nofall,exact_stem
1,Hop,Subject.1/Hop/HopS1.avi,train,84,sals100085.png,38723dabcfb7f52a866221526ed15e6e7091a4278ce79d1ca647fcc9216af494,7bf52ad7f865ef45dfe57479cf464ca0f77d9d4e328852ce7302aa40c4c97fc7,sals100085.txt,78891a9c8899b18d394401e44a9400daae88c18bad895c86101ad1a6acfe6d0b,0,nofall,exact_stem
1,Hop,Subject.1/Hop/HopS1.avi,train,85,sals100086.png,ea2cc2d9f2294457b1bd085fc66480dd72ebdbea33ece57b3e178b3360b5ea7f,75411a36732efe6c6669db511e53bfbe1acf66377b1492dfef5cb6b7d4ed341e,sals100086.txt,35edfc02488b04fe11f60d5ce1b0b180eafecfdad62a2a7f2692d326f801fbec,0,nofall,exact_stem
1,Hop,Subject.1/Hop/HopS1.avi,train,86,sals100087.png,b937ee6b36f41b4ced7653d1c01f95799fc51203017c6b653ca15f006722cb86,aaa47238f5be3c9c4ab93fed34366971fb67026a1c56fb983deb1e9770d12fda,sals100087.txt,21fe1dc3efe94fa323e688bbe9ac7892bc843fe0ae2e71ef95317eaa0e8fdb12,0,nofall,exact_stem
1,Hop,Subject.1/Hop/HopS1.avi,train,87,sals100088.png,367c4536c4e67eca89cd7c7c8ccd84c73df82b851c3e119e29e565880bb333c1,020ecd047eed70edcb7e45ef79d2637c1f6646ad5f835329385a5328c4c910ff,sals100088.txt,f15dc92a0aab1c938a7d3b881b8eda221722ea5e48f87aa84e1662d10397beef,0,nofall,exact_stem
1,Hop,Subject.1/Hop/HopS1.avi,train,88,sals100089.png,a48779ae559e537f50c1584585ad735d6fa007f4a2f78c037f1b021d2af9210c,3ed3ff2fbadb9180849435b1c7daa0e46af4d8d187a05015d52b7a5e1fac34c7,sals100089.txt,64dd7822bea9543bc904cb52deb1bb27abe6d7dde007824f69fc2b0968b1365e,0,nofall,exact_stem
1,Hop,Subject.1/Hop/HopS1.avi,train,89,sals100090.png,0996faedef6125e883964be7bd3bd267a889104a4d14d24f5a2a53ca71abe7a0,0ea434a59404a3f4daff347c1e6116733939643c2081a487daa8afcb5e7f0a3b,sals100090.txt,98820b1a1e555caab2f5c916f0b9e17f287a273331a0562f488062d347982076,0,nofall,exact_stem
1,Hop,Subject.1/Hop/HopS1.avi,train,90,sals100091.png,f10bd600b71a21cc797184172789a236306644bb03326bf1601753b90fccf546,45be4d7d4a5e9c8311b4f6783c25d5f537abc01f2262c763b2e224983270797f,sals100091.txt,b61ce667e7a3b64b4d3f4a46ae4e80c177f182fde7d4101a33c3d19610c14d16,0,nofall,exact_stem
1,Hop,Subject.1/Hop/HopS1.avi,train,91,sals100092.png,0a4a58a4580ddd5daac8dc9fb6a0b7f7d4232b2884ca54f79a1dc448d28384d7,7840da21be8ec095e44fbd55a792b0c6d0b49ac24acb7050b48c534747f3387d,sals100092.txt,de584737fa723cdbc2e4e21d75513af32509d9f364b16f9af07d66cec62161c8,0,nofall,exact_stem
1,Hop,Subject.1/Hop/HopS1.avi,train,92,sals100093.png,2c1813acd6277581a45f1a9332d40aa506d64a6710d54e80eda2f43604752a3c,333c1eb908a12d750bbc7d4e8318e6dbb28a4055669161cb0b982d3834eadbcc,sals100093.txt,45d72cf223f8f4979972d21086b0612417ed14a9195507a210d23763bb6706e1,0,nofall,exact_stem
1,Hop,Subject.1/Hop/HopS1.avi,train,93,sals100094.png,4555d54267e695120c549ec0a4388cfb969b3d4f1cb5353b3c1757f5f2fb5820,2632824ce2ecdb5b826899d657b3e4254a5e299282bd1f6683326e2c135cf640,sals100094.txt,069ecd6cd111eb8000490a6ea192cbe01d8a7a7d934d8be7e49add4cd0aee655,0,nofall,exact_stem
1,Hop,Subject.1/Hop/HopS1.avi,train,94,sals100095.png,f0d4c3b7b92bfb15cc52f2f85350adf4e235105afe6c16024d146524dced022b,b1fa039f278bd0fa37529492dcac51504b15a59d1689d3f5293e1b0d8b30a35d,sals100095.txt,dbe9f0ea5dde61967739d1cf684bc912d41bff23a682862829f155ebff5012ac,0,nofall,exact_stem
1,Hop,Subject.1/Hop/HopS1.avi,train,95,sals100096.png,33f4f12646c517cc6d9de8b884bcb6fcd4e53f0cc000cab1e9ee35ce035013c5,e35cd7df09b8fc728c46244c0c5da82b65611eb12f4c78d18d57252354dee079,sals100096.txt,be3c111a2441d597b4179836867c836f006b1206ff13116446d17df9401dbbd3,0,nofall,exact_stem
1,Hop,Subject.1/Hop/HopS1.avi,train,96,sals100097.png,1a9ed3a72bc9f09ecc74509f5c54db31fecacb877b7fb20932dd75955a00328d,2f038ad7f769964c73ae895e524a328bdd1163c5e18a030d1332adac1a243e8c,sals100097.txt,0bf3c88178de68ed19832b25a1b1dcf85ab3a4ce76ca139c071aab45ebaff9fd,0,nofall,exact_stem
1,Hop,Subject.1/Hop/HopS1.avi,train,97,sals100098.png,6684afaa27acfbf05b885ffad572a7662b5e1c5a885811c84c1e72eb3e7475be,e808a827783ae86142898cce2d0339d0c28b847557912236d16dc01e77e9f8ed,sals100098.txt,311c513fa8932e965c7d039c1f77661cfaf81a2649581253382c6a4f394666ec,0,nofall,exact_stem
1,Hop,Subject.1/Hop/HopS1.avi,train,98,sals100099.png,ad01500ace7b8f0f0262d234832f4fb4c4b498b0c7e231a7dec2f7891f47bbaf,72c8f1702cb1dd2fa8cb2b806a5e8f55499dde5259188e5e278212831b4d112e,sals100099.txt,3a8146fb00f4809bbf21c24c1c6731f42be94e491daab6eb3b70dc4b8a51c1b8,0,nofall,exact_stem
1,Hop,Subject.1/Hop/HopS1.avi,train,99,sals100100.png,be11fc5f62772375b6921c2597963fd9997dd3c29e063171c99da80a2a45d19a,f949f1a33f730ba204bf8a566584dbf9424ec5adfa71d0965669b28ac93a5f2b,sals100100.txt,5ae83949c5efaab67e2e75804937b47ae5cd34f8c18f7ea4c7c490a913ee0067,0,nofall,exact_stem
1,Hop,Subject.1/Hop/HopS1.avi,train,100,sals100101.png,1be4d7658707504848418ff7c1b4a9b4d4dc34ea184b4d83403825075814bc0a,cee7693c8c81632dcc08724885caa2e9e525d4b4187fa1f39ba8b623f273ad28,sals100101.txt,175d1f433495553cdd61376d65b2c8bab89b3619bed78e19516f44de68b328db,0,nofall,exact_stem
1,Hop,Subject.1/Hop/HopS1.avi,train,101,sals100102.png,87970612971cda72168c7ad8d437e629b918bcaf8ecefe8785a935e4ef76cee6,65e823eb8e391f715bba66a0f293aac36313e5c63a0eff0a3c7749464c0a2c8b,sals100102.txt,b7e0654d071203ebbd1bc87b59eada896071408e501be7d6d83bf9b3673a871f,0,nofall,exact_stem
1,Hop,Subject.1/Hop/HopS1.avi,train,102,sals100103.png,78024e25487e56690ac90ec0f90363ea815d2f30fc3df3a76194f47c7a6cc506,191597885e1d64ee708676dd67c92480f52158b939fb33e4507412c9d1951136,sals100103.txt,8de2f92aded91edf0d5876bc6f6794cdddee2b551e6456b184d4ca7ef6c11152,0,nofall,exact_stem
1,Hop,Subject.1/Hop/HopS1.avi,train,103,sals100104.png,c13a4fcb2c223307daef7aba663e07cae9b9db98ddf9d77a5e1960ad2e133f88,c486f750b1a2f791596dee5a5289b75b67a624f7a74eb586c4f7ec05da13cf58,sals100104.txt,291363ad6fb29ec7f41262438942b57892e05ac87f55f422b6f881b8507ee2d7,0,nofall,exact_stem
1,Hop,Subject.1/Hop/HopS1.avi,train,104,sals100105.png,c3ff9b5c07c38d4d7bf9f92261cd3ebe82c77757231436450529661cf5e0bd08,80a7503409545f3cfbacc5cc8d0d8238756002d6be8eae817919223f4da81cc5,sals100105.txt,3c9fc183c34292b905c59479a4e4bbd70f3e3ab284ead47a302cbe6fe3a56215,0,nofall,exact_stem
1,Hop,Subject.1/Hop/HopS1.avi,train,105,sals100106.png,8f7ed9f6e39771c350f4e8cf63c6e73fe4fcc515fc8b1f6ca680cf364f53ac2f,d17c6b963a380989173bcc045165a7f92f17ae193601ec34dc5973ed3d6d8d04,sals100106.txt,e2e7e539eed832d3a38d9f47b2ea659eea82a042b3d6cbd38c81f64aeae3df73,0,nofall,exact_stem
1,Hop,Subject.1/Hop/HopS1.avi,train,106,sals100107.png,02854c3eb071e57d37cac1f9dd25d60538a658deae9e30f86ff69faa5263f5a6,c91e790d1d9d1717d38b99f77b81b166097e660a6e72ea1f80806cd94422a828,sals100107.txt,7ac23fffe35b55507280b2ea6da71217df4a9ddcc6ef568525f36151c5b8f9d3,0,nofall,exact_stem
1,Hop,Subject.1/Hop/HopS1.avi,train,107,sals100108.png,5084e56a4e707ee104d9ecd8544876d595574ccf3f6637468c55ba5423f000de,7d6763381f4ab9ee5a1b6b9a66a82f65bfd2c99885d98244f904e39362395fe5,sals100108.txt,72e417e4ed656bfbed1aeb9d009447beb4bbdc1a85ec33e7d46142e749842a17,0,nofall,exact_stem
1,Hop,Subject.1/Hop/HopS1.avi,train,108,sals100109.png,7ec7def2862b340f848af5a3d77ced91de60b6189cfe9111e20b6cce27980781,d1ceac95fdf6d53f4ae76da45b7a1293fe218b8ba883cff84d96525ed796dba5,sals100109.txt,c13222e92813594fd599e92488e751a0cbbd4c944b1e7a409657b3225af257ed,0,nofall,exact_stem
1,Hop,Subject.1/Hop/HopS1.avi,train,109,sals100110.png,3be6539f1f35ae62ada84e1c23889e710ee5d8dad439ce39ba8634b159a2d64a,26321ad9e0ff9dc654e67e931ad55648d963fa0830145a74e760c2f6b335b156,sals100110.txt,f32d53d07d09349638d62b751b53edb4e1cd04b264f0f459555f9626e0cde6b5,0,nofall,exact_stem
1,Hop,Subject.1/Hop/HopS1.avi,train,110,sals100111.png,b42de8fc6ba0db557673871656faf6691b101cdc2c06c8129986f9395cb333eb,a833280b1ab5fea66c8517677f045e98e461a734bb4dcd89dd54c946b3874689,sals100111.txt,7ccf22cae7ba6d869083d2a5e6cdb8c9668d29a8e81674b2e2a5efeecada7c56,0,nofall,exact_stem
1,Hop,Subject.1/Hop/HopS1.avi,train,111,sals100112.png,326cec190e5736f1dce570a1598e0a5d7eb49df9f4d047dc67efed363c59d0da,e9371fe2ddc6fae43c0e5d1d3940abcb839d4d52044118ce0aff19ffb4073e74,sals100112.txt,27ca7e81966a9bdca3567b3c44f296c001a55b572c4b6c7fffe3feb7a183b284,0,nofall,exact_stem
1,Hop,Subject.1/Hop/HopS1.avi,train,112,sals100113.png,b4e481a2d29423cd633a9c20c0bc8cdb2a374a5f408daf50fe72e9fa607ed0d0,01248b00cc1b0df9a62897061ff04138eb1ca1244b8c4303a7311e6b70b28eea,sals100113.txt,7063dfe402cfa2566319af86bbfeb1ce9e85713c49fe7cc1c4bfeb795f227af7,0,nofall,exact_stem
1,Hop,Subject.1/Hop/HopS1.avi,train,113,sals100114.png,9181db389afaeaef556b95790bd4748957450148a6f602ec81b6cc9a30e9fe72,b2b2676f9a7236b61bf7412d8de3804a0bdf930c8f15167b68cd9d849cbc13f9,sals100114.txt,9a752d2428426520429c343cc9400e642806ecc4d342e622c695e89b1b315757,0,nofall,exact_stem
1,Hop,Subject.1/Hop/HopS1.avi,train,114,sals100115.png,055017a14909582bd22c2b31c20b752396c5d388f4d70713ea5ea1cc3b9dadb1,14bbeaaa637cb56e938fdde3def54322726ec50d5913d15a279e28edd69e2e90,sals100115.txt,d543adc42c5d2086dbd4055cbc92664a1da758d177fa50c8b1e1e5c051c971d0,0,nofall,exact_stem
1,Hop,Subject.1/Hop/HopS1.avi,train,115,sals100116.png,338a59b0a3b8baddaa77af9333a2bbf0aec2ed746901998b394a9af7b4b5b83f,ef46e5de1eb7b99f9857c12efd8d1c63a288cbd662a4beb32dd0a4a6d38f567e,sals100116.txt,5e0fdf525561014df892d40f17f620e0d5af60ec4961924e5cac2e5053305504,0,nofall,exact_stem
1,Hop,Subject.1/Hop/HopS1.avi,train,116,sals100117.png,81f6ee9a85fa8d9839a5b41a10e560e9e650e41ada8865569b55cc805a67b721,4afe68ee9aac89b451453bb2d21eb395b99e4f1460e3647a99fba621ee9346d9,sals100117.txt,d9cf18e8632735e4397717a07d80f814922a0ee6536607f505953aaf61c0259f,0,nofall,exact_stem
1,Hop,Subject.1/Hop/HopS1.avi,train,117,sals100118.png,95b3ffad315e7e9e53aebed9cc4e6678c8b2c1b1f8395526c7418b95fc498a49,521ea3169163dc357057e58ddbefd9d907416892ff5e8874b7a71b087e42aaeb,sals100118.txt,c6d1a6283a765118c5f62292d5f6468b6321061ba68683a9a1bd20f58f3ac39f,0,nofall,exact_stem
1,Hop,Subject.1/Hop/HopS1.avi,train,118,sals100119.png,9b28ac8552faab2401b019dcfcbd2843d4c3483fa01ff5c2baf2ce9b793e33e6,e8a710530e4627f53d5e05fcad1bb3416fc242a219e37e17add00f08bb9fbb8a,sals100119.txt,a033787e86ec27a74769d993d76c659617c9abd7d38b7cb834f92484362496ca,0,nofall,exact_stem
1,Hop,Subject.1/Hop/HopS1.avi,train,119,sals100120.png,ae223dd67960f903439cdef6588d9e98006a8a8d1a575ed85936747c42eeec46,29721824067f0bd43f1c89725829d8092dfde7666d87ff3d218a287bf4805446,sals100120.txt,cf642bc887cd22f7003dcdbe247e229f53df60ba98e24619af3a8b49e9a98dc8,0,nofall,exact_stem
1,Hop,Subject.1/Hop/HopS1.avi,train,120,sals100121.png,00b1c3f6f3f6a545a383e9448ee2f05399b3026c9957620064adf9889ead63c2,cf4c93e46d6147ab20ce4d1d9cd8e7cd960415ceb037c10d704f33317e275b6d,sals100121.txt,0586666689c7919d185e213d5306e31960eedfe2c008d82e6aaee7c296d242ec,0,nofall,exact_stem
1,Hop,Subject.1/Hop/HopS1.avi,train,121,sals100122.png,0874569b9a4c909fc1c54cba0ed2cbae8a55b1fa55d6f54f2ebaa32108a3fdfe,60d2e8e354dd44637c39bc4caa2b0b82cf0cbb8f2fdbf93fd06543765b069ca6,sals100122.txt,664936f89fe4836018dc4df3f2aa67626b35125d85810dd15d52d30f3544aa6d,0,nofall,exact_stem
1,Hop,Subject.1/Hop/HopS1.avi,train,122,sals100123.png,f026c230e1192d0c916a4feb2330989997137009d55246d5e491f5b6a6be6d7b,19a2e7a37ef07d942b7cd28ec1326ad5f38c4559d376c9cd4be7e329e831e54c,sals100123.txt,44a3f066821ddb0fef7b268831dc113c8e1a8856d17d257ce2a47aab7f2186a4,0,nofall,exact_stem
1,Hop,Subject.1/Hop/HopS1.avi,train,123,sals100124.png,eb302b5f445c5f8714b20e958771beb667aa4453dd715c3f6b8c0b571ccaa8a3,fef816419e0636c04495a6ee4e2ee4823e23f67bbabce04e7d5cb1ba5c674c6e,sals100124.txt,18072acb0ea0a756e1aedfcdf1d89de64df8bcb9f28a638a0676f7e0cfd1118a,0,nofall,exact_stem
1,Hop,Subject.1/Hop/HopS1.avi,train,124,sals100125.png,d21579541b8901c96763696b2426767cf1718c5a4c73101a4025623a692231db,1307c1cdbbd872c49a309814b7cf5398965754bd0b225abb808241f504891b8f,sals100125.txt,39b1e96c2c819a3e67e6a209c51b2f09d16649259eaf88473637e3e8b3f44044,0,nofall,exact_stem
1,Hop,Subject.1/Hop/HopS1.avi,train,125,sals100126.png,2f80fa489d21d6895d0b96ece2d8517147706bcb6bbef119cd4ef30a99606b50,c958ef69cdeb73c103139ac9529f397d5a3eb71f33b0dfd3b0c4402e06dac1b2,sals100126.txt,3a2e1b108177c7dc4b8bad62c7e3309ea39f2436c53ac9b43736bb4c5566ddc8,0,nofall,exact_stem
1,Hop,Subject.1/Hop/HopS1.avi,train,126,sals100127.png,295a2b5cfc104ab625c17a0ce19ffeabceecc52e9ee0ec2eb8eac5b251c66019,ed087240b7b674d7e788b3c60d0e46dbaf5376b3c15655d0ab9725aaa3d0e232,sals100127.txt,6dbe23aba50235d469676ab9edb978425085494cca5be2fe919e897795e37512,0,nofall,exact_stem
1,Hop,Subject.1/Hop/HopS1.avi,train,127,sals100128.png,4e4d5a26e7c672385f320d0db748a592e16f0cf90b7c0a4f11cb723ef71f0e11,6a686b7af7f9356a9e4f45cdb3f929fe1600e0dd7b21c0227cdebf1a24243025,sals100128.txt,ee83a7f10406bb960f9e915cae34e46ce1052b7aa77b329a53722feb4217b1de,0,nofall,exact_stem
1,Hop,Subject.1/Hop/HopS1.avi,train,128,sals100129.png,1f5c6b46d7813994f67907d26e08c40d55b727d7371182cd090cc67123de9a7c,cbde9d5d9b761d117ebdb9a0069e1218ed6305de67ec87dc1482df696efce253,sals100129.txt,e144fbe4eead76af85552b8adc19e0585988749a9527d50e92a726073e0a6b23,0,nofall,exact_stem
1,Hop,Subject.1/Hop/HopS1.avi,train,129,sals100130.png,e4556d0b5ca83580cfd632915bc47afe1940df6d433c13097354ad54d418ff06,26aaa43d99bc5a174f4871ea8448d127c73214a1fa5a84a29a23871b7188d4c1,sals100130.txt,58555b739b8c6b57cf61269c01fb3e160c95356efa81f49d18d94408ca7d4132,0,nofall,exact_stem
1,Hop,Subject.1/Hop/HopS1.avi,train,130,sals100131.png,82674a203c9ba33553301962381cc1533e5be058844b411f102a091f5434b168,5482c702cd13baf75781527d162d78b9019f74aa32ee2f386b978bbd99433383,sals100131.txt,17e29c9d2dff3e10593b3b5d6a57ee66dc88b95fc94be22e7fa88423f8247738,0,nofall,exact_stem
1,Hop,Subject.1/Hop/HopS1.avi,train,131,sals100132.png,87e4a9b323efd8ea899d2baf0f72c27133a42b11869897d259074b7ce0d413f1,6d2cd24e00257d68277ac18387860299d75c89410abf38376eaa35a318e72938,sals100132.txt,85abe9ee5737eb1067ce49fb5bf30cb58aa422bba38edff736789bfa170b94d8,0,nofall,exact_stem
1,Hop,Subject.1/Hop/HopS1.avi,train,132,sals100133.png,fd88e4213ef2b2dc5de78b0fbf5264f31838294269ce7e685307368149b0315e,7cdc654628132fb8344703145dc33a8053e7c17dc3e81607335048639540b7b5,sals100133.txt,c442af1373ad81b8d3ec4650e4031cbd4b066b87afc1c0b8ccde30e5326d89e4,0,nofall,exact_stem
1,Hop,Subject.1/Hop/HopS1.avi,train,133,sals100134.png,17fc6210fa3ce96e75d6547582bc49dd98dd754e692865efb067938feb344a14,a3f4ce6068a22efc652e98e67c29d78b53f9d525d369960d7c6e61e475aa6055,sals100134.txt,b7633220098a99998376f2ef9dea988635add4233182a41007bc0c7f13d49b96,0,nofall,exact_stem
1,Hop,Subject.1/Hop/HopS1.avi,train,134,sals100135.png,d1b377b3cc7d7917478bf077f70b92169646ac2f6d52e753f62eaeaa0752773a,303637ca53d0dc460929df3c4961228f14a6b9e021e99b262f00bf9ed776b2e4,sals100135.txt,019ff7b1ad976c360a5d660e8ddc5a530fbe1a1f27d2b6bbc492a6db946c9eeb,0,nofall,exact_stem
1,Hop,Subject.1/Hop/HopS1.avi,train,135,sals100136.png,11970fa4f5b29a53577a3026a20abe4fc81fcb4c00501c5d0c49f41465f04030,6f841ce617a1a0b21fec900cd2e43f584f9991ddc36662a4389db1820cd7072f,sals100136.txt,a0d762d8a42472639955253a92db8b8305b0e265e6f4bfda29eddb394706c868,0,nofall,exact_stem
1,Hop,Subject.1/Hop/HopS1.avi,train,136,sals100137.png,88ca1020c2743d8c2c0a9c2aeb7689071a33b10f1ebc621faf3bf73db535a575,b7889704319f1f9346ba3a8df53fc76f354bb9aac28366b7bba9b683a39376ab,sals100137.txt,662a34df1fcd90fb62881b2121c4d039e1637f7a8a987a5a55ec542013db8316,0,nofall,exact_stem
1,Hop,Subject.1/Hop/HopS1.avi,train,137,sals100138.png,065260810cfb3b75e21861c4ed55662650dcc2082a262c592dc7de01dafc71c8,13bd4d51961890b3332336416c522ddc27618b3f20af5f4ac14d632f38a530e8,sals100138.txt,e8e40a8dba70d92ddfaecac1cca1e7bc3a161dd1392e7cd5a2350320cddf04de,0,nofall,exact_stem
1,Hop,Subject.1/Hop/HopS1.avi,train,138,sals100139.png,31a8c9ee059268154afcd3ac21eaddcf4206d8ad933c7b1c11a157db8d251a05,b3255e66fd0b8e1bb6bdd4a27682f9aa85f192042455bf83ae728d74ca2b0a97,sals100139.txt,35c8ee78e85cd383ba062719d33e8e822fae802848cbc2f370247af14ffef4d1,0,nofall,exact_stem
1,Hop,Subject.1/Hop/HopS1.avi,train,139,sals100140.png,0e26d2e42c05811e367546906d3784fa530de02d7445c08cf781ac888bb0f5fc,14ded7206bc9879a16c0c64bb1d4e35780b5d9889efb7b2cbe40c8774dd7b99f,sals100140.txt,3b0609e758e92e88ff24731f5834d00b1c8da503bef4c92d851925f998405a7e,0,nofall,exact_stem
1,Hop,Subject.1/Hop/HopS1.avi,train,140,sals100141.png,c847e296399e53fe20e0a83668904f365371e7ecf9155afcf1f70af9def97cbc,e0cb8e49a460d64de7dcb004c7727d86e6586ce5a012d7933fd096dd11bfbd78,sals100141.txt,793000b7115ef9c63c3a928dea5e7ec6660b470274abcf5315ab31c2670da53d,0,nofall,exact_stem
1,Hop,Subject.1/Hop/HopS1.avi,train,141,sals100142.png,d2b6c651bccdfd6ffc7e021444f77123f7493c9877f951a17f11687d54332230,3f649fce82890ae47603feff004e11902f196f10a4681d0b96e1ec2ea2d4a43b,sals100142.txt,25fccb1e824e8649e2e19f1439da368e83c46938511e45414aaa2523a86d73ee,0,nofall,exact_stem
1,Hop,Subject.1/Hop/HopS1.avi,train,142,sals100143.png,cb3be5fefc4068da07e6b3cbfaae6f6ae5a0548d21ce879cc96ddfa43f9adb64,4d142ec9588c4881c324cf80ab24872c1b6c82c9883a06ffb39ab5b608f8fafc,sals100143.txt,f869646159b229213f948c58320e7595f704fd5116439c9c2d2ee4d00ff8fd21,0,nofall,exact_stem
1,Hop,Subject.1/Hop/HopS1.avi,train,143,sals100144.png,5e627e4c746047a03e6f100321abf342df0a91f6fe5f02071146c2ebdd10d262,d945aa06bb6ba34ce18774668c8f2d95adb872d9d63aa7dc270d61f00aa9ff38,sals100144.txt,e6cd30277dc2a9e1eb2b9583bc554e5c54053850f22aafbb6a3c6a36b8732358,0,nofall,exact_stem
1,Hop,Subject.1/Hop/HopS1.avi,train,144,sals100145.png,ee29bb50fa1abf6bec37fcd3753548745b2dac28f245c1036ef83512049321a0,1e7de9f4e5fc814b878b449ce3c0148ae71d96871c653574b5c985b9b214afd4,sals100145.txt,4d1acc1344f71397f9108d4c17f11cff6cb41c8171bce4ee02fe09f962f783c7,0,nofall,exact_stem
1,Hop,Subject.1/Hop/HopS1.avi,train,145,sals100146.png,a23b0d8cfbb665102f7885ea17255d5d0f8d827e5016f333ed3a107e13471dff,9f120549817ed58371ae106bb0a00f83787c90794e436fb3089af0d8ad79bb91,sals100146.txt,32c802a0f4bb799ad37d6423e46bf57efe209f8526add806e25b6cbe48b4e821,0,nofall,exact_stem
1,Hop,Subject.1/Hop/HopS1.avi,train,146,sals100147.png,cd68df787ef83b5ed198ab3b29b84b5bb237a219319b58ef180f66575980f4cf,ef0a98da8990d9182d94e0cf30e23f73315e9c1781dfbbeb6f9f9625bc94d786,sals100147.txt,6bb72312dd2cb55f906c4b0985141d27d24d36da5789613c0f55ee310cf2b84d,0,nofall,exact_stem
1,Hop,Subject.1/Hop/HopS1.avi,train,147,sals100148.png,0e75b0f9461d421f8cfd676510ee98b59adacd8edd98befea4998121075bf014,85d1b64e1225d60c70558b2f17347e3375b98050c3085709f8b3cf20fc401a9a,sals100148.txt,e6903081fb4d53d6b91a3a8560a9b560872130406b850bc29bc5e2799eab242b,0,nofall,exact_stem
1,Hop,Subject.1/Hop/HopS1.avi,train,148,sals100149.png,b8af07d4c8b2ba39084a145704547dc416266a8a04e1112d062e070b875c7b7c,4a58fb6be3a18f5a3f55cc04a1d5e3b4f0cfe77a28ceda977292ca2fcf13c8d9,sals100149.txt,7ce1b3bfdff3e19198b432c44846e027e132072da676c4e906eb00387930afa1,0,nofall,exact_stem
1,Hop,Subject.1/Hop/HopS1.avi,train,149,sals100150.png,6a88194e228ff799433211c0dd6523cbf4252253bb3e96f05d48cd47532ced81,07e7a48392d16752c832411c2e196df08d30ccc78ea698fd6072a83c7167b562,sals100150.txt,b7964dad8e0e83f0f5efb85adbc1360440d9ba65c47fd2c44f62e7cc260ef3d7,0,nofall,exact_stem
1,Hop,Subject.1/Hop/HopS1.avi,train,150,sals100151.png,b068597d5b028fb42201c5941f78c9f047bf48b4840ac32c829a7dbf6b796ada,73b7a05d212cd0822b37629214ec5efb6e3d9da8343d8a5a6750fd052979c78c,sals100151.txt,ae60884d5296ee04110ca3d366b4d1ee88bd6fcd43fcd6561d9ab90d8cfd9767,0,nofall,exact_stem
1,Hop,Subject.1/Hop/HopS1.avi,train,151,sals100152.png,a7b7b0ca6b1425371097fe8e5bd46f351178b568a13373865879315eed02d931,961558233dea51a36438349078bc260d635b00f1a83461201d547e493a8fef9e,sals100152.txt,d057f8a60f385424de90ad2790eed483e772b06a40571cd4a1791a982ddc316a,0,nofall,exact_stem
1,Hop,Subject.1/Hop/HopS1.avi,train,152,sals100153.png,91e5717adc128be5bd462ca0405cc6b333da710acbcaa7d5806841d4d940ba84,fdfe9326e152d6d36e1d1c3a70b8faca21e368d2b211e5d64c05f41d449474a3,sals100153.txt,41921592c5caf455a59caa651929e0ea88dd5fbbf6e227ea401100a3330adff0,0,nofall,exact_stem
1,Hop,Subject.1/Hop/HopS1.avi,train,153,sals100154.png,24333c4d937d4da28efd4e25d56f41526ce1f6bf22024c1fbb8fdf1b7a372aca,ea60d5c84ad92669da3c5778ff98bd046c42e75c3431c2418405af81c71b669e,sals100154.txt,003fc0f77b9cea95fbaf479e8688de2088b9de26b80e4cb73cc31f6b022c7427,0,nofall,exact_stem
1,Hop,Subject.1/Hop/HopS1.avi,train,154,sals100155.png,199cf867443d0f646814ac7e6590a77618b2e87be26c0bceef2fb814c3091a18,990b3cb30db5b6b76952effe25df0b22acd50e18e96d1da30fa756c91c39c870,sals100155.txt,269d4299774ba36db853f1ef83295524aece040007009b7a4cfcd07081315da5,0,nofall,exact_stem
1,Hop,Subject.1/Hop/HopS1.avi,train,155,sals100156.png,6a9539c6771d5028a4f70e4796d8ecfb4f2851fd17c067f0ed289d5162bb16d0,0b235a14eb9003f8ad1f5a454f4fd82e18669837eb448fec0a9b86e9119fe897,sals100156.txt,c237f3bdbdb2a68f19e17d738bcb9d55b32f5d240ab365c3ee40e6047ce89787,0,nofall,exact_stem
1,Hop,Subject.1/Hop/HopS1.avi,train,156,sals100157.png,ec423c4d4fbaa2bda555b034071aea5cfc3b829f4a147e347a10a65ddf726fd3,3043548b70492f6c0b9e284f70c24731485fc75e688e39f935625be5a22fe033,sals100157.txt,135dd15367f535795350ce64259c2dd7ebae0d8d0097126734df5ec4db2cb27f,0,nofall,exact_stem
1,Hop,Subject.1/Hop/HopS1.avi,train,157,sals100158.png,b2ffc95e54fe10e4073cf4d934df357bb0caf780ac6ac83b9e886ed7d1710563,c3115f022c114b944bd9d505928f5e9d8f89603fad06c452bc2271d433804d82,sals100158.txt,814e2238e00d1a7864fbd3f4df49983e30ed185f65ff05d84124d9dce892b1ed,0,nofall,exact_stem
1,Hop,Subject.1/Hop/HopS1.avi,train,158,sals100159.png,7d972d1521216385164cda7f3e5a5164dceef25f51bee470c405972700d1302e,de7e2af6a468115e76f646aba70a6b45e536a99c0e85411a1906e5f4169ad2e4,sals100159.txt,a0332553c2c77dccf220f88d74eee814e5f5ff97dba4b2a41377fd97148a9aa4,0,nofall,exact_stem
1,Hop,Subject.1/Hop/HopS1.avi,train,159,sals100160.png,30c32cc5ade645939389b1b5305ea0492edc969a0087b281455d128839e1ecce,1fb8eeea49f2fbb114e0dfb65723a1c30ecb696cdc8dc90a9bfee5909d3ea303,sals100160.txt,6c4f1227898f19ffa6edc61c3843e999d23b4194d8eb0d0d6a74df842118179e,0,nofall,exact_stem
1,Hop,Subject.1/Hop/HopS1.avi,train,160,sals100161.png,03ea7dbf8d692030337ed17fe308c766a5b493b432cc2ce4241c6f6ddaae39d1,7cb5d95f012cdfd19918ab1f390c37d70f96d2f69f01839cecf67fd34a92a87a,sals100161.txt,4f09ccb8ddf0eb0e468d6e3aae26a34678e66c8dccda248fe1f84aeb5e199457,0,nofall,exact_stem
1,Hop,Subject.1/Hop/HopS1.avi,train,161,sals100162.png,19ff0d0e2f7c20e8e75b75898a6877e5d49f614bf62a33a19e0a1a9f134a8da7,1bcedf07f00e2c1933a206dcd2f71899c684178b34f335b0acdea5075407fe4e,sals100162.txt,caff6610d1605b464591172ded37e886d9320241c067143d4711056a2444905b,0,nofall,exact_stem
1,Hop,Subject.1/Hop/HopS1.avi,train,162,sals100163.png,32d9998cedd7d651902ab8e60a60cfcca18277ee4395dc72d379858e69a0f060,1c775368b3e74ea3f1ec13feb40856d9c48494b09e3c18a7dd6c132686e0dcc3,sals100163.txt,e95a2eb4c85977dc73467189fe7203e6c0d59480633413a050fcfbcdadf3116b,0,nofall,exact_stem
1,Hop,Subject.1/Hop/HopS1.avi,train,163,sals100164.png,f17c6d6e19007cbea907045d7fcd7a8da62516f0d6862138e78a05c1e7e38749,2c3ff662ecf841fb9ca17b35932adf80a5d9da76566fc580e9c016c6f07704b0,sals100164.txt,576603824c2699e86a725e601eb9729e589a4197e37aea4ef1562ebbf4f9c12d,0,nofall,exact_stem
1,Hop,Subject.1/Hop/HopS1.avi,train,164,sals100165.png,0eaf8dbab47e9e1d118d6da1724060a9708118f29b3d8c71985e2ba35d4b0256,805920bc1aa099504864b834cc9b0f529ed83b02c87e971f25af8a8381d08108,sals100165.txt,32cb00209485743cb629e753c0d87e5e6b346e085e139325428bf4ee2061e2ef,0,nofall,exact_stem
1,Hop,Subject.1/Hop/HopS1.avi,train,165,sals100166.png,45e25826b1ff7a83e749586382d346490d6a2a2f451a575e64e52b14e3b20dbd,5ad98422747755a0eb7a441698ce56988e3a8382424eec5e1ac7762210e269c6,sals100166.txt,92e296291c19ccc0eaa23da49a13538585686a5f9362da1ae38776535d02f782,0,nofall,exact_stem
1,Hop,Subject.1/Hop/HopS1.avi,train,166,sals100167.png,475d9bc0531da3bf4848a02c41a5b4b4f15100a5178359aef833234fc423e918,0f6ac80ce347af7e57d31a0726e292c509756af481199d02535e21898810bd55,sals100167.txt,863f99afac72e38f5061ae487fb2ea2b7c813751555f8df22edebcf22dad5b56,0,nofall,exact_stem
1,Hop,Subject.1/Hop/HopS1.avi,train,167,sals100168.png,d81c2ca6f480dbbf91b6b1bfc0b7616f075866222d1b5780dc0049fa19609a62,85259220b56e09671c813f5278ec0be9b42b904ad14e058fdc376ea1f7a37af9,sals100168.txt,560c4a024d7548b8db25aa98b2c36254513ae95a83e72e55079f22f90c538dd1,0,nofall,exact_stem
1,Hop,Subject.1/Hop/HopS1.avi,train,168,sals100169.png,8aced8991387a86c0308254ade27ee434abdc69da141236b812a26dd8c5af9ba,b51bb74223e948919ec1108ad05b33bb4a5fd9226774cadcdcd2aac8ae0bfa44,sals100169.txt,22152759e53ded8b646ab34ef09b45c9c544b82a99917c5006aaccc814609fcc,0,nofall,exact_stem
1,Hop,Subject.1/Hop/HopS1.avi,train,169,sals100170.png,bf6ae508fa7815dd6e7daacdf0050bd7c503c3829260e43a41e10492ccd5744f,865f464d7d34c4987ef98c2e7ed49a3c1e88a19c84a794213d2303c78b471233,sals100170.txt,a9af6a289fe7f08719b292f812425987de3bcb43308adcdc9843e82d15920265,0,nofall,exact_stem
1,Hop,Subject.1/Hop/HopS1.avi,train,170,sals100171.png,fe778b9be69ab29a1cbdce143f0f65e19b9f1d9da6cbe1b75e6f05e144c2a650,55a678f35640ea3708aac9063251a35869e098e0803b8783fcdb0610ea7ae377,sals100171.txt,f13ed326954355bb3fb82f66679835c0c27403e275ad2d6a83d9cbc90bbdbf56,0,nofall,exact_stem
1,Hop,Subject.1/Hop/HopS1.avi,train,171,sals100172.png,b01dcffecccb3d6f528695befb3995babe42877bb84022772af4928d42a45e79,da42ad83f28a44d821c67920abf0d3a45d671f2b738c6fc479efba2cbee0e5f1,sals100172.txt,0b487edb8e95ae0d9f1e0a95dea8984277579b27adc48fbbf6cdb23ef1c25ec3,0,nofall,exact_stem
1,Hop,Subject.1/Hop/HopS1.avi,train,172,sals100173.png,1a2648009c8a9ee2159dc0d9d7b2e0c108b770120d98249579f316aa39ca8e44,f230d1580752a93b4ec43e78ea7945cecdd46a1d3cfeda7f5bd95e3cddeee46a,sals100173.txt,b340e49dcd1b381ebf8d44dc4a576720d93e22019c3c284d4bfc50632e916587,0,nofall,exact_stem
1,Hop,Subject.1/Hop/HopS1.avi,train,173,sals100174.png,facb520c993afd9a4d2b5e5ec4b8ff29bbf3e130743f758c05238bfd41874d93,0b16e3bc2b97e57638f4deadcf553b330dd986a09247b584505bf82a004d565d,sals100174.txt,d30c9a404e9cba653f1b78dccd1dc31b5428a5124fea4fc1cebb4f21a6854352,0,nofall,exact_stem
1,Hop,Subject.1/Hop/HopS1.avi,train,174,sals100175.png,7afdde01916e5f4d552ddf43fa2906a96de09edfd35333274af4c3a25ed77579,4c1bc7004c67c9d23d4418fb2f0876f31e75253863ef7a57f65b43a9bcdf25a1,sals100175.txt,9ca07fccade1bbded53acbdb3ca1d5c92795fdeb48d2efc76e08b44a7a3854a5,0,nofall,exact_stem
1,Hop,Subject.1/Hop/HopS1.avi,train,175,sals100176.png,44150fe76c440dc23dec13be833be6fddc331f4188f8658940b9c6a5e7e61f5c,bc234e6bf9a236cb68d858df669f6471747a6b3cbcff1d6d4347270806c693f2,sals100176.txt,5aeafd83a1222d086cf8ff196c13359bef7057fcc7c2a13295bc31ceabfec8a3,0,nofall,exact_stem
1,Hop,Subject.1/Hop/HopS1.avi,train,176,sals100177.png,ecbfbac13ae7573cd8129bc566423a80e7a62fc48cb25c31b4cecb2bef30cfc3,319edc9eb51309e15299767b4c563358f261a081651eb328615a7a412cf64de3,sals100177.txt,cbbe9ecdd2c676c194ebe566a0695e7042a326ebba6ebce20b01748671979b87,0,nofall,exact_stem
1,Hop,Subject.1/Hop/HopS1.avi,train,177,sals100178.png,66efc64ea96d8c693956ec06eaaddea36ea86c9f178117a73f7f07d70ca65997,4fa9da6de081d4a4a96c9da9edacbbfadd59ae5742b32e82cf1c18b07e25cf2e,sals100178.txt,5e2078fcd24876f4047cc4ad4e3bf4277112e45f2ff11b5159a7a3df8a89a75a,0,nofall,exact_stem
1,Hop,Subject.1/Hop/HopS1.avi,train,178,sals100179.png,38cfb7d00401ec1ba528a5df00a1a13a702f302abe0de2bf920c83e8c7d0928d,9beb544d9efcda23c7bc4dac6d879c95e7f302701534aeb4b1c340c190ffc05e,sals100179.txt,134fe621736b2d455e432e1c95a7eb88721c3e9927a0d007a8732fe995553f30,0,nofall,exact_stem
1,Hop,Subject.1/Hop/HopS1.avi,train,179,sals100180.png,a67ca61e92ee9320320f467e2ee00886cdc43203d7b120b9ad538bd24c6a7809,5fb4d2e0214553731e19ca368ec34cc8463cb06a04510b4f1c717d209e018a14,sals100180.txt,e5814bc0377cbfc430768a901b17bc98fe98b028cf44ccff9116c7a7fd34939d,0,nofall,exact_stem
1,Hop,Subject.1/Hop/HopS1.avi,train,180,sals100181.png,b0505dd1da1690e600f3cdf971c532f4f3d67f007972ee202b6e8517055745f0,9b29f9cff4d0d0b3e168caada760f8b9f9919ede1ea705232e1a8353f92765a8,sals100181.txt,f62173d367a8daafac083495f1789f2c6916d234c5fa1fc2492efc22274374d1,0,nofall,exact_stem
1,Hop,Subject.1/Hop/HopS1.avi,train,181,sals100182.png,2f27b83f79aa66c7c499db47dbdd00b059cf35141c5de746929245d2145cc4d3,9a7a31ca2e98f6d1f2a28015611bcd29747c2be863c1d8078e171246f810102f,sals100182.txt,80ab6532a14e6cce3d4fad5b2ad1ff01a446b91f8e195b797c0f0bf6624fa4f7,0,nofall,exact_stem
1,Hop,Subject.1/Hop/HopS1.avi,train,182,sals100183.png,a6d3f55ebe21c396f6a82ab9de4bc9a192c1e87b8abece2c7ccf2b6c96276ff9,334ba01ea7a389ab51620cfe2f7944f92b98b3fe07b5e1095734a499d73d79f4,sals100183.txt,fb2ded24c1594f40050cbf32b8b444aa5d66125294987f50f1524c1e4c28a791,0,nofall,exact_stem
2,Fall backwards,Subject.2/Fall backwards/FallBackwardsS2.avi,train,0,cas200001.png,94f5aa7713654ed4be1615b2ad18d6a44fcfd196b33dfc11ce2d98fa02e2d4c8,d9198ead3bb344f9b854d23d1d3d9e89e16e289691510bcea29d0c92a9a8a4d4,cas200001.txt,e558efc56629f53e7fe773fb9ef1900ed6eb0602ba0d810b42796c724fefe462,0,nofall,exact_stem
2,Fall backwards,Subject.2/Fall backwards/FallBackwardsS2.avi,train,1,cas200002.png,a7e610722fa4205d5a9e5aa1a878d242a59fa5d969e68dd1e4d65bb673a53d45,fbbd167cf5673b3141e3cc59e0451f24a1a1b60b04e216fc770a82dfb60b21a1,cas200002.txt,ddebf220f7397c040624a6edd48b954eec552bd9e753aef8f2183626abd4f912,0,nofall,exact_stem
2,Fall backwards,Subject.2/Fall backwards/FallBackwardsS2.avi,train,2,cas200003.png,3da5e5e7724077f1699772c677786ff67edff35f6a79613c3d3d143c662acf78,bbf60000921051786dfd237bda49489fe5b258de6645efffb3cc73e7f5e286e2,cas200003.txt,7bbf35ea1142f3ab2d26d27f01aea2c78837b63faad368be1880e5165e35d015,0,nofall,exact_stem
2,Fall backwards,Subject.2/Fall backwards/FallBackwardsS2.avi,train,3,cas200004.png,0abaf9865eb9ddf3c5d4cedc41a569d49b0081f4c6fda282c280ad6ceeb3763f,df1b23d4742b38d86d65eddb661a94df51d75683b653c4903976dc68c62be10c,cas200004.txt,f377203baf94ab6a1371b13b9056d1c923c406c6f111ff532ad80713b437452b,0,nofall,exact_stem
2,Fall backwards,Subject.2/Fall backwards/FallBackwardsS2.avi,train,4,cas200005.png,3c3d8c6477dd960292fb299f6d5044b44295e4d00793e5a5e8b2e89ef2ed21f1,183d3ca67c6d8506603b4dabf19323f5493810cdb51fda7a12be2483dbfc0be7,cas200005.txt,4331aa9ccf0f92cd47e64854c9680c73c05c5e83f484df487219d5d486600354,0,nofall,exact_stem
2,Fall backwards,Subject.2/Fall backwards/FallBackwardsS2.avi,train,5,cas200006.png,6aaebc8b8c092c14c39bd6bd851daf7f249e6fe10e41cd8bd3c84ee6b6f73418,746bc2890688be7a38ee86df34254c4208e2582454115182aed9a3718887fdb6,cas200006.txt,f1e3834896db5d0221d787e199e7eede9f4034c5ea9bb8fb16e23effe9e93084,0,nofall,exact_stem
2,Fall backwards,Subject.2/Fall backwards/FallBackwardsS2.avi,train,6,cas200007.png,c8e150ebea973451ff4b6d6b93cad9681c3fd138c4d919f86ed52bfc679f00a4,a2b404e8fd6866ae8f57b51e18f06cdbf2de0563dad8606b1c6f4378845317c5,cas200007.txt,47d642a51abe5041d30e7a5e1d5285d9ff0c5b630716ea8f2d4ed6612e231c54,0,nofall,exact_stem
2,Fall backwards,Subject.2/Fall backwards/FallBackwardsS2.avi,train,7,cas200008.png,0bb5a8aec970538b38225349444ed47382fd313053e0d0bbe603dd34753df836,c50d7e1df653400a2bae105a08f60ea9fc0b1611ea18c85d3a61287d482bd2d0,cas200008.txt,3c88824bb41ab4583120a73fec16916df066897ae9cb8dffed846dd9bf19427b,0,nofall,exact_stem
2,Fall backwards,Subject.2/Fall backwards/FallBackwardsS2.avi,train,8,cas200009.png,c7d61147fba7ef13814b1273a7086a3e2177e9d58545a3074264f30246e9ebbd,4021c3f5b93b13982de5d685fa4dececb2bb020b16ce3f26f369c48384c59a6a,cas200009.txt,b20afbc7a7b90ee1bd1da580904b747e0ffa43f37000e0f3409809f0a2cbeb1c,0,nofall,exact_stem
2,Fall backwards,Subject.2/Fall backwards/FallBackwardsS2.avi,train,9,cas200010.png,aa9fcb22ca450f5a2e465c6d957a53d48ece101c840c8db58572cc0e0c5c2e0c,686ade5440a1e21752704ffe08dd2de9a53074b1dbaf3db1d31ecaee9bc6349f,cas200010.txt,909aab2e050cedf7fc4fd400c56d2aba89d954b17a5d0042cc3fed39f14397b4,0,nofall,exact_stem
2,Fall backwards,Subject.2/Fall backwards/FallBackwardsS2.avi,train,10,cas200011.png,64e6e2f03729a226d25d8cc00cc69a2ad37fa1ddacfa7037a71bcc05655b2532,6135b73600ce3a5c71bd3aa8578e2226be1f2d26ee02f54913b7e30a902d42a4,cas200011.txt,17266d96cfdc38dcc9834348673d35a0c9708f77cc2841b6d06fe98b20e34d2d,0,nofall,exact_stem
2,Fall backwards,Subject.2/Fall backwards/FallBackwardsS2.avi,train,11,cas200012.png,c07a240ad2e14c6a57e3ef372a2bbf66a3e1124da9ee9980d934a292df12b09a,fd4dac1ec871e9097960300a67fbd480d04c7750a1c93117c3e0183dd4a52ab4,cas200012.txt,4e024bc6d1bc43ac607287fd0d8d6b1c53232e7edf388e8b7c51c36c5909b5fa,0,nofall,exact_stem
2,Fall backwards,Subject.2/Fall backwards/FallBackwardsS2.avi,train,12,cas200013.png,c0678b2d0d17a4e0313fd4dd84056e972efb1cf6f7b02036af10748b15495e8c,88b1256c33430a9a50091633ed5ed9db80866d86edc3f2dff7d94eb7f6f03f2b,cas200013.txt,a8cb72702f51a06d812887cc0f81b3c8026271dae3ed3c22f14633504842c6c4,0,nofall,exact_stem
2,Fall backwards,Subject.2/Fall backwards/FallBackwardsS2.avi,train,13,cas200014.png,17897208b78cb89c0b2301ed31503aa99b689b286c1c6e6fe61d499901031383,ba642c7d53e990d0b3bf1473d2592cba923cd865a4c77dd1dc9a18169e0337a6,cas200014.txt,d23660fe8e72b23fa6532cfcf8386b260d0f98629b091a58ac8768ff3d004695,0,nofall,exact_stem
2,Fall backwards,Subject.2/Fall backwards/FallBackwardsS2.avi,train,14,cas200015.png,5fd3c1575e8d08ca9fe820621f94a498fa2c9b9b2a929d9795658493716df989,17fbc7c4c1cb14d2634b0d781c5af0e3b921fc7e2611e880292331c23ca08430,cas200015.txt,f54157a55305c46686021400ab7455cba94d0964ddc5d99a49b3619dc47fab75,0,nofall,exact_stem
2,Fall backwards,Subject.2/Fall backwards/FallBackwardsS2.avi,train,15,cas200016.png,147b6a3e7dfa3e7cbda6cc2c7ed8780dbab1b1de6a107c33b5022deb7e32db1e,c775c3707a306af3ebdf8550d4eb9a7bbe733d559ca50bbe32eb22256704e63a,cas200016.txt,0a75b307a10bedda43081b0b8ad6b43feabb3ee585239894d7be3470805e1354,0,nofall,exact_stem
2,Fall backwards,Subject.2/Fall backwards/FallBackwardsS2.avi,train,16,cas200017.png,e32e864b28f5559656d0078a7747331831cc42187903da5d1b59fd70bd6f8846,eedba3e7e7c5071eb5b3a8c837f492a7b88f845b882b1d6680f87bee79a3bb13,cas200017.txt,6bf8bf7f7cddeedb1b519fcff8de961c2a67cea1a294d5a8fe75c355190b4719,0,nofall,exact_stem
2,Fall backwards,Subject.2/Fall backwards/FallBackwardsS2.avi,train,17,cas200018.png,9bf2eac0ba962f4e2b32fb5e486a66ffb81c1aebe5741c9eeefe8901f8833e2a,a5bc63b0f0308daf6c8ae35b9c4e8463edd15c3b5d5a3b1b8dc5f341bd9338c9,cas200018.txt,493726124e58bfc789df12e689fef6bade86972e6ecfe84148a2f976ef790a49,0,nofall,exact_stem
2,Fall backwards,Subject.2/Fall backwards/FallBackwardsS2.avi,train,18,cas200019.png,15f5a779c18583faf7525d5e1cba6a1e40b8d687ef491ae0d41144dadcb99c3e,eb86ce8e7367d0cb439e4c90ef7b5ae96a1b86efd522b61e516c9981fba85af8,cas200019.txt,a181d3f93b179a9b3506b9a59561f04212b11e88528c82820e36c3907f9f6040,0,nofall,exact_stem
2,Fall backwards,Subject.2/Fall backwards/FallBackwardsS2.avi,train,19,cas200020.png,1dd8a659d3ba752fa3b615357367b6cc07e71808af144bc1635e54712f7aa3f5,c5c5ab7e4ad7867e338305451c5057e655450d3266f3244dd527cfb83fedd3a0,cas200020.txt,2a96dec69656b1171048059221b44cd59419c69ecde98dc9bfa33b76a4054216,0,nofall,exact_stem
2,Fall backwards,Subject.2/Fall backwards/FallBackwardsS2.avi,train,20,cas200021.png,9f2f0371f771b3255b2f03e4026f33a5318259666af0cf5d69b3c21c7d179e42,4a2186b47173316d75af82d316b5a63e2bdc43e742967b1133e2ce190aa9c562,cas200021.txt,d7d5a83de7323134c6f4107abe39a922fa6ea57bd6c406af33f3a319725b020c,0,nofall,exact_stem
2,Fall backwards,Subject.2/Fall backwards/FallBackwardsS2.avi,train,21,cas200022.png,bde6c1fc8d48e39e9aee64cf31b740848b92c8c5ee0fdc3ab55bed9ee40bef49,42403d3174c437e7dbb7ce309d8403b209783b9b6d7760fe2e2ca09c368a08aa,cas200022.txt,9dfd4f89c2ec706ac01e0ffe773f45d07a1c6df769d6423f50d4d8c9a12a32c6,0,nofall,exact_stem
2,Fall backwards,Subject.2/Fall backwards/FallBackwardsS2.avi,train,22,cas200023.png,6b263469a475c0b0760b2e27c50e2cd8679c51b2f69ecd489402e1703724662d,8bf3519dece196086b67eb5d9718bc8bda941e6e58c79f932aefe7a10fc529f2,cas200023.txt,851cc86f1f1f7d2d50e4dd06aa742f30855be33f9483ccec20e6f3190953c98c,0,nofall,exact_stem
2,Fall backwards,Subject.2/Fall backwards/FallBackwardsS2.avi,train,23,cas200024.png,88a9c302e36d79e198791697f3a08a64f5146f29a30d9b06ccccf316b7f9b034,0240748882030cf06130f24e3774fc474e310512c355a346d6334b25209d6af7,cas200024.txt,3c9846e44135606276940fc81590f8a4b77820ae7804cd869c2315f682b752be,0,nofall,exact_stem
2,Fall backwards,Subject.2/Fall backwards/FallBackwardsS2.avi,train,24,cas200025.png,2dffd0a71b7eccdf00e6f4b350923000ef04e91b3cfb50555055c5acc13f60b5,24ecbb403a2fa81a51a0ebf180c178333721471e016d212a1240f901a2b54029,cas200025.txt,a4c6ca91203ed15acff8b05f149fdadb208d431a1b85a1f07b438e00116ab389,0,nofall,exact_stem
2,Fall backwards,Subject.2/Fall backwards/FallBackwardsS2.avi,train,25,cas200026.png,cbb0b0b4357187d7c019dfad8288819dbfb916839e02283ace7e1f0b089220ab,21c0cebcc1395790fc568c46d936a523025bf02e7273bc3ceebc268b9e38fc2b,cas200026.txt,f528b26d35b99b30a3b65d8dc01b1a0a19c7551a4086587585741907373998ea,0,nofall,exact_stem
2,Fall backwards,Subject.2/Fall backwards/FallBackwardsS2.avi,train,26,cas200027.png,007550ac21ca7e6722893c87adad17554aee6f13b271c95613353a981b20e2ae,814cce60a295cdd483a617fec9f6e0337129f98532ed005b1a5ff8ac72b681b8,cas200027.txt,036f97518907a40e5d55157c7d64f0cca40d605d73f9cc3ddda57acf820c1317,0,nofall,exact_stem
2,Fall backwards,Subject.2/Fall backwards/FallBackwardsS2.avi,train,27,cas200028.png,5ec48acd1f226a17dd962da62979110de33d0ce815331eb699dcf5b58e9fd212,787a0e47a61ca5a8e59cc976ca659a6b8c421d50a21bbbe807a80b616046c4c3,cas200028.txt,65af3db7d9acccb3e9082fc23f618b043dd5097dd6a3008bb3af981519f6b182,0,nofall,exact_stem
2,Fall backwards,Subject.2/Fall backwards/FallBackwardsS2.avi,train,28,cas200029.png,ec7527a3c0c01638deaf82b6bfb2ec1f2dd1825a12b5a63995f3ac2acf3facef,9b04f4a2a453ea5dbf12407efb6ef331980e88ec7e2d536b069d8d4b6425439e,cas200029.txt,e33386c19461c867ccad500ebfe3398f08f142975ebcb0b0b063d750225b4eed,0,nofall,exact_stem
2,Fall backwards,Subject.2/Fall backwards/FallBackwardsS2.avi,train,29,cas200030.png,80ddba526c3f7e127fe6ee55078ebd3d356de3c5420732cc148a8374e27a70a6,afd60b750ca46c90ce6a4125387d3c26faa7a7cb32a6335a56498f5fac5cbcd6,cas200030.txt,4b18ad79a49559b776c07a61618a5d14aed74ac281913775551c1e28ca2235de,0,nofall,exact_stem
2,Fall backwards,Subject.2/Fall backwards/FallBackwardsS2.avi,train,30,cas200031.png,fe12f61f4a807c1b9e8aae219775413dd7d2b7068d4e75f2d47e7a2ea868f1b2,27bbf966b6b46907f2405c211dbabd7c5b7dd5e38d5c0a89db82d86a5f0020db,cas200031.txt,cc301acef8436ac89ba40e1d61e2082c282a48a376875eba2af2725c778a59ed,0,nofall,exact_stem
2,Fall backwards,Subject.2/Fall backwards/FallBackwardsS2.avi,train,31,cas200032.png,e0fcd076b684871da8c25442f4190096815d5a9fe6270faad7d3f227518f2640,b96daad5ffb1a2876589c68578b5fcc11e773b894b3a7d81d23d84b09ce4b64c,cas200032.txt,b92140f1f7d23dad80ae71ad547426619f83d2d0e1145996d6a809164cd0a599,0,nofall,exact_stem
2,Fall backwards,Subject.2/Fall backwards/FallBackwardsS2.avi,train,32,cas200033.png,89737c944ec3f9d7f57ad705b06777dd323c9027ba5d332c0868f527dcfff226,c7a8eaf3fee14a587190f47a9677a73098e857c470f13cd0bc9759f4a863a7d5,cas200033.txt,d3839066b643fe855c929dbadb8a7e5246cd25fc8ceff2f53f96c22b8969f64f,0,nofall,exact_stem
2,Fall backwards,Subject.2/Fall backwards/FallBackwardsS2.avi,train,33,cas200034.png,307b1ee0cf4d3d5060b06590e68d1e4eddb6cbfa3057da41ca1e617b82888494,5c0368d414758462325fd9ec09feb1e683871597f2ea7616f5c90bef18ba5b20,cas200034.txt,9900f63aec85d1a0cd49133d50a6c324a78357b52dd08fc0ce67864f6a819d3c,0,nofall,exact_stem
2,Fall backwards,Subject.2/Fall backwards/FallBackwardsS2.avi,train,34,cas200035.png,7ebd8e2606e35cc5a55fa472a3fc8f8b3b26b50515b94a2afdae4d7f8a3decbc,beb2ed5a9107d3aee60ffb77249b4d8485b77f412d52e72d858bf69b368b754d,cas200035.txt,8c96a2b477ae66b96defd07ac603491ce8d0cefe0dc73dd0770aa39dfcba6756,0,nofall,exact_stem
2,Fall backwards,Subject.2/Fall backwards/FallBackwardsS2.avi,train,35,cas200036.png,386ae82f3ff213a20c6cc5072e963163ff161f410d52691973057c0f8bb79c65,f2ab77e12c6fedb42d9c8fffffb27aa7335d5e868a8f44d8a82d83fb10f80e2a,cas200036.txt,b0217c378463db81999741216150d2ab68add7ad86c7821ec9baa7b5602bd8be,0,nofall,exact_stem
2,Fall backwards,Subject.2/Fall backwards/FallBackwardsS2.avi,train,36,cas200037.png,334f554d60ce0f587369153316a77f1a10e7bffb986a7cdfec4715b8d817e56f,a7116d4c3a0f6e1bdc7722ca5b2acf1143ed1f048acd678f382273f6aaf939b6,cas200037.txt,aade3c8d9c750e7648ebd1ee43180f06712b57c9388bd215eb2804e7ec5cbb0c,0,nofall,exact_stem
2,Fall backwards,Subject.2/Fall backwards/FallBackwardsS2.avi,train,37,cas200038.png,99bebf8883d37523ba5e64a8d2c87a284c68dcc7be24ecece7cd54414e4fae94,89e15206e59b13d5136277dac49cea1e9981c218748e32c3ba31e0c6b8acd391,cas200038.txt,ac0c0659ddd056627cbff7cd74379b236efe2db6b75fb8e321ec3cf93a082dab,0,nofall,exact_stem
2,Fall backwards,Subject.2/Fall backwards/FallBackwardsS2.avi,train,38,cas200039.png,6951217a74a80b297ebbdf6233edddd5d0aac6ec0cc81b36a63b400219b370f9,528619d4c82a3986cf619b7b3dfdc049a910a2783b141c58a25f2d3bdbfd6487,cas200039.txt,684e318a40fe864071a846db02c19a5fec4bb4456a11a8820318fda9da354015,0,nofall,exact_stem
2,Fall backwards,Subject.2/Fall backwards/FallBackwardsS2.avi,train,39,cas200040.png,993b186631d19210621f69210f2ea736cf605a53cdb116087081ae175e272073,98688325f93037a6edff18a021051d7ce55398b28573742f557125ebaa6493a0,cas200040.txt,ab2534a085313bebd04971d2fd906a70c600af75a5e5da4ed5fa7d5d84ac352b,0,nofall,exact_stem
2,Fall backwards,Subject.2/Fall backwards/FallBackwardsS2.avi,train,40,cas200041.png,b18008c77e1537faad8476423b05e2bed028b092d9f435aa047dabae6f06b67f,7fcd66fa600b13d38ef7e103a140e8a3761c21e32ae86f8e6398310b5558d81e,cas200041.txt,8558ed24b8b6333d55c826f83c19949865894574d66776e3833c762ae97d71a0,0,nofall,exact_stem
2,Fall backwards,Subject.2/Fall backwards/FallBackwardsS2.avi,train,41,cas200042.png,218abf93a39c882176fe739847f346bb6a3248d99f02e70f458d0f53ede017eb,41b7edd6d079f386705013af4f85fd73d48cd39e3536ce79ac0c09b47045ffcd,cas200042.txt,dabec794532f0dce00faa72f3512c65caaade20626ebbed159f3f2401f58dafc,0,nofall,exact_stem
2,Fall backwards,Subject.2/Fall backwards/FallBackwardsS2.avi,train,42,cas200043.png,e3ad964df05148eaf8fa245a938cdbef6153f2d0781ec6d861a8226c566976b9,b25250ad12fc20d7f5853830b2df5ba283cec2aef89c7a3bfebc70baa94222ff,cas200043.txt,e3246d8d7cf01b55c9275be39018b5839d2a04938fea8ce4ebec9fb77ea18116,0,nofall,exact_stem
2,Fall backwards,Subject.2/Fall backwards/FallBackwardsS2.avi,train,43,cas200044.png,10f6627dedf9094ca0be9b97cebd1ce78d1bdbed6865b5cb9371b4c9b8f1dd69,60831819ecb7e57bc40bf4c260db1a9c72f226fa2c227dbd1ff15531fcf5dc22,cas200044.txt,a2780974712affa2e8ef8f8dfa9ec5da9045f7f262b66d2b0e7f8189b9eb1c3e,0,nofall,exact_stem
2,Fall backwards,Subject.2/Fall backwards/FallBackwardsS2.avi,train,44,cas200045.png,487117d935a55a6f3910cf2c45349076dc1c7d58c6ca89305ff504b3ea547f67,442467a460b8a88d68b9cf05427de6305adef8e5272362c6404e8be40f62f79f,cas200045.txt,5fa41c065b67ef81f0a8114320de0aa61f9124e5a7878bce185d39c97453defa,0,nofall,exact_stem
2,Fall backwards,Subject.2/Fall backwards/FallBackwardsS2.avi,train,45,cas200046.png,a80e93798b3ae9f464da67575664b99888c7abfc4f732c1a5bc5a3fc6da2e158,d5a5a1c4d55c26a1b8811b09613ba3dfc4dbc3bc133224bf998cf3f334572456,cas200046.txt,4fdbefb5b2b9a1b07aefa15c16aae3347addf5e6e83d7577075febed94a46a91,0,nofall,exact_stem
2,Fall backwards,Subject.2/Fall backwards/FallBackwardsS2.avi,train,46,cas200047.png,5e50b4b4a124fde5c4005dceba0c8b1ff098272c4a13608a577cf19ab0cdc5db,4d1f64f456a8f36d75f6158def6932be391dad931281c69e13c309ab606e6698,cas200047.txt,fb2c87302a41f1f273153d2abe4184a4d1d86e6764d1e2e381aa21203da2bbb0,0,nofall,exact_stem
2,Fall backwards,Subject.2/Fall backwards/FallBackwardsS2.avi,train,47,cas200048.png,e30f2ed5f86230d4b75e63bf96af52984b2443b7b616174b78baef67fccb5a73,8b9e783c86a26a7274fd03700e811531fcffb916a4baf7d9197cc2f15b7d9ccc,cas200048.txt,9af5f9e0bd7a9fd342299533b6af2e9aa54939815cd83b63c351b9d994d89a5d,0,nofall,exact_stem
2,Fall backwards,Subject.2/Fall backwards/FallBackwardsS2.avi,train,48,cas200049.png,986ab81a5284d59de52fe05e9c0ed692718a23e7f64d3b625cf8b795e36fdd4c,dbd523cfe21bfe571d5d28e3b1abca6974cd1c63502384f93e505d4dbaff8cb2,cas200049.txt,a22375b646e0ac21d79481cc622178b089aaf5ea556d3fe8f18c3fd2404757fa,0,nofall,exact_stem
2,Fall backwards,Subject.2/Fall backwards/FallBackwardsS2.avi,train,49,cas200050.png,be1785712a8800847f0d919dd65f8ad4eac58d169c7568033500d65d87957685,75fb064ed01ab5a8e8b1f4d9aa6ee6e7d91ecc689cbcb01d889fa5a36ae67b31,cas200050.txt,4963ef06d3e5d0cdb4fa8f9c3dc1b9dff19419c8a37fb0316ef11df7571ec478,0,nofall,exact_stem
2,Fall backwards,Subject.2/Fall backwards/FallBackwardsS2.avi,train,50,cas200051.png,3789a315a27869d8c32172e744fb8c203c37d1e9a85290a579bbfe01ed7d76f1,f4d42e041770074d43ca352c21c8b29b999516f97d2f7a93ab6ae17fc2c7cf5f,cas200051.txt,fbfb88d3396b95f220b7ddb9aa7deb6692d427b87f76162fd65ed3c8714d19d8,0,nofall,exact_stem
2,Fall backwards,Subject.2/Fall backwards/FallBackwardsS2.avi,train,51,cas200052.png,7a6a114d8188b0c9ffe47d3daf09f4b708c9bec2c334873503d03e6a441870ef,fbf10495c10c9de91ae800b769d714c5bbf67e22dfedb2b645a23b9b54ff1a3b,cas200052.txt,6b5ddd9079a02a7e3599ec249ff70242d60a6f8675a03a041416bcdeb3ad93e9,0,nofall,exact_stem
2,Fall backwards,Subject.2/Fall backwards/FallBackwardsS2.avi,train,52,cas200053.png,7b7cff35a5a13a257957be7112e6abec1c37e4dacf2ff4603bc610553e5691dd,4d1c57c33fc9650900eef081067e32beaf83a7e4b7a5b6bc3b2b5d9f76d5432a,cas200053.txt,2072595657131284aee51c36975eb8812c3368da923e22329dc4d272802a88e2,0,nofall,exact_stem
2,Fall backwards,Subject.2/Fall backwards/FallBackwardsS2.avi,train,53,cas200054.png,6d0da56fb752ef31f013e306f62a29395a291556b069d6b413041bc97f1349a9,ad3d425bfeeb7d795148c712899cd3570899af94a71ad2575436ec730345f6fa,cas200054.txt,9ba9f0d7350846fe339c03b4454c2ea61f99f7ff2197a6790182631534f5f40e,0,nofall,exact_stem
2,Fall backwards,Subject.2/Fall backwards/FallBackwardsS2.avi,train,54,cas200055.png,b089e995b98429c4cd5b9042c7a602f852a44e0f5b4cc1bbbfb60b610787d5a2,029caf9240f9ef4fb3bc19f91f07469ed348cabf28a522ff81f197c5a472b637,cas200055.txt,3310cf8d4448a0cd9fd1762bc2d4f27e1d05d826650fd4469b3f0488e309caa9,0,nofall,exact_stem
2,Fall backwards,Subject.2/Fall backwards/FallBackwardsS2.avi,train,55,cas200056.png,e3189ed0cd162b2c30af2483fb9d11a5c97cfaf10ed2fd8f56a1e26540673f96,797213a9bf8de9e9500f15fd64c4d34c762df786e0c2c8294ddc97d4195867de,cas200056.txt,57e3c6a652789d37c6bf4797de4538df6de268f48ebb3485d2fad9d7e85b5201,0,nofall,exact_stem
2,Fall backwards,Subject.2/Fall backwards/FallBackwardsS2.avi,train,56,cas200057.png,f334d6ac239d8810a42750b60639b845bc597ed8a6a828ca90131d53f0058133,4ef4396ddbacf5d288522f9a6e4a5fc02d982bd4f81991e56c550425731c1c8b,cas200057.txt,5a8e558b3da62b7abc7727e444bc596c789e8d15fe9ddbe12c7a2154c221766e,0,nofall,exact_stem
2,Fall backwards,Subject.2/Fall backwards/FallBackwardsS2.avi,train,57,cas200058.png,326a142c846d52a0fba335cc59472bbb7465519d2198cfdc5c01eeb276f42ea7,8d5b90c1bc3a0fcd93a15ea9e5ce5291ed33374a1a9e357e2396f24845ffa68d,cas200058.txt,527b8c1c98109479310b3afe8f0a10d48e32a12f2f71f2acc304c9b46ff6c4e8,0,nofall,exact_stem
2,Fall backwards,Subject.2/Fall backwards/FallBackwardsS2.avi,train,58,cas200059.png,abcba42a7a0b962351fe6c487bcd736d2bfc720da6bed92049e4e3854c18521f,db874941738d071b4a57dbb969792f7876a2dc0dc417be7f6d5717dc254cfeda,cas200059.txt,c9805e97b37b9d8236e0b551c05b8689925ab53d5e3680311fede130164042b6,0,nofall,exact_stem
2,Fall backwards,Subject.2/Fall backwards/FallBackwardsS2.avi,train,59,cas200060.png,e2dfda2a7b60b74673fdfee59c1d703485617f41d2ce4ae013be01daf24f546e,c9e460c51de29ee66af2f314c9fbfc5ed990f188afa9810dbfe0324590cdc7d1,cas200060.txt,7acf06aca41e47f7b8df6bec69abc4b52bba666e895f75c8b0f3270eeb036c34,0,nofall,exact_stem
2,Fall backwards,Subject.2/Fall backwards/FallBackwardsS2.avi,train,60,cas200061.png,cc0bd281c8606e5108c3d797f6aa7728814f4fe2e99a5b669d40244da227c962,57b2a0f01425bc2b689712354a89987cd5231e9fc96fe34996ce7bf8f7f7376a,cas200061.txt,86ab1a6b91662891659e2383ad7e5dc2019e2c650591dd2e2ae1c9daf37b7bbc,0,nofall,exact_stem
2,Fall backwards,Subject.2/Fall backwards/FallBackwardsS2.avi,train,61,cas200062.png,7d01c87838dbaf4e2d012494998f8d556b06e2758c0eb5ded0ab5b36b27bd6d4,9bec414df0516365b8f47bf5c259e8c329cf6f2f716f16fa2d1a90a8ff4206d4,cas200062.txt,a2121075f507b3aaadadaac9fd0bce22b31d08f30aa9a042cf27b8718ad71320,0,nofall,exact_stem
2,Fall backwards,Subject.2/Fall backwards/FallBackwardsS2.avi,train,62,cas200063.png,a9a715d3d1843ce6e7569f43f1605d9861bd3fe83b03d28ca37ae7c172661c14,632089e11ad4a376121ab5c610d0ce7653e4017b9d125cccdf92f845cd5a5983,cas200063.txt,70f8043ef34a97f7a0ff3c8e77994cd170ad74ac7313c1b2f8a65606b412d409,0,nofall,exact_stem
2,Fall backwards,Subject.2/Fall backwards/FallBackwardsS2.avi,train,63,cas200064.png,29b893de6a03448f83a264f37bb9d98e445d04050b93f6b97b03b2cb2e179a64,8814ba626cda479c75d526e9039eb1aed46191311828d08d81e7714b43cf4f7e,cas200064.txt,7027e6a1dd4634cff766f91226fd14d055f9e294fc9758feac647e9b786e6706,1,grounded_fall_state,exact_stem
2,Fall backwards,Subject.2/Fall backwards/FallBackwardsS2.avi,train,64,cas200065.png,a23f7e5f555994fd00d633519f1c6d5215f37f75785f5102eca6da7b760a66b2,71e139148bd4132998aa5cdedd929b2ed61e1c519ef5bea50e2a03486f0bbebd,cas200065.txt,e81b4ac942daa292554b733547b71a261853a17f95545068ceafa0c8f2a13a63,1,grounded_fall_state,exact_stem
2,Fall backwards,Subject.2/Fall backwards/FallBackwardsS2.avi,train,65,cas200066.png,bf3b19dc8e93ed5e69eddc582988d8a602bf3a1c8340aa9cf0448659083bed06,0451b119b26d99e69a836b6e2326c84496d9f111151e869ee6554e03cc94c6d2,cas200066.txt,03888f58574cc3dca4210179c1e0a811be19a065fd188fedeb0c25393e1eae4c,1,grounded_fall_state,exact_stem
2,Fall backwards,Subject.2/Fall backwards/FallBackwardsS2.avi,train,66,cas200067.png,df6e844a039ef69561d58e1223ee803629ed1a76b82b5a741b89bbd5aac98d6f,f51065a5901c1985db1fe33259731a2fee585a667162c3387ebf98cb6fb42501,cas200067.txt,8e2ac86ad1bd882ffe64217e517efa1bfde948a17460ad0ad44d87c36679ea87,1,grounded_fall_state,exact_stem
2,Fall backwards,Subject.2/Fall backwards/FallBackwardsS2.avi,train,67,cas200068.png,e3bc4c1ade011950abd9d9566a1132688f421368316f7e2fb916fb95faa19689,694b2161fb3c3d3de2b3cdae15848d514d6fd8fc0e84b767efcfdcd77fb1bda3,cas200068.txt,d8eb5eceb1f74eee98e73f731ac55b8e7864dead4d66de00019838e88ce04b73,1,grounded_fall_state,exact_stem
2,Fall backwards,Subject.2/Fall backwards/FallBackwardsS2.avi,train,68,cas200069.png,bd928a24e810b21a0888460a26d21af249e2c42e57ea67d3c683023f9e8254c8,3179c94d693e3c190c6df9efdb612fce803fdf1bdf160d401a710081ebc842f5,cas200069.txt,a6c5c02aef6e0812eb351e6404c58d7d6757a9ca9f901dcf503abc3e01bb1beb,1,grounded_fall_state,exact_stem
2,Fall backwards,Subject.2/Fall backwards/FallBackwardsS2.avi,train,69,cas200070.png,8ebfd2a4fc4690338f839cdd5d27c5b256bccc3a0264f3c29215c07354dfc274,34ba023343881a34529c7068627b174424c9cbbfee8a7c5886555d8f348a6141,cas200070.txt,0bc307893d16d7ba0c826d6dae9ef3198edeff76fa361066b752106c72dfcd09,1,grounded_fall_state,exact_stem
2,Fall backwards,Subject.2/Fall backwards/FallBackwardsS2.avi,train,70,cas200071.png,4b7c913aec5946c3cb020569ec974af9295ec6b4e51ab8025ba81694a433517c,feaf31fccdb340dfae994aee848d8d207cb0ac2bbc7c6e4fdbb37334582ddd71,cas200071.txt,8c6142da3fca7eee863428cb53249c23f3fb337bcc18d85ced76b08c33edcacc,1,grounded_fall_state,exact_stem
2,Fall backwards,Subject.2/Fall backwards/FallBackwardsS2.avi,train,71,cas200072.png,bda76716ed2890093b76a6e7ae767cc37b9cd527ffc88567d3b62acee46e53f9,31078c82bfd75edfdd5a0b9154e15f42a7fd7a88ab919212c5f645e29c912215,cas200072.txt,17d07020f115b10e285beb09a22b6400a10c4582e202d2bb916efeaefd20aed3,1,grounded_fall_state,exact_stem
2,Fall backwards,Subject.2/Fall backwards/FallBackwardsS2.avi,train,72,cas200073.png,6dc509a038440813097008b5feb6728f128daa8645ab3a0e5251199e5b3448c1,8db9cad6aff07befb79ebc26762b171e2ed7485ad9a6992916cc30bc55afd879,cas200073.txt,45f939bd60580c86c2f8b2c74fa0a34e0a71fadf80cc51bf2db3744ef8576903,1,grounded_fall_state,exact_stem
2,Fall backwards,Subject.2/Fall backwards/FallBackwardsS2.avi,train,73,cas200074.png,cc95d3621b2d75517f86fc13b55fa7a59869f3d25acd7420740782b1d0906d0f,8fca1bfe1bb27b7908f88ef080b52829a158e35d105fe5c6c310c8b16bf07585,cas200074.txt,108da5bddcb5ee3f9e8f0a30dcdad4faece97506e9963fd84029e7b6b60956e5,1,grounded_fall_state,exact_stem
2,Fall backwards,Subject.2/Fall backwards/FallBackwardsS2.avi,train,74,cas200075.png,4fc4f350f2317b4cd5556d7e2f4a4de0b6cee19d2da4f0fbdad6f9a916e43243,9c4362c40140a7050d0e7915a5e4339578cf53077c7499139333256a54ebd815,cas200075.txt,c975aa22791dc624e8d3b2fac3987d2963966766ca7186a7bc9def618c3be587,1,grounded_fall_state,exact_stem
2,Fall backwards,Subject.2/Fall backwards/FallBackwardsS2.avi,train,75,cas200076.png,773c3b2880b4d5104842c53ea8778ea85b5e3900a1b69ce2f766b589e55618cf,0f16e3c7180dd51b178d92aab92992b7ccda5c0c8acb214a3331a5685de9f956,cas200076.txt,b69849c59c85e1345b6644190dfd41077e2ae4f35a91fe5f2f78767dee1c3876,1,grounded_fall_state,exact_stem
2,Fall backwards,Subject.2/Fall backwards/FallBackwardsS2.avi,train,76,cas200077.png,7d0565972f1b95bee3de4042549cf6ebbba042e93abc536f412cf7ddfb338d38,d89882db5c78d0876bedc0ce9547eae2bac321849211abddb0f7479bfe873023,cas200077.txt,6e2b5ed9b12263907bd5c26f8bd1d40d47686a973a4a70b0762788b7fff6737d,1,grounded_fall_state,exact_stem
2,Fall backwards,Subject.2/Fall backwards/FallBackwardsS2.avi,train,77,cas200078.png,08f81d07b7de2a12bf7a06f5356a85a7e4527a05a664f479bf922a2e1aa60b7e,3d00928889da38fa83e489068c7430b3a67136682213ddbdc1c5153458ceb146,cas200078.txt,e30d5ecba17f7dbcacff57388de4a54fa8fe4a19626f92faf1f36a3ec2ecb822,1,grounded_fall_state,exact_stem
2,Fall backwards,Subject.2/Fall backwards/FallBackwardsS2.avi,train,78,cas200079.png,efe52d5afa8d24ded504ab1b1919bee7dcaf336ea0aed2bfaabe212e79a8f195,4c0b232faf38f0fd490b8df7ace588c67decd7e6ca92a5fd3cb0a7e50d0cf74a,cas200079.txt,156f900b6c913dff5d830162ceedb61eba79d16bd08b48b74f30c5f4ba9a908d,1,grounded_fall_state,exact_stem
2,Fall backwards,Subject.2/Fall backwards/FallBackwardsS2.avi,train,79,cas200080.png,c6abd02572b439131380d17c21a658642884517072f1be99273e3ff983e675cb,9bcbf8a3ffeac8ca4ab0816eadc280a7089c83e4e26b32b403872c0bf7e80683,cas200080.txt,dd726a8373bcc6be8786fdc6b52d6c4c52579fb8c2ca1db604973fd021d9b49f,1,grounded_fall_state,exact_stem
2,Fall backwards,Subject.2/Fall backwards/FallBackwardsS2.avi,train,80,cas200081.png,c41e9701bacecad5fb1fe8d642d300215ca2a01d04c65e36cd0291bd73729391,70afee2f9ee221bf79937673b0b7337d6b985c676f3a42ec62a57b19c6622aee,cas200081.txt,4b3e0ec55e92d801ed4e4a971dea54707fa211c1872ed60558b51c7930fdc11c,1,grounded_fall_state,exact_stem
2,Fall backwards,Subject.2/Fall backwards/FallBackwardsS2.avi,train,81,cas200082.png,55b35c9fef00cba39bfad1cbee36ac3df5101ebb473f9539b865623401d24e83,84a49fe8fcab8f05fdf6e032f7a000c8bfbc3da40ca1ac59afd843c6af0ea3bc,cas200082.txt,e6485cd13d9cb2bb42c68498d016a65e20a77b9d9cbc2da612561018345e959f,1,grounded_fall_state,exact_stem
2,Fall backwards,Subject.2/Fall backwards/FallBackwardsS2.avi,train,82,cas200083.png,31a76cb5e26659bd9e31f17cbe4e4e4cd852a74419273c2f769b19651713c38b,f6157fd8c284c49ad32ca2a53b5e48f94d5f04dc1dbe18c1eefbae4f40b064aa,cas200083.txt,48b9e9e32e9b2a8fdf091e7b265bc1a8484a828a376b49b1c81e68091d6772ed,1,grounded_fall_state,exact_stem
2,Fall backwards,Subject.2/Fall backwards/FallBackwardsS2.avi,train,83,cas200084.png,0abc1da4aa2b90223f291e7c4962f0d9072d650f763fbe3ff6a19df6e6c9b7e3,7bc3ad09adec463877ea74d3ae2af6975ae21d727a8d03b2737ff06c59587af6,cas200084.txt,99648a64c83ff3891942a671c0e809a793abb6f21ce4587675943597164b5f4d,1,grounded_fall_state,exact_stem
2,Fall backwards,Subject.2/Fall backwards/FallBackwardsS2.avi,train,84,cas200085.png,d009934bc6e9cf9f7298b4ed7f869999192245aa122684c42b2bb607d5c245f2,050b84544f959205b11c51ca82214a08e6856c223f2e66de642af2633ce38257,cas200085.txt,cfe16f956f054ceca9832a8f87da2f99440506709e3b9b968f0b3fa3c7c38895,1,grounded_fall_state,exact_stem
2,Fall backwards,Subject.2/Fall backwards/FallBackwardsS2.avi,train,85,cas200086.png,f7d7262af6f76a0b664f5910ef8e908d77538fafe1647748987a247f937cc173,9a06fb8be11ea1937f4518a91e175d57990a5e894f9131a2f7a987290b115e47,cas200086.txt,866a67e3d1510a1a2c2356fb9ae5ffea8a06998e3edebaf584a22d0ab099f0fe,1,grounded_fall_state,exact_stem
2,Fall backwards,Subject.2/Fall backwards/FallBackwardsS2.avi,train,86,cas200087.png,fb41e505d5fe0eb2ea2d6d1cadde378f96ed3ff779aec552701048eb6d8426e5,1ee874c88186e12615dc0ecc9830b397931634fac07de3f39125e8cce92a020b,cas200087.txt,525aad66c99271bcc276aade496381f2fbf255e1c7f5cbdbc804564c777c0156,1,grounded_fall_state,exact_stem
2,Fall backwards,Subject.2/Fall backwards/FallBackwardsS2.avi,train,87,cas200088.png,9cc0c17f16983ea1916e9681e722d2280892aa0b38664b786c28fdaa2ef3ce0e,63061a911051b7983528f63e5bd990f251696e6a3a1f4c608cf3b96e174916be,cas200088.txt,0bc53bfecadacaab3733e2f4654e934307fa99d9ae2ed07bc2bc887aafecc606,1,grounded_fall_state,exact_stem
2,Fall backwards,Subject.2/Fall backwards/FallBackwardsS2.avi,train,88,cas200089.png,a3db1e8f412f7442b9d4ba014efbaae98c971002afd96524a61a84163f928bf0,6eb39639e6d5f0cb360ac8bc612843a34639367bc1809509016df3e817ca92ee,cas200089.txt,78edd47962e46e6f0599d3b7065cd90ec4936a72ed1b9ee012d3e27a31b6e199,1,grounded_fall_state,exact_stem
2,Fall backwards,Subject.2/Fall backwards/FallBackwardsS2.avi,train,89,cas200090.png,4449942e3ed7348304cebc4efb9deeb237583b4b9ea3809a7e06b2c7fde64e52,9b4d5a33cf8fb56e6f9c862eb594324eb77aeb69a2d4258aad0024324a6231d0,cas200090.txt,a64a04e5b75e69e98d3b5a27024043cb38185f19078f5b1c826bfc940ec502bc,1,grounded_fall_state,exact_stem
2,Fall backwards,Subject.2/Fall backwards/FallBackwardsS2.avi,train,90,cas200091 - copia.png,9d4e8fc0c770d496b64362843fbfa629fa1d28246c4db3018a50b3282d5ed9d1,5ff6cc178fa7eb05accf2afb5290d8f967a82d421c70916f1c3c671a8ed70268,cas200091.txt,182af96793d9b9d60470c1ae9d1a0ae2340f4fa63e2642fffd95120b66e9c457,1,grounded_fall_state,verified_explicit_sequence_alias
2,Fall backwards,Subject.2/Fall backwards/FallBackwardsS2.avi,train,91,cas200092.png,9d4e8fc0c770d496b64362843fbfa629fa1d28246c4db3018a50b3282d5ed9d1,5ff6cc178fa7eb05accf2afb5290d8f967a82d421c70916f1c3c671a8ed70268,cas200092.txt,bd761db2f7a923fe12a17d7b75003cb4fed93ff634a0000e07f6ab8dd7fd29d5,1,grounded_fall_state,exact_stem
2,Fall backwards,Subject.2/Fall backwards/FallBackwardsS2.avi,train,92,cas200093.png,792812398d4f0dcc6091ae3d6610bdb4c5441b4bf064b6d657ea5f3f95a0f611,0a1f55b7eecd2c7de36b57fb1ede23fbcd4a9090806d242527b8a03fb578a4bd,cas200093.txt,129e7c6cbd96524036093cb343c566fff5cdf598292cf4c9423ecf42a89e31aa,1,grounded_fall_state,exact_stem
2,Fall backwards,Subject.2/Fall backwards/FallBackwardsS2.avi,train,93,cas200094.png,3cbcc02f7cedb8202c270143a72bfeb24b0b70dc9599ce5c690b360b9b1b3e51,bcfac0d7bbd682709bb734e2d8cea0c4ad056207776cfbfa51e7cc571a43d8b4,cas200094.txt,18ce7597abbc6f00dac08912f3f36020d1821f2caac79a2a834a8f124580993f,1,grounded_fall_state,exact_stem
2,Fall backwards,Subject.2/Fall backwards/FallBackwardsS2.avi,train,94,cas200095.png,b05dbaf5ab830fe3b8bb147865cd1675efb0cb51326c34cc0ede9d6d54cb6180,cf1352290e059653cc43996edaedc54a506464fc4bfc23f764d601e2291cecea,cas200095.txt,31cd994d21e821be653f9fd5ba63188be33065f9466668ba237cfe69e678e196,1,grounded_fall_state,exact_stem
2,Fall backwards,Subject.2/Fall backwards/FallBackwardsS2.avi,train,95,cas200096.png,f52dffef10a298e485e4d1a0328592e8fead7fb7a7871271de2d75757c65db9b,0c79f90450b6014e2252ad7948d0e0245cc6a370273e160e21490f6df6a388a7,cas200096.txt,b7c9092e03fb4e8fc5f8fc1b8ddc46133e6cc9713a7e8cb6530e5e3e84156ee1,1,grounded_fall_state,exact_stem
2,Fall backwards,Subject.2/Fall backwards/FallBackwardsS2.avi,train,96,cas200097.png,c18bad5a06b2937061d9d0da4f536b1366a347088ca3b1adbc3bdd06aa1b29df,4d51bc4073c573d51c4469d4e1fde046a0138d0820d6e139b576676c16edf2b8,cas200097.txt,7a7ba59029ff37e5a0dc733fcc6a2ee671198f10231af4c1ce645259f083b949,1,grounded_fall_state,exact_stem
2,Fall backwards,Subject.2/Fall backwards/FallBackwardsS2.avi,train,97,cas200098.png,a9d48e3413ab28a25556a634cac9ed8fec4ded64aa4d3da6cf70f560d9bf9fc3,9ca83b1de220f33035d8a8ae719ec97b70410f360344769c3ded065b8549be8d,cas200098.txt,51f5298be4f59b24b9d5f183d74d6b02a1cb148e6ed37d737cfc48e7c92d5662,1,grounded_fall_state,exact_stem
2,Fall backwards,Subject.2/Fall backwards/FallBackwardsS2.avi,train,98,cas200099.png,61dd2a7ec19d7d5ee8397da27e1d7bd6a581dda9d6ca95f60a49ff4538558cd2,2fcaa72be4d3ad72d84eedc512522acf747f6c67ae18511bead984366ce71c4b,cas200099.txt,98b77826824b930c18bf8f85d036c9f686d87d9b547eb654988fe27663662161,1,grounded_fall_state,exact_stem
2,Fall backwards,Subject.2/Fall backwards/FallBackwardsS2.avi,train,99,cas200100.png,e891d89f565cf32c8e6e24d10e84e4a4e4693f0b1118267fe394caffab61f0c1,fe246fcb6f6a2cd2a6f584da06d4bd7b9e152946d40c9bc62a4f996d8064569f,cas200100.txt,b97a80f27acd836f76dfdec38070b08bc8799920614dfaee01da73dc31af9982,1,grounded_fall_state,exact_stem
2,Fall backwards,Subject.2/Fall backwards/FallBackwardsS2.avi,train,100,cas200101.png,8888b776215d0b58c0b06532d2f2610a8315202ae59b56578f6f281acef0ec66,12c9cb4442a35186c8700b7842b01b864c680e6b0ee4abf44f383aee6210b8a3,cas200101.txt,767f440359d9fa05d72ec9c70cc2593ce9d9d07bca856cebd0ac58c4900ab332,1,grounded_fall_state,exact_stem
2,Fall backwards,Subject.2/Fall backwards/FallBackwardsS2.avi,train,101,cas200102.png,8f0ec6d8a01fcd9417a8e3bbf579a787c35d04a18dfdc11fc870259755f4a0da,8c2c9739ee8fc2e32303d7a89b08e002b0f22aa225e19de76d6bac1905860fb2,cas200102.txt,6d4a672f10eaa81962a4300373f81fd1e28e7f03ad12873e035e7a6970c5762f,1,grounded_fall_state,exact_stem
2,Fall backwards,Subject.2/Fall backwards/FallBackwardsS2.avi,train,102,cas200103.png,fae3d46b7483bca568ab5d92f6ae0acf987559ae841be7cadb776fd1d1270253,3d4345dd0440789344d565e953e493bf703e4b876a9c75891ec2a6dce27805dc,cas200103.txt,bbc7d4b7a8db3a2ebc3a4a80752a5aa25d1a7843d9aa737c1cf6420308f5135c,1,grounded_fall_state,exact_stem
2,Fall backwards,Subject.2/Fall backwards/FallBackwardsS2.avi,train,103,cas200104.png,bc4ac78e73277e5472f5982f0a58dceb7877626eb1e6a0f2fc9ef05fd8065394,6d0d11b654e16df31f4edef3994b241025050e960da9f0f6875393e494a92c23,cas200104.txt,6c45dd1484bf2a0f37ca36f222aafa951a019b45e7b15759075c214b2e51efa6,1,grounded_fall_state,exact_stem
2,Fall backwards,Subject.2/Fall backwards/FallBackwardsS2.avi,train,104,cas200105.png,c52c478c370c189a9b03790ce2b7ccddff0968e494843599e8d3623628d03bca,ba8fa4ff5695c0901e9d6603aaafb4f64d7532dda0a745228e53303db7978d18,cas200105.txt,666ac1a459344ab3e5fccd6fc3be1ce5cd7fec14577363553c9cdc960cc32e56,1,grounded_fall_state,exact_stem
2,Fall backwards,Subject.2/Fall backwards/FallBackwardsS2.avi,train,105,cas200106.png,15e9d23a8fd6f2ac9f6ad524906f759453b52183c11c095e8bc4021f853f4c61,2fcd61520366d5dff5a835793077c5a32a2ac76f857a51b038660fc120d4a2b0,cas200106.txt,78b83b34d51952511cda341aa21895f87ee8beaace84cbfb7739eba8dae5de31,1,grounded_fall_state,exact_stem
2,Fall backwards,Subject.2/Fall backwards/FallBackwardsS2.avi,train,106,cas200107.png,a7613c56da0dd498aac441b5cf614a1f05e02ed13685b7b1a05243a9a62ad8f1,5a5266b180109586b38d967757af7d6a91afa3bee2b4377b2560feff05ecfcdf,cas200107.txt,1fdb39e27dff8b34630a6c7eb84c99a4bd82bcfe94533bca8f188ed1782fc969,1,grounded_fall_state,exact_stem
2,Fall backwards,Subject.2/Fall backwards/FallBackwardsS2.avi,train,107,cas200108.png,c02e6e841d8e8cfc5fd16cba6527c5bb11348015191bdb51667e305ebdbdaa97,1ab79c2d9e9843c827b94e86a819ef05d19dce1c820322f5bdd89add3c4d6a78,cas200108.txt,c34e845bfa95e3326683989c6f30a77e3aa1dbf7e710b7f01bfb978218afff88,1,grounded_fall_state,exact_stem
2,Fall backwards,Subject.2/Fall backwards/FallBackwardsS2.avi,train,108,cas200109.png,7f6427f9101e67b02be4fc9c484e8fcbb00cdcdcc964bb7314a6f9a459e283eb,a4ed7d515d232acf4f179e78d00b10c4500757b54eb38ae81a913cd560a5abc3,cas200109.txt,7046f5fff5386fcb8c66528d176f35c94d2d5b6a52f6dee6735166bb2001f173,1,grounded_fall_state,exact_stem
2,Fall backwards,Subject.2/Fall backwards/FallBackwardsS2.avi,train,109,cas200110.png,cbdec4b79cc6d670751fd515f49d9022d489d95ebb49db6e41636e5e08370504,cfe7e39cd8ab9971a888bca7e1ee358f35b1a7fca73e36a4471aba0d0cde48a1,cas200110.txt,6e151982c84fa5fd10bb3d8a56d9d76817a4b29947286eaa176f711b6251aaf7,1,grounded_fall_state,exact_stem
2,Fall backwards,Subject.2/Fall backwards/FallBackwardsS2.avi,train,110,cas200111.png,6a257ec0e36fb3a506d63d7969cb90f840c4a9a752216979fe24817ea69de272,e6afc8c659be2f271fa1bfbd3a96ec76b6fa50d2b541d02a54908c3231b9029b,cas200111.txt,313657af4f164d3ab56089ee323985f126a1ebba7f0da6b34108e406a17031ae,1,grounded_fall_state,exact_stem
2,Fall backwards,Subject.2/Fall backwards/FallBackwardsS2.avi,train,111,cas200112.png,576bfa8e54f8c17b340c3c5e2185ebe5943b8be709da6a55c2726c54824e0316,df7ae05cffb2f0ede2451c42597dfaf7146e5ff1bc873b3ebbd083c41702f621,cas200112.txt,5a968a255605a946804242de5dd41a97344b847c99e96209dffd11b10d091c1a,1,grounded_fall_state,exact_stem
2,Fall backwards,Subject.2/Fall backwards/FallBackwardsS2.avi,train,112,cas200113.png,7746f3f87f272564868ea24ec5531cc8cec7161e4a2e366552c1fde78acd5117,6ce0397d577ae2fcc23fd45331619685179035c3cf37377447ea07d66c1a4807,cas200113.txt,d046faa4379e2912b01bee5beccc2217d715c553de1ba7ab2591193cbfed157c,1,grounded_fall_state,exact_stem
2,Fall backwards,Subject.2/Fall backwards/FallBackwardsS2.avi,train,113,cas200114.png,1db865c60a0ca351807febb13d24cb5b8e5b3fa889e2088fde18feaabb6ed72e,0c439aecddd2d2f4750f49609bca950a463426d44a813f626629652a22903244,cas200114.txt,159c8feefb31ce7a352f857c83038fc1047d20dab8a0ca6edf1a401616c2a56a,1,grounded_fall_state,exact_stem
2,Fall backwards,Subject.2/Fall backwards/FallBackwardsS2.avi,train,114,cas200115.png,fb30869b22958f151c8fcb40903c1fd46c07c7e1813127d86b3c35b5332f631c,ed0da7bba0432e50a7bd7daf018f09a6d9b3b925b7ae89c0115da1d1f4315f11,cas200115.txt,8acfb61d92da897c7aa75e0554baa17274e85d0c76e57ed7b3a45f2592279667,1,grounded_fall_state,exact_stem
2,Fall backwards,Subject.2/Fall backwards/FallBackwardsS2.avi,train,115,cas200116.png,cdf8361800f60a656151371a91c53981e6d4ba54b80970db5338ad4cd6552aef,3085efb9623105b94f42f31a8f0c3519d132d9a292cbe86808709cddd613c84c,cas200116.txt,43dbefb758d0077780a6f910572e5964c75866f0b6a84cc63519ce206a80dde6,1,grounded_fall_state,exact_stem
2,Fall backwards,Subject.2/Fall backwards/FallBackwardsS2.avi,train,116,cas200117.png,c413ff661e9e5da92aedc86d9b7e5dae724b6773d7218d9f2b2c69086641a9d7,f023bdc58bfd990ac003b0bcf42ba6deb6fbdf33d8e520934b5f00d6cbf25212,cas200117.txt,6692358f224e3df333c001103bae9eb06bcdbdf5f112882bdb61f997a8dd8566,1,grounded_fall_state,exact_stem
2,Fall backwards,Subject.2/Fall backwards/FallBackwardsS2.avi,train,117,cas200118.png,61e8e03bec12034084dbb69d787b4212c076e6bc3f493d91aeb71d60ee413f86,8c0260f4ec26336fd810eea2ee3a883d5e5f035d64a346119d0736b2a50b2956,cas200118.txt,c735278537d6cd65c62dfe9e504910e6c1cef1cefb4335664ec2cee04b9be0a5,1,grounded_fall_state,exact_stem
2,Fall backwards,Subject.2/Fall backwards/FallBackwardsS2.avi,train,118,cas200119.png,d912b91a13fa46f5af0d32fee5ddb275f5e8c894af8a888f3f12f82c4ee2d4d7,06a127d8f282f33a6817e7ac9c51798c81d263dd1462a89a136736e5f03475b5,cas200119.txt,4ca8866d1622bc646aa10263bf71fa018af16f40bc2f0366340790909f8e390a,1,grounded_fall_state,exact_stem
2,Fall backwards,Subject.2/Fall backwards/FallBackwardsS2.avi,train,119,cas200120.png,7b9348380442b4dbdff8ca09c4deacbfbcce26cef91475c58dc251f3e03fe6d6,65a2647186134175ba83e3ad73695a6d67fafb66713f87ad90b6a3f66fb25c65,cas200120.txt,7acaefec45abe10302af87262a06198e8a7ff81305c4ad2475852953cdfc3422,1,grounded_fall_state,exact_stem
2,Fall backwards,Subject.2/Fall backwards/FallBackwardsS2.avi,train,120,cas200121.png,d6c4b4ae52ce8def8017ca38990a40d86a79b633102bad96a71134f2ba5a6b87,2630c510f3bf28d0bd644d05e63dc893f49d4d9b94877f6d7af34c31b33f6735,cas200121.txt,c5135f5f31962d7d64fb02904c6bba933b120eeb8d22955948179465aca4beb7,1,grounded_fall_state,exact_stem
4,Fall forward,Subject.4/Fall forward/FallForwardS4.avi,train,0,cfs400001.png,957633672a768c671bb9e9f47b343947255c4b3ac051ea8322f4fb37061d1fa5,89f9cb3786774a9cc6c6eebd754bbecd190c4af2a7b703530a8d2ad012e5990c,cfs400001.txt,6071ce30fe105d56df1e1c0f0d69f9063faa8ba3bc323cf083bcbcdb80d8229e,0,nofall,exact_stem
4,Fall forward,Subject.4/Fall forward/FallForwardS4.avi,train,1,cfs400002.png,957633672a768c671bb9e9f47b343947255c4b3ac051ea8322f4fb37061d1fa5,89f9cb3786774a9cc6c6eebd754bbecd190c4af2a7b703530a8d2ad012e5990c,cfs400002.txt,569f98c70f09fd4ac18ee1c4c5f5f421e5c6cab1f5a7226e36d63810798ccb53,0,nofall,exact_stem
4,Fall forward,Subject.4/Fall forward/FallForwardS4.avi,train,2,cfs400003.png,330b4fd4283e0fda8db4a77e3c9c9f7206cac725b28fb43b13e74e4dabd6221b,f16b7c4cacb32e5c59ab5f11923ccc231048b35e86bf193819e319e29e675dd6,cfs400003.txt,facfea2301f04fadc84d59f3e3815d953019f0e4ad770c0e0606b8cee9636ca2,0,nofall,exact_stem
4,Fall forward,Subject.4/Fall forward/FallForwardS4.avi,train,3,cfs400004.png,bf16eb8289ebbdb31f7c3003243712fcfed373eaba0f8b185d7109c830c6f364,ec83eeaefb05d7c19cb4a1326817113c113516b01fcd793ee7bce9f33b1409f9,cfs400004.txt,28fcd407815f735e43996fada33f43e65fb1d29e976da06a8bf35ac8d0a92e55,0,nofall,exact_stem
4,Fall forward,Subject.4/Fall forward/FallForwardS4.avi,train,4,cfs400005.png,5c6e7f70da47989db3047475499b654e3a9771845e10356cab28dee5aac245e4,837f2b8b6632b8ab4fda07fcc78f54d9726d2f10e32c2ee5702a6c5e6be6ab56,cfs400005.txt,7dc062f52218478fe1d6cb003d7e0610081f9ea5ddbfc9bb6b3e3f71be9e87c8,0,nofall,exact_stem
4,Fall forward,Subject.4/Fall forward/FallForwardS4.avi,train,5,cfs400006.png,98e7346b4562ec7b2d6a68719dfbe8630d8da7a30499387321cdfe42a8841c05,3743f047a89180c5a71783b8ac5beeaf18edca0c1b852b47e569c7a8493da154,cfs400006.txt,6ff2d86c9c96065915ddb7ecc3ff304d080ef95448a8fb35cf1a99c78a77c547,0,nofall,exact_stem
4,Fall forward,Subject.4/Fall forward/FallForwardS4.avi,train,6,cfs400007.png,d5baf344c795b94e08f227146727746f9521b59e8ab064d56eeb269b9ca1583e,c6f320c9a55659086d9c51714003bc2465dbf77f6f4fbfec9ac0b4b650b11f5c,cfs400007.txt,61eb6f216387e917c6d1931a3be3e308a20b8a59bb7e9a397ae6f399cc0cffa9,0,nofall,exact_stem
4,Fall forward,Subject.4/Fall forward/FallForwardS4.avi,train,7,cfs400008.png,e969091648ca9898d16dcc452e052f4b5d38d4e272365fc495135653a84689f0,c0aedd97c2f84963ddaa13d3c530a4e296963c2f2a44f77fc71f8d8885b993d2,cfs400008.txt,f852ae95090a918a3ffcb23433a06eeb2a7f4dd311aac1ab86237d79adb004fd,0,nofall,exact_stem
4,Fall forward,Subject.4/Fall forward/FallForwardS4.avi,train,8,cfs400009.png,926bb72aebb0771988a8440d514d4908b15783926e4bf4bc6653fdeed6a1a273,f33d48f6d666b0b17de7b2b7682f6a998ec69699347a246851d5ef8c418c7bae,cfs400009.txt,10a6d21f87945195f70f172562591fd356ec761d271f5be41f3d45fa7eac9d34,0,nofall,exact_stem
4,Fall forward,Subject.4/Fall forward/FallForwardS4.avi,train,9,cfs400010.png,e724f6d6a441c928f5dab0cf36ffb331a1c217e5c5752f08f77c58800cdb7053,b1bbe7bcf5b88c39858ed333c6a1a0c74fdc3257a0826835e49e8f36daedfa20,cfs400010.txt,30029b5ca0149e4f6aba0e57a78571ffb3984eae60ace4acf51b31351c7c8f3e,0,nofall,exact_stem
4,Fall forward,Subject.4/Fall forward/FallForwardS4.avi,train,10,cfs400011.png,2c6692ea334c5b4401cc41c1523cb902319a13f237ecbe6b2c389d4851480b9a,ab54fbce85e7d38a5f0af2e6c0ba5cb5103ed3b31ae6b438fa4367f7d69edeca,cfs400011.txt,b170674208226af0ad8e9aeabdd3472fe5cdc514b88d8b33fa52a322512fbf0c,0,nofall,exact_stem
4,Fall forward,Subject.4/Fall forward/FallForwardS4.avi,train,11,cfs400012.png,8de3065225a7d538dc5a949e8852b74af80f749d0875323885a3214153460042,75ae5989660c3c426eb2a1f7579847682ba2cca10224039a0ef00d59188e5c12,cfs400012.txt,36961c9288091b512021645572c9b0fd8105ffaa096fb3c1eea15b9387233957,0,nofall,exact_stem
4,Fall forward,Subject.4/Fall forward/FallForwardS4.avi,train,12,cfs400013.png,c97da23c5819561711041dea161eb128f38412f08112405dd4d6d4282c7c03aa,cda110b526be6731bd5dde556ae2d41b19544eaeff0574152cc8d59b4b9d3b67,cfs400013.txt,6b6ee2394bba10fa3ae67badfda2c10d9a289444d83b59ac8e1422a6342ba558,0,nofall,exact_stem
4,Fall forward,Subject.4/Fall forward/FallForwardS4.avi,train,13,cfs400014.png,a357daab556caa4b2eb8b20dd08195458a58ec0697072c889bb1a5ec4028f0fa,5336ce6fa72a6a54c3c8438f20e101d441070c3a37c459eb9f77029d76c209dc,cfs400014.txt,278da193c96a7b21c79848b564bb10f773c086dbc9689784fc78246adb589951,0,nofall,exact_stem
4,Fall forward,Subject.4/Fall forward/FallForwardS4.avi,train,14,cfs400015.png,b11dd2cdc3ddd08c4e9bc679ece3fd32454209aec8fe4a84cb972ccf4aa6fc42,00928a69ceeb41070bf541418a7b606e16cb4cfdf352f86b9f0404df5823697b,cfs400015.txt,de2cbec8afe11c85c73e5db98b6e6dbf9892676b3fd9ea3d07a9b8df989588e0,0,nofall,exact_stem
4,Fall forward,Subject.4/Fall forward/FallForwardS4.avi,train,15,cfs400016.png,ca96605aa2beb6158e5a620618b8044da4967bc514d47f04aa637dc7ced9c8f4,a570300d391ea3bec11481031dc6dca53a07151c8986c38ed1a571f7737b12ab,cfs400016.txt,2c3446f93bdf9bd43933330b7824aebbc26162e4ec141b5eaf0a488a45633a51,0,nofall,exact_stem
4,Fall forward,Subject.4/Fall forward/FallForwardS4.avi,train,16,cfs400017.png,a8e638c07db6ffa709014bc6b56abf8ff20860fe1233b400eea67f967988ca5f,d9021e546d72b738f4d97351a9f2656a27a7a55e9a3305b0a016c060ae160292,cfs400017.txt,c73a6c3885d860751ed0b2d89d53c1a9a50dc946246aa9350916671ed45e5115,0,nofall,exact_stem
4,Fall forward,Subject.4/Fall forward/FallForwardS4.avi,train,17,cfs400018.png,285dbc109d32888a9096016bfcabaa3e9bce9058533dfa59afa701849948b822,28f2a4fb0b1b0be206e52614d23acd8e83674e2665dc9a5a88c89d5bd48b659e,cfs400018.txt,04207428bdf704a292b75c019f20565f7b33dca8fd1c0ef7016798e106017e1e,0,nofall,exact_stem
4,Fall forward,Subject.4/Fall forward/FallForwardS4.avi,train,18,cfs400019.png,1d15737b8824688933d15ebc0099f13ccfd1a2132e1dae4da018cfdb4e8672ba,19369a2c0f5594eed1a0ad4bba3c8a4a83540c17aa2cf745044a5017f9ce7f1a,cfs400019.txt,6b1ad405e1dc151d2ea186c40179b60da58f54ddd3c35e6cc8abe1e6f5884aa9,0,nofall,exact_stem
4,Fall forward,Subject.4/Fall forward/FallForwardS4.avi,train,19,cfs400020.png,33a619abd038ff132cb80cac237c455c2d49bf7e6ff2c38365e7c4df1d5e86d5,cb6637130935c6655ad4284c4ac38230a0e4f361097e96bf679bc42f4c7a1893,cfs400020.txt,6db208ac071b4a45a1f01c5c44f156b96701893406c39efc5a84160ecfcf99c9,0,nofall,exact_stem
4,Fall forward,Subject.4/Fall forward/FallForwardS4.avi,train,20,cfs400021.png,a414b76703c67583bd7b74079328e15bb7e1fa5e6e244af5e226829640e5dbe6,45c0f19ae8f9ab3b2d31b72cf22570b9b7f080e0bb5116bfc4a490f915451979,cfs400021.txt,7bc13040c616a90e64ed500470a78f696b5c958092a440fa08207afea08671aa,0,nofall,exact_stem
4,Fall forward,Subject.4/Fall forward/FallForwardS4.avi,train,21,cfs400022.png,b35accf0389cd5bc261ab0c12369eaa9c181c19cf46fad51d605e65fbb59e647,9764cdf54ddc4a9491d3f9cc967ca5c13474e827129bd6fc996b2387698843bb,cfs400022.txt,a180340056a4c600780905814f91bc566d5b338765bc4df04190f4b0ba5063a7,0,nofall,exact_stem
4,Fall forward,Subject.4/Fall forward/FallForwardS4.avi,train,22,cfs400023.png,a5c636fe3dfdccc44846f4686230684572ab236cf9a77356ad1054ddf1702a9a,49916cc99d09ab15e4fb2a77fc9fea4b6fcbc3861ca82444e385d2013e862f3b,cfs400023.txt,0c1db4d304dcb3000a006a96d342697194c00617abcd3de4f62237c293bcafe7,0,nofall,exact_stem
4,Fall forward,Subject.4/Fall forward/FallForwardS4.avi,train,23,cfs400024.png,b83f507e25161bb3544bff48fe147e09006f56e8e97c562bac4b021d5c684dbb,e18b098c23b61afb46a444be2a50cf578c66e23eef74d061aa0fc8c81060a38b,cfs400024.txt,815e43cd0cd697da2b132448fbb89f47e11f874bea6b6aa4b710ebad1d307839,0,nofall,exact_stem
4,Fall forward,Subject.4/Fall forward/FallForwardS4.avi,train,24,cfs400025.png,53a611c0c63a5936c62fbcb30705fa374d915a39dbb910645bb1c2502627840c,5f98f3e83235bad0b977d6ef8497fc8af0856f48c6db7738fab35c55314e8869,cfs400025.txt,6a3b29d25a9fa2f751c86ad80829169b5ed7c350b09aa5ea79b44ddb9da3e719,0,nofall,exact_stem
4,Fall forward,Subject.4/Fall forward/FallForwardS4.avi,train,25,cfs400026.png,99f47d78217b4123e26af089bc1e01725c4e405383176dca599f320570900a14,1b7a57e6983d761ac0d6d592e99958aaa58a65951bac42a9956d185735169ae2,cfs400026.txt,cc91b1135433ba7867f573e7caf2cb5b4016efba600482cecfb5fb4701c9be2c,1,grounded_fall_state,exact_stem
4,Fall forward,Subject.4/Fall forward/FallForwardS4.avi,train,26,cfs400027.png,4ca59422dc95ad0ffd5020bebfb561fd039feece4d2ca5f7244135f2eadce222,d5795726ee4b048f175ad6e09fbb22cd2e1c6666fbf48927e2d06bb5a0accb99,cfs400027.txt,04bd63197bf03eab8f2463ca24a069288afe21d28e2f25887c136fa786bb9eaa,1,grounded_fall_state,exact_stem
4,Fall forward,Subject.4/Fall forward/FallForwardS4.avi,train,27,cfs400028.png,5236d82294bb2957da2c0dd1c77830bf0ff100cae59e6c4ff1af38aba30722e6,14908dcaaddb6f952bc05ca70171cc360b3a24d32216c760735231ba3b9009cc,cfs400028.txt,6f70ab07921107141d9e5f2362b8cd05b6abfaf773220ad8eca82147658f9256,1,grounded_fall_state,exact_stem
4,Fall forward,Subject.4/Fall forward/FallForwardS4.avi,train,28,cfs400029.png,a74152803ec386e1de4049f1c7720b9817cef40a56ee78c5880ace3273278b75,5303a27ff000398cd4d4d658c9332d600bcc9dc2fd9d83bc244f523090af45a8,cfs400029.txt,5ef115d58133be5ea15d8ac7d12d30761a36c5df725b323f02fb60801acf9535,1,grounded_fall_state,exact_stem
4,Fall forward,Subject.4/Fall forward/FallForwardS4.avi,train,29,cfs400030.png,c210730f2adef8ba375a5f8998624a1b9007cb58ec2e85ef03b7b6291b39f0c3,c1cb409c9550d5125563454d712734fc3558075fd91310d94f8e2b7dae3c24e8,cfs400030.txt,5df3acc83abc0a1ae869f80a1330ef18b7df09ac2dffd412b73f12dddcbe0d26,1,grounded_fall_state,exact_stem
4,Fall forward,Subject.4/Fall forward/FallForwardS4.avi,train,30,cfs400031.png,8704e4acfcde334913e85f1b86987fc3e395b2a4654b0d9764727b88286db85f,e95233d76802944480ea3f90baf73f4a0acde4df1377af699b386d135960c498,cfs400031.txt,89873dacd43021bf2690480c8d1de0cb871898c1f07405ac1ec1b81aa833daff,1,grounded_fall_state,exact_stem
4,Fall forward,Subject.4/Fall forward/FallForwardS4.avi,train,31,cfs400032.png,a108f20bcebb1607c4d16448d31bd68393f80b108891ac1d4a09647ea7d390d1,f9838bb528148388d13e9a85739cf3a3038ecb4eef7e97ffc9f28f51800ac215,cfs400032.txt,ebb205d53ef9473a793cf75085558079ed90f5424ab44f26ecaecb6d2d07442f,1,grounded_fall_state,exact_stem
4,Fall forward,Subject.4/Fall forward/FallForwardS4.avi,train,32,cfs400033.png,707d57858df57380699d7a049034cb31865176007d2c773125173d4a482026ae,71ee50f9541dde940fc44d1e2ce6a356f632691d9a4839551e3678066013287c,cfs400033.txt,333c9af625b91842eb00d62bf134c7c7919ca9879dbe75f0e67c196266b2e510,1,grounded_fall_state,exact_stem
4,Fall forward,Subject.4/Fall forward/FallForwardS4.avi,train,33,cfs400034.png,a4b9276c06807a4fa0cb38f1cd95a02561dadc70422c4ca6a53d45a7b94a989d,9fbe55717b98eafe41bbe462606889e42bd9c9c6aac15191be602c7cbaaa300d,cfs400034.txt,0b52b54f94ea0a0af65d85fae7fd77061ea34378bb6d75c16c4a691fc5165736,1,grounded_fall_state,exact_stem
4,Fall forward,Subject.4/Fall forward/FallForwardS4.avi,train,34,cfs400035.png,9788a40401853da38bd68a14f9ec343845314bc1e6117444c7f967e53ac07323,311aed77de1e4facb406c70ec6bcd323aa10c672003bba84aa7fdf463c1df68c,cfs400035.txt,183dde9b2d3872857db5e9f16cc207d221f07832a89c5d9cfe13ead5586dbae2,1,grounded_fall_state,exact_stem
4,Fall forward,Subject.4/Fall forward/FallForwardS4.avi,train,35,cfs400036.png,bb0213ea31c0790e27ecccd1ec95d57da9daf5a7cece242c71cda2371f25181a,3eef78af9f1fce9b7c5d5767216217552004eeb7c1bf290be33f92b53d0f6839,cfs400036.txt,a936c19cd4389aff490e10f8f7c363632d82730c9638c221acb5632688e87524,1,grounded_fall_state,exact_stem
4,Fall forward,Subject.4/Fall forward/FallForwardS4.avi,train,36,cfs400037.png,4c05843596067f4261f42ff3a427e03c7792c49029a6a5ca51d676195106626d,6c9704b6e7fc5e98e60288b345ce6b197364a7a726cdb23f3b629423d1add8f5,cfs400037.txt,b18b0e388bce0a07f8632192ee15381a4bc41339ffeb6f0fa4edf54a01ca82ae,1,grounded_fall_state,exact_stem
4,Fall forward,Subject.4/Fall forward/FallForwardS4.avi,train,37,cfs400038.png,4cfad390893ebe136dd0f7fb62b928967950d3fee8da921a935a119af71e4045,5266cc1ec40ceed3401c190901f9eadf57c747d4b643812f563d31633c192a8c,cfs400038.txt,1a47fd5045142f5f74ceedde46ddce44d8de044e81ef1da12e59025bb23adf90,1,grounded_fall_state,exact_stem
4,Fall forward,Subject.4/Fall forward/FallForwardS4.avi,train,38,cfs400039.png,6f4592e126f66f4d07d4be51367dc36b644c92ece81d4325647f330606bd2e19,5be4695c9a8b5a1f0c74884d850d5af868164fdd64907fb9d81f2e9c71409421,cfs400039.txt,e83e397586ae1d303b647973871c1fabe8d9f12df445d60ef0a45e97c77e60a5,1,grounded_fall_state,exact_stem
4,Fall forward,Subject.4/Fall forward/FallForwardS4.avi,train,39,cfs400040.png,70a1378a70303cb86c2bf1240ce0eff9b65eb9f93ff0cdcc2f14150201f97bb5,71f34e0c4e970cca239d1eb97743bbd97823bdebe39e951f130ae3f5f04fb931,cfs400040.txt,e32c88b2f45fbb4cd458e5cc9e278c10bf2a29057ef8156170a125a695768995,1,grounded_fall_state,exact_stem
4,Fall forward,Subject.4/Fall forward/FallForwardS4.avi,train,40,cfs400041.png,a92e885f9e1f1bf9b96635207473505446efadee12e2876b5964093dda0128f8,251ca41462afb18a20c430576a9043100eda4a66e8e36c8865f9cacdf3484a74,cfs400041.txt,af9f53aafd13322ee4476beedbc8f6e223ada1f341c69f1d130c62913c4df532,1,grounded_fall_state,exact_stem
4,Fall forward,Subject.4/Fall forward/FallForwardS4.avi,train,41,cfs400042.png,05d7c9d2d7238cabef55569b2766d2da2af28c342e696cbb1f4bd829009d4175,de70be5bb2be4eeb0f08ae46f34ae9621ba64c33698395c3d2608b1fcbaa2688,cfs400042.txt,dd8cabf514d9c3969cb0f0e376ce5d65a5e7e39aee9ab74202389252e780ad9c,1,grounded_fall_state,exact_stem
4,Fall forward,Subject.4/Fall forward/FallForwardS4.avi,train,42,cfs400043.png,3cb01abef1a8f8b11bb6986b1dae781d59957ca7f738293875b44bf0ccf16b7d,2f5c523770288078759c315b4e3a4b70cb432ad5961af4f7cc8d3c7b7e1403a5,cfs400043.txt,4256f123ff14e3abb01d3e8c1a1439083c56b4c245a94f3c1e07ae260af890f4,1,grounded_fall_state,exact_stem
4,Fall forward,Subject.4/Fall forward/FallForwardS4.avi,train,43,cfs400044.png,f7b49c558df8b7cbca52bc8380097200a03767a6241ae9444bc57c08cf098204,492aa6acc0503f660b590a473d947b07a309c715890098a21d95b7d14c4273c8,cfs400044.txt,492175c2bcfa87a4b31ecae636f5e92aca7be6e0d925f77a6f2e67dc574996f9,1,grounded_fall_state,exact_stem
4,Fall forward,Subject.4/Fall forward/FallForwardS4.avi,train,44,cfs400045.png,0fc879ec034b993076d1858e24d7186d0aa72df1702c9471945c694bb5b8ce06,cb360a105dce6cef0dcaa2b7ba46f21fef5b9d56f1e1f6afeb92fdf43c112332,cfs400045.txt,99c152059c7f2794c04bcdda559ad8bf0c075152bb487fdd0259ae0bf9f4ff53,1,grounded_fall_state,exact_stem
4,Fall forward,Subject.4/Fall forward/FallForwardS4.avi,train,45,cfs400046.png,1e6376d392a463fdc22ecc0511826032254f8f437c1a8ee4cbcef6c71e5b61e9,3aca785ccab623543338d320779a76c7ebef984380f1250428a2eaee40882fc4,cfs400046.txt,53c70dddc5ece564c0fae4edd0b41694064c58ea3fcd20114a726d2b0cf80bb7,1,grounded_fall_state,exact_stem
4,Fall forward,Subject.4/Fall forward/FallForwardS4.avi,train,46,cfs400047.png,28fec17c23e90a31a84a3e05dec57d9d3e73c4ca7a6b7c55cc85cd20e8249b14,24ca97ffa40f013f25469008f166b3ed97cff6d7c4fc1b19215095045714965f,cfs400047.txt,cbf2544d2cc6cc08b143b3f1c9113b0350247be577d98e2321e8e682135ad068,1,grounded_fall_state,exact_stem
4,Fall forward,Subject.4/Fall forward/FallForwardS4.avi,train,47,cfs400048.png,92b8534c7c75cc41c362fb338d2186f0bfa1db0616dab4114a99b4c19dd9eb24,4f86b18c7ef314cf218cb3e5f380ab4e292f1b9f95822dc8f5edb6b2d11d5ca5,cfs400048.txt,8b0678d571a5c21e8a5453cec49079ecf0a38cb74f569b93b0afdc973ad0dcb1,1,grounded_fall_state,exact_stem
4,Fall forward,Subject.4/Fall forward/FallForwardS4.avi,train,48,cfs400049.png,c15f92a1bec0480dcb016227563c2762cd9fb8f0b2bf7462dfd8abe56cbfe1da,81830ec505bc28739d588ed5adeb34d48cde8b1250380219ee2d9ee0a66357d6,cfs400049.txt,bc07ff7ebcf532cde38c875376cb4ced0f5bef26ace669d05c69d40b224b4573,1,grounded_fall_state,exact_stem
4,Fall forward,Subject.4/Fall forward/FallForwardS4.avi,train,49,cfs400050.png,01e9e1e06616a6c76bbf12038b5adfd58f736891d918a68ede592f5b566b5155,fd76e28311d43cf585974f89494891a207c13aaf177ca71f684527d4bd420423,cfs400050.txt,3daa8f1455f0851a312f5a84e4c5201e508e79cc7cf7fda5bfcd4aeb218a002a,1,grounded_fall_state,exact_stem
4,Fall forward,Subject.4/Fall forward/FallForwardS4.avi,train,50,cfs400051.png,a59352dafe2142a229002834704b6eb50529cafedbe90fdbfd6dfc089ac3f7ea,59d3a503d86c2a51abe7d397b78ffc6621f0f19d1c1b85a0b0e79a075dfc2c45,cfs400051.txt,c821880474a555e5fde3c06cdecf704b79c5ba56014d9f3acdc45dc7bb55532f,1,grounded_fall_state,exact_stem
4,Fall forward,Subject.4/Fall forward/FallForwardS4.avi,train,51,cfs400052.png,6492f0bc12286757f4af0ef55bcfccef4ebefc3dd83e632a2e467db57a21709d,974d8dbeb4374f79d101484784e2c296b43febf7f522edde66b299c651e0e05a,cfs400052.txt,6f1fd6842c2c0a802709a5172a9b8d6c1d8407e8abfd21c563f124d179b83f8b,1,grounded_fall_state,exact_stem
4,Fall forward,Subject.4/Fall forward/FallForwardS4.avi,train,52,cfs400053.png,b3c96063af45ed05b6e4c9f8853d13dad6fdaad1ec40897f27bca005a0e34233,f7e1659dca59993d923a578bbe16128bffc6e162a419eb179e86883e783a2fae,cfs400053.txt,caf5cb7ef25f7bc1b8356cc01b53fbd6a2837927d30c5c3c61a2ff2e823397f8,1,grounded_fall_state,exact_stem
4,Fall forward,Subject.4/Fall forward/FallForwardS4.avi,train,53,cfs400054.png,a8345aeac900523cfa3647dad7f228b59d10d07c50349a88c8aaba50f3b320b6,fbec895888d3c0acbcd5eb7086b71b0bc196575533612ed7c3330100976760b6,cfs400054.txt,caf5cb7ef25f7bc1b8356cc01b53fbd6a2837927d30c5c3c61a2ff2e823397f8,1,grounded_fall_state,exact_stem
4,Fall forward,Subject.4/Fall forward/FallForwardS4.avi,train,54,cfs400055.png,09b5f319777f5cf8ddba7e418fcf2b8593ab779a8ca6c14f8416f22278aec836,15b8340feb0a08fe232b6b81e0feb9378d3ac4ab675987e1243bdfa3d06f7800,cfs400055.txt,f7b0dfe0095514a9062589d89bad27268f16c307778fa8789842c7ffe4f1a5ee,1,grounded_fall_state,exact_stem
4,Fall forward,Subject.4/Fall forward/FallForwardS4.avi,train,55,cfs400056.png,465311b312edc322e462c9bb0a423812f3c84d77f4c1495918de40627a2e6305,a7bfc7f9c55828611023f989cf7da664178a265bb6c62b37a1e3e0af54446d35,cfs400056.txt,91d77711e4319b85fce2a5514762fc36c7d75ef497950d51d289633e95914e7c,1,grounded_fall_state,exact_stem
4,Fall forward,Subject.4/Fall forward/FallForwardS4.avi,train,56,cfs400057.png,77fb973c6dffdd18c63f06af419690dcdcabfeafcb9e86a9d1ad99346ad86ec6,a1876559da7faa7eecc08da8341dd492d2e783b0bf24c3f759c25a6c8f55e76f,cfs400057.txt,51d4c1578b8655ddab239b9b7eab43e26594bc1a5b3ecbf187e6d92ab704a2e8,1,grounded_fall_state,exact_stem
4,Fall forward,Subject.4/Fall forward/FallForwardS4.avi,train,57,cfs400058.png,af801417aaba9713782e580b4c0609882f6ab2f095297a2ca0157a1bfee55117,ec9418fadb33606327ecdecca4df25554c8c93e8c6149b3ed4a3fe81fb80ef33,cfs400058.txt,75057c844a5826bf4387abeb816681bf4dfd7a71ba05579b8c4c4db18a7a1d0e,1,grounded_fall_state,exact_stem
4,Fall forward,Subject.4/Fall forward/FallForwardS4.avi,train,58,cfs400059.png,7ae372e4a93b02b8e1304e73187af1398c8e4a0ef9e864ed45f37bdb02016e48,4fdd3960d88c1d37f532153856afd9f86e7702baf3b757b0c59566be0212c5b8,cfs400059.txt,53547b966d81fd4fa2944ae9c5560ed2fdbb3f0a4aeb0cdc9ce4a5ce6c0a11f4,1,grounded_fall_state,exact_stem
4,Fall forward,Subject.4/Fall forward/FallForwardS4.avi,train,59,cfs400060.png,2612040b8f58fd1e5f00d45ceac90a6632b08fb73078e00c90e3423a1f57194c,04b73975efabe98fbda1d0fe2692528c3d0d8ea9cdd52051fa1965b195680929,cfs400060.txt,467313f556d38434c4449281a0fca3ae290880916307737673e80cff2d564efd,1,grounded_fall_state,exact_stem
4,Fall forward,Subject.4/Fall forward/FallForwardS4.avi,train,60,cfs400061.png,351f390a42b0e08fb272a3410180a486126534b31f128bbd3f4b2516788a3b28,cc5ec8451c0853d80b42c4144ddc5516e082ac03f514e6865cc1f9e6d894c6d6,cfs400061.txt,468e733615936ed63198114c12c19a9230965c3d64743246c5258a8d087b5c8a,1,grounded_fall_state,exact_stem
4,Fall forward,Subject.4/Fall forward/FallForwardS4.avi,train,61,cfs400062.png,b9f859d5da0f278fd32872f48b45d99f111684cde3546f59f067eee8d17bd275,1cc5ea427aced7947d0df86b29e399125c506b98d428b3dc8e66341da759b856,cfs400062.txt,34418624dcacd2c8d16ca1b6181ad90a215431757573fe3b7f79fdf7469c718d,1,grounded_fall_state,exact_stem
4,Fall forward,Subject.4/Fall forward/FallForwardS4.avi,train,62,cfs400063.png,b8fc981a809b8a6ea58e1f5a34f043ba2837ea5286ce2661792031ad9d8ef063,3f12bd1200ab3c34f60f5fa5fc1b613d6eac9bd3bb5658941ac3f7347a5df14d,cfs400063.txt,a1a9748445b7df6c036b79a1cc6164491c7a6505667bac671af696a8456eb7dc,1,grounded_fall_state,exact_stem
4,Fall forward,Subject.4/Fall forward/FallForwardS4.avi,train,63,cfs400064.png,3baeeaab5cdec11a97974fd1aa92149bd478d617329d7dc8c03b04a5a9055824,ebe1f28d1a31ebb922b0d3811b30eb194c83d1d2291fe8381f2b956f28b2e82e,cfs400064.txt,f9a758f08ae4234e7bf7020c3c46a7ad52a07a9067e4510170ab12c49510f4cd,1,grounded_fall_state,exact_stem
4,Fall forward,Subject.4/Fall forward/FallForwardS4.avi,train,64,cfs400065.png,417bb32745a8d213a1c44d1a17fd0d7aae2cb894da68af6d80f2ee604a7eb521,173bd62eaea873c0ac84eaf51bd121658c7bf6c9bd2fcb3173e9caf9c9d08ddf,cfs400065.txt,e346c5d8d61192851451b226a5e0fd311a6e4e1a0332b512fc1e57d9ad5b8129,1,grounded_fall_state,exact_stem
4,Fall forward,Subject.4/Fall forward/FallForwardS4.avi,train,65,cfs400066.png,76ab06c13d96abc0fe2282b15f2e43e2c7b3452b493c88734f7d13e7e599dd6f,a922c61af36423a6e60329ce9cff6e79e6da3ae1b2eac1792fd2fbe6e2f3b123,cfs400066.txt,243cffc41e0e5a6865f6890d24f338e32b4ac031e7755c4e16278c41162d3311,1,grounded_fall_state,exact_stem
4,Fall forward,Subject.4/Fall forward/FallForwardS4.avi,train,66,cfs400067.png,440c1f0b7c112584953ca008263ce19a1ba02d1b565f2971aae1bcda020fb96f,a6347d6844dbfad82f6bfe97a0b3efb752380a26da61d92035009c12c13f5d39,cfs400067.txt,8afd9b2c6a80bb32faf8c22c06f05f29e41425a273efaf496c52c936a9ea602d,1,grounded_fall_state,exact_stem
4,Fall forward,Subject.4/Fall forward/FallForwardS4.avi,train,67,cfs400068.png,ccd07044b5c8ffe0a3c2d4fe6847de1bc731ec437d26bf1cf98f1c673fd8bfdb,92eca58307ef5dfd8fe424eeecf2e9f0c094a8f24007f302fdccb204bb9a7ea8,cfs400068.txt,4bca97a7244416c2a07eb0357add768d227857b8e8af705a375708d3322a829a,1,grounded_fall_state,exact_stem
4,Fall forward,Subject.4/Fall forward/FallForwardS4.avi,train,68,cfs400069.png,0afb692acf4f5d451a341f8db46cc69f3ed8181b5d85832afdca2fc343b2cadd,5e2f41a65df1d67e662f739f9187807a70a77c739fe3b5ecd755501b62832d9e,cfs400069.txt,a2d1b8fac2b4d6671e687563294847f0a290a8863ca215ce7e287865eb65ca05,1,grounded_fall_state,exact_stem
4,Fall forward,Subject.4/Fall forward/FallForwardS4.avi,train,69,cfs400070.png,2994b2c4e75e0af1b08467921bf608fa40244fed7b1139b16c136dde66738d7c,7612094127390cc8a73bdc49c8710e763796087960ecb88050275f0169b47193,cfs400070.txt,865601b853240e5b43c4c361a639f625f62abe5fc7b284cd4738e5a93e1ba779,1,grounded_fall_state,exact_stem
4,Fall forward,Subject.4/Fall forward/FallForwardS4.avi,train,70,cfs400071.png,1ffbba06448f3cf083226dfcfdadd2c2bd7784017c5260dd7b7a403d37f60038,04eb597583470e5ed30eea9e59c8e4128d8bc4166ea8133f04341c280e61e938,cfs400071.txt,b16adc9ffffc9b83141a86c6e1818c5328bd1dbaaf911267369e65bbbb1e35ac,1,grounded_fall_state,exact_stem
4,Fall forward,Subject.4/Fall forward/FallForwardS4.avi,train,71,cfs400072.png,8c5288517c6c35ff9dee6dc581a6ea84bc6798924f18ddbb60b93d4e73fc678e,1a792c081be6619679ac15e2eb569cd1124a622582d950133f0f2a3692e2dbb1,cfs400072.txt,3e99c5ef432278362f9e5576e878a0ab6697d71ce3d2ea37c52143163dadd440,1,grounded_fall_state,exact_stem
4,Fall forward,Subject.4/Fall forward/FallForwardS4.avi,train,72,cfs400073.png,4083613a4e757d11a48d91ed99ec40c75b21c856546e331d94f3aab59e7a04b2,07516d4ece773e5bc9acf4f071c5d77b764f364eac3a5834b6ba6f10ac65dd78,cfs400073.txt,d6179a1f89954f0eb48ebef8323809f454bb8b4dcdc5123c7d5080cbc16855fe,1,grounded_fall_state,exact_stem
4,Fall forward,Subject.4/Fall forward/FallForwardS4.avi,train,73,cfs400074.png,5b8a1b558b6fbec23d8476a112f0eea81786f693ed16ec368694d22b89d61d5a,633f1e47ff682444a49f307aa96dba46a727f351dae6ea929b0d0d12fc217463,cfs400074.txt,a7dda586235a5c7cc5a982bca95c310454e9169d5e88e9ee3e50dfe01ede6ede,1,grounded_fall_state,exact_stem
4,Fall forward,Subject.4/Fall forward/FallForwardS4.avi,train,74,cfs400075.png,ce8af8528ea471b417a5741a42b839cdb277304ac2540cf4fefddd1182787d6c,f233cc90a2133d39c4a165d5e13798132b67096ce0b6938692cd22cbb2c27a4a,cfs400075.txt,94227fedc2e2780353cde4bc18b7005950bfc22067d9c667ef4a07b011d2326d,1,grounded_fall_state,exact_stem
4,Fall forward,Subject.4/Fall forward/FallForwardS4.avi,train,75,cfs400076.png,de8367a39acbf2c6bdc11bbc80a5cc7ad81dedc40c663802f86dd8fe5e2f08ba,31be4f7d5dd44f4000073a104f3d1de213cfef7af97aa14e410bcff4c28568dc,cfs400076.txt,5f886062d5e4b28f29562aeed81fbe0d36bcf549715222492c0789e45016f730,1,grounded_fall_state,exact_stem
4,Fall forward,Subject.4/Fall forward/FallForwardS4.avi,train,76,cfs400077.png,41da952f5413f1ba78ea92819352a4e7c2bfb322c751b8554d46a59be2db699a,f5a62f07bd005f81b9f2831d460a9e73d6c4d10fd7958f811694384a33459657,cfs400077.txt,ddbd0883c1e43f1f708e2679b69a0ea80a3ba1426624aed6f6948879dfb152de,1,grounded_fall_state,exact_stem
4,Fall forward,Subject.4/Fall forward/FallForwardS4.avi,train,77,cfs400078.png,b35fb39f4e82ec73d449b5621e434a62ae28aafd8078b16ca1a93629052f5208,ebc5f704f2ea9793192424a3cc7f9879acb24f6cd5f1e423c71273d5a1b7c627,cfs400078.txt,fead76d7b1d143ad401de0943dfeb42f58c85738cdb98c4d90d27bfbcca62b80,1,grounded_fall_state,exact_stem
4,Fall forward,Subject.4/Fall forward/FallForwardS4.avi,train,78,cfs400079.png,8efa1b40808fdbb22a50862b6d60bb2829d12caaafd2b98c60922e35c6af4d79,baf94020121d783bbf04d14ee533863e37b27f82a3b03a86191ace2ff512267e,cfs400079.txt,f5dd4d7fbc791ded59b2549aab0713328e345e54e887631afd90f23f6b1d88cc,1,grounded_fall_state,exact_stem
4,Fall forward,Subject.4/Fall forward/FallForwardS4.avi,train,79,cfs400080.png,e475e7fc1cf8c8beeba68ef5452eaa4a2cda748f038a99ce96fe0b166b86c3d3,249745694fa53a9e7b36fc12e7d6f7eaa2ea2dfbf3f484903d0c2dfc00e72eac,cfs400080.txt,0b9e4fff40aa434f12d06fd261f3443c7ca2b9beb96303e62013995a540ea01c,1,grounded_fall_state,exact_stem
4,Fall forward,Subject.4/Fall forward/FallForwardS4.avi,train,80,cfs400081.png,b3e0dca66999f272c9d888918289ef268f126f744c6355231d312404515ea15f,47ad7ec1923dabf27d91ae8f33caefa371d968cbddf8ec88c45016738fe92f2e,cfs400081.txt,f5d0ce01f784d1200d6828f0d4ce95e8832f1ef7250158466fa62f2894f0f1e9,1,grounded_fall_state,exact_stem
4,Fall forward,Subject.4/Fall forward/FallForwardS4.avi,train,81,cfs400082.png,5de79329e7513fc820bb44d2140d2a837a4fb9101923696785c294ababbf268c,44def76c0f7c3560df7fbe7e211d1486b735c9946da28bd60daa78206cbd7fce,cfs400082.txt,b2338134c4c4f74ea79b270eb7708df5fa9a9411002a0f0bba52155fa2634cad,1,grounded_fall_state,exact_stem
4,Fall forward,Subject.4/Fall forward/FallForwardS4.avi,train,82,cfs400083.png,99160d849b31138dcaf6db39edbab3a7b23207970b4c9055d0dd8efbca7961ca,d74465a761d0265f59d9e718a698162e931724a12ea1b98b026c1bb02f15bc02,cfs400083.txt,b2338134c4c4f74ea79b270eb7708df5fa9a9411002a0f0bba52155fa2634cad,1,grounded_fall_state,exact_stem
4,Fall forward,Subject.4/Fall forward/FallForwardS4.avi,train,83,cfs400084.png,8c56d6840d2874d53280aa7fd6a794588c8f67bd2ce37b16f512139957620990,780ec6e8e1f6600a9b098c17b9ebad4a4d044f131094c9979be004f7c154231f,cfs400084.txt,b011d73fe32c940cc388f4b55cda386d5e0ea5ba178c39b8efec1bd8440b7964,1,grounded_fall_state,exact_stem
4,Fall forward,Subject.4/Fall forward/FallForwardS4.avi,train,84,cfs400085.png,fd5ece10a554263d55911b74eb78382b408fe94e0887096f2d7181f094cbea28,a810f2940c2d351c735b9fee3c2862bb4fae32c6d50f4c37e2ef6ebf6499537c,cfs400085.txt,548e4cbb0a69cd15b1e91840750e4429b25fe73c3d9c4480b019be81f8a1cd1f,1,grounded_fall_state,exact_stem
4,Fall forward,Subject.4/Fall forward/FallForwardS4.avi,train,85,cfs400086.png,6a14df668a82dc01d64aeeb4bd9111fdbfecfca692b2f3a6e5d47d7c1ef223eb,de9b56d1a0128a7b6f0260eb61549629373b21f4ce213d69a991c997e5cdf97f,cfs400086.txt,0fd6ad40647d98c27c719829390f20c0bde9d79358bd3ad14965ac9b6866fc7b,1,grounded_fall_state,exact_stem
4,Fall forward,Subject.4/Fall forward/FallForwardS4.avi,train,86,cfs400087.png,fba8afb61abef198040d838ad1b5b20f11ce725de0d2c97cfeac0ce346b59d6b,057fbd91ad3d9a7339c11cb2eb08ec5520b81a5524d11329a20934599ccb09ee,cfs400087.txt,9671c9866387129b2ca36951affdc9783bd9a2029078f797442d8ebc6284c63b,1,grounded_fall_state,exact_stem
4,Fall forward,Subject.4/Fall forward/FallForwardS4.avi,train,87,cfs400088.png,736c9b918ec96888e3cf4302f95438ca5368e3382fb2a1b6daeaf5e900723559,fcbf55c393f4bcdcd30fa810c72dbeb4fd8339538d67dc8dc88a3cbc598874a7,cfs400088.txt,1dffb9c96b16b27c08f72c7137d33f951c25b5882c50fdf349ece9a8e21bf6cb,1,grounded_fall_state,exact_stem
4,Fall forward,Subject.4/Fall forward/FallForwardS4.avi,train,88,cfs400089.png,f68e1dec3639ef8f4051b02fb2382589c825a4d12d37dbb0d442d7fe58094ae4,18713712e003830a720ecca2d3ab461a5650e90762f3e7e2d1fa146bfcd28e62,cfs400089.txt,ee954e38d905e8c636c86887ae30b720ca7f85a0c3a00ce34b7afb2798472b4b,1,grounded_fall_state,exact_stem
4,Fall forward,Subject.4/Fall forward/FallForwardS4.avi,train,89,cfs400090.png,8489c65dcab2fe32e68ac40e68334a13d684a14786db88973375174f326f4e82,afe14b4fed150c8e265d5fe3a7ef48fba0a70ba2f1d43e5484d7aa46f61bf12a,cfs400090.txt,bf4843a2aaf81bf6bf9471ddf4bcf436674002d50da04c16678f8e05415a8684,1,grounded_fall_state,exact_stem
4,Fall forward,Subject.4/Fall forward/FallForwardS4.avi,train,90,cfs400091.png,2e1d882a1836cc3049e56a3dbe7dc7501a243b93cedb2e2613fa0682ff1c9707,acff8b5d380c6d35852ba250680ebd2ca0fa731946b6fda293422f37c360fabe,cfs400091.txt,3132e0527fffb4a67b1784df9ffae9885219ee65e242ab10f67b57619467fdca,1,grounded_fall_state,exact_stem
4,Fall forward,Subject.4/Fall forward/FallForwardS4.avi,train,91,cfs400092.png,2e378322a8a6db1834769b839b8226684fb02f7f981cb6c79f7a663a1a944a98,f0aacb99eaa5340632869293e1b8b83e76e752c77a4adb0cf93ffb4355dd6c16,cfs400092.txt,455a2efa594d0bc330f68e93d8d1ef3e110f67dc983da839a9ba530960d892cd,1,grounded_fall_state,exact_stem
4,Fall forward,Subject.4/Fall forward/FallForwardS4.avi,train,92,cfs400093.png,d11cfb6f52abb420185a2a1d8fbfdf8197a2b0d08c3929f2716e1a82ff6f984c,7044e9abb56adb81ecaf3533e16ec66261c6cc18308b4b2624e19cdc3916addc,cfs400093.txt,34db6d66e7c4faee2e006045a1ebe6f64c2ec6e54d827f83f2d6be12c57801f5,1,grounded_fall_state,exact_stem
4,Fall forward,Subject.4/Fall forward/FallForwardS4.avi,train,93,cfs400094.png,eaa3ad7040f88041f03b2f3a662aef996f587989934c3e6e1d3461add4109f02,debc42c2215a18479a8be3fd78a6074f4416ecb951e31684651424f66daf2a56,cfs400094.txt,260e3ea108d8d75dbf6c6ccedd10e71498194cb406df889c4122c2dc704b5c7c,1,grounded_fall_state,exact_stem
4,Fall forward,Subject.4/Fall forward/FallForwardS4.avi,train,94,cfs400095.png,3c9a13ca8465b4a67c742325241a3ea195e766e2dfa44a81790909fb6dc2fbeb,c6c141b705f6332732a9129b7827e588ffa6cf5c023323892c3070cb178bacb3,cfs400095.txt,7b32216f079b3e2a29cedeba4776fe622069fdc5195bbc5067efa251d7c08cb9,1,grounded_fall_state,exact_stem
4,Fall forward,Subject.4/Fall forward/FallForwardS4.avi,train,95,cfs400096.png,175a1a56859996cc7066ad2ff4451b8278c9e64fa92cbf2efba46dbe5e58627e,57517dc7b082066c13e34ca5d0af85d7bda8be1d8dce22f463f0e25981f4435d,cfs400096.txt,864af6c7e48c26f93bb155491f3253f9f05a27066fc24a8ee21b3232e623e949,1,grounded_fall_state,exact_stem
4,Fall forward,Subject.4/Fall forward/FallForwardS4.avi,train,96,cfs400097.png,06427acfffd633e270ae617254f1dfac44aa1b4f857d2e31ee6eb4652d785f89,e8011b9531fe3e91e9000f956242440a585d076ea9327ea527fc62be3bba573b,cfs400097.txt,03c05a22f5c88ef09cf9d739862111f283ee14b6c8b751d1a9a3db8470a192a4,1,grounded_fall_state,exact_stem
4,Fall forward,Subject.4/Fall forward/FallForwardS4.avi,train,97,cfs400098.png,f59f331d55f5803ce6655ae99a919ee8d6423268d825a071ca0be4bb1ce6cec0,692f2a9d524a12dbe84b6a7f5f66516a574bd3196749c4e65260c3e88db659f4,cfs400098.txt,8be1e20807d55a4af01913eba77fa271b7a5e2f65a8fd7ea3664c64499658fa1,1,grounded_fall_state,exact_stem
4,Fall forward,Subject.4/Fall forward/FallForwardS4.avi,train,98,cfs400099.png,c17cefc3b4ed00d3a7f237ea721cf8de976963a5483b4d150f8b8ecb72d75bb6,79322464f2a9b00c202f3ad0863ab639e220eb1e95acdf5b7dd0502d54726a0a,cfs400099.txt,b477b30cfed5d37c74f9cc631828b4f90f38d85063c785a9036bea9d42bead04,1,grounded_fall_state,exact_stem
4,Fall forward,Subject.4/Fall forward/FallForwardS4.avi,train,99,cfs400100.png,47279808debe7337b282f2c491fd712b0336443f897245a3812dc813b1a8bf58,dd0d099baac264a547755d5ebcc67bb3b173e019d2aea4de5baf23c847111a0b,cfs400100.txt,133edd22769146b3d5e0ed0bc51ad364949d35f9022e51b997f33ed1f831b41c,1,grounded_fall_state,exact_stem
4,Fall forward,Subject.4/Fall forward/FallForwardS4.avi,train,100,cfs400101.png,45a1927c6f3732356bce6b22d223547b0ef539d58702bc6e8f7c24ab87c254da,53cdaabf173a8c3cdb9d21fed34da822df19905bee1031c91733e310102e85da,cfs400101.txt,af200c6045b8f46981d5dedf0e4521af0ffda8a2aa307dcd4c46028d637028dc,1,grounded_fall_state,exact_stem
4,Fall forward,Subject.4/Fall forward/FallForwardS4.avi,train,101,cfs400102.png,9fb181b16d03534d7155fe943c2839abea28120c2697152c0286b3131b28bae5,587178dd6eefda0082279c147547cadc3842a40726e9139843e4a4bd0858a4bf,cfs400102.txt,3ecc352bb6e0b39b6df3a23f5267a6d9874e281dd9c7d5f975fb52d6b4dc935e,1,grounded_fall_state,exact_stem
4,Fall forward,Subject.4/Fall forward/FallForwardS4.avi,train,102,cfs400103.png,2b323a4475c1517c8bff02844b4e45593cb1739e7fb106f8805e2b0246fd3414,ffc757e18bb2569f69aef75b6fd76fd2f1c57d909b7d7cb10446a21da9e383a0,cfs400103.txt,a6a44753b8d15febd91cd926a3f3f04b6ac3faee88e1e1c89274cb14215bc37c,1,grounded_fall_state,exact_stem
4,Fall forward,Subject.4/Fall forward/FallForwardS4.avi,train,103,cfs400104.png,95043b4ae286997d16a003b7595c9052b10619dff5e16da046a67534c22d9161,abd20ca41d4e01d9dd1307170634de86ea0c7db0fef101351150c2dcd74b2cdc,cfs400104.txt,665fe8dfdd84ca31d264b3a287e9b63fa65502f2ce71ce907e62e3a0e274deab,1,grounded_fall_state,exact_stem
4,Fall forward,Subject.4/Fall forward/FallForwardS4.avi,train,104,cfs400105.png,8fb6521f3b4f3a1cb07b34188d5e1a152ae334073ca1215f8f0bdb8994fba426,495a1dd8ba0a78c1e1a5aefbc5ebabb2cf141d3e89a565df2505cb9f1d487360,cfs400105.txt,0e8e6a71d60d00ba22c1f94b084b3b04e50309307eca4d8063671552596ca65a,1,grounded_fall_state,exact_stem
4,Fall forward,Subject.4/Fall forward/FallForwardS4.avi,train,105,cfs400106.png,d461ab9d6b38967198d958c55c299ffb8c8ee4ea2d89483e48ca7c6ae399a090,471067f98699d404bb24ddd8f2f64c2b0ffca0d5035e06cb4bb941da0414a40e,cfs400106.txt,17b28b61f9193a73e8b76089157d64b1e4aab06a23f560155af3b925c21fe33c,1,grounded_fall_state,exact_stem
4,Fall forward,Subject.4/Fall forward/FallForwardS4.avi,train,106,cfs400107.png,a014345b6c91ba69ed9f547ff5cb7a599abc998e22450a65c2f3b36e21dfb6f6,0786bd10a6bf7cf7d7f04053ff22f6b24e5349617a35aa76f795bacd6b2a4e50,cfs400107.txt,834c638369204f6a98351a0f458b051e380deb5f4bde900d2b4ea25a7bcf09e6,1,grounded_fall_state,exact_stem
4,Fall forward,Subject.4/Fall forward/FallForwardS4.avi,train,107,cfs400108.png,01ec485bce55e79a20fa576bee40dba50390881595efcd99c9cdd83bbb742471,f38b16a7397e6aace1a39be1d30a13aca29c071afe5f3ae19856e1c898de31bd,cfs400108.txt,a5340ace98263ae5a4231e52fbf5c30128f324aab4e1160194fe9529a5afcda7,1,grounded_fall_state,exact_stem
4,Fall forward,Subject.4/Fall forward/FallForwardS4.avi,train,108,cfs400109.png,c1a49080652cc419ed1a61f6d5d1a339e27ddda512508d73da5704552af3a900,e040cdbef74942f549a0c1ca4f7f3ed105157a826007bc946909bcc2a9e73ea2,cfs400109.txt,23c5b9c279f44a6a8922b4dcafae5c282c1b19a3f13c89bf27c70decef8a3b0e,1,grounded_fall_state,exact_stem
4,Fall forward,Subject.4/Fall forward/FallForwardS4.avi,train,109,cfs400110.png,c3b40781599b1313283849c083bff863f6518179ac6b06253e7856e696076eb3,4709013ba3d5a84a6fc543312559e2746aae7c4cbccb65ebcf0c3d923a558246,cfs400110.txt,531788f693cff67f1dc4fe3eef48fd80f5944781bb62d651094bd4814caaed5f,1,grounded_fall_state,exact_stem
4,Fall forward,Subject.4/Fall forward/FallForwardS4.avi,train,110,cfs400111.png,2da5fb29f1d8aa4148cbc10092d693480fa6955acf663f8686ecd941b82d6dda,54c0586d249bea5e08d1a3ef060a652ab2cec9893a22a25c7f7fcf0b103de790,cfs400111.txt,d152e24d40548242f387b4583568967ae20f8953ab3e94b2d4c435b5452416e9,1,grounded_fall_state,exact_stem
4,Fall forward,Subject.4/Fall forward/FallForwardS4.avi,train,111,cfs400112.png,8d54e4cde785613d8ec0283ce52eae87f2894853a2a8868c68ad39343a00989c,2c960d3c39d740480b95efecdb35a9f89aa19b3aa4d98c7137e76ebe67755d48,cfs400112.txt,bf82bbb74bcbe1e55522fa28b7bef154e9933c1bb125220f379eea1a92c62e14,1,grounded_fall_state,exact_stem
4,Fall forward,Subject.4/Fall forward/FallForwardS4.avi,train,112,cfs400113.png,aeaa71372b439e8b45585bd291bf433b72626d51b4e1e230b64f8067544f34ff,3183c8ebe331732c6ceb48ad96fc18a587775afb201455d77f66b2b17ac0e00e,cfs400113.txt,19f8bffe10541b912e70592033c2e553a82e5806ac01b3d6219d085de21efd2f,1,grounded_fall_state,exact_stem
4,Fall forward,Subject.4/Fall forward/FallForwardS4.avi,train,113,cfs400114.png,95e487b54eef3b0b193a3f7d44426822b2ca620b5ee99cda7ca5ec3d31104949,6305971198ad8080b9054f7c99c92456d584c7491df0d5725c43250ae342b14f,cfs400114.txt,dcb95ddd36c1aeea6900f75fb57aa3b73c38c8f5922648f651e96a11b048e5c4,1,grounded_fall_state,exact_stem
4,Fall forward,Subject.4/Fall forward/FallForwardS4.avi,train,114,cfs400115.png,21194d8fada09138aa4b129cca528b8d9bebcd2025914f427a7c4d331c6e34b0,cb67da6286368dc1e491ee33b05b9b065a5f4a47e38a50f19fa749700dad6658,cfs400115.txt,43d69985ac860390d6d8e535ed6fee17a9a7906df69ad0d8f28d0d8425b7065f,1,grounded_fall_state,exact_stem
4,Fall forward,Subject.4/Fall forward/FallForwardS4.avi,train,115,cfs400116.png,2f179e50bb2d3951790510b945ae351ec2dd6166e44b7e2bae8096bcb19bcccc,64d606008d500a9bbd2e55fcc00724037ff8e344e48836995c39ecb966a48ccb,cfs400116.txt,238ec68b81eb0e05f3afa47ef6a9416cda3e7e83f1ff80bb23ce2157a04b45dc,1,grounded_fall_state,exact_stem
4,Fall forward,Subject.4/Fall forward/FallForwardS4.avi,train,116,cfs400117.png,e8de4d01948f9ffad40af6de3e6607c9b70fc60669406f0d7cb282932ff80a71,ba9845d827c760e2575fbdb6c04ae7f3cc7b9757423c7e4c37b6424b85ee43bd,cfs400117.txt,826e6950d081f388b551a7a2ef457299ad186688f88679d2b4e5ca6c5415a367,1,grounded_fall_state,exact_stem
4,Fall forward,Subject.4/Fall forward/FallForwardS4.avi,train,117,cfs400118.png,fd4417f7e8bd7c4f91c843e4482f650ae5f3e0b9bf260cbf117c1435c1008587,e991e18ed09fcdfd0d75be35562a516d893fb303dc705e898785516d96ca3f39,cfs400118.txt,790f46d0689cd8445ad4428453bf7e3696bc025c2a6bf801137a2af8b338c13c,1,grounded_fall_state,exact_stem
4,Fall forward,Subject.4/Fall forward/FallForwardS4.avi,train,118,cfs400119.png,e9b4e100bc416a6152eb9f9ca15ca9610f347da7d0b785ac48137f8341eb7b87,a44ab2054608f1fa1d8371dbe08db16629257d511ce471a59b2970ff4cbf986f,cfs400119.txt,e0e38d48e3850e2bf521e8d5c73d426f2441182c96859daf55d3c6d57289342d,1,grounded_fall_state,exact_stem
4,Fall forward,Subject.4/Fall forward/FallForwardS4.avi,train,119,cfs400120.png,91b2dbaaefe162fcb4eea0fe377aca2c36f48e2e5d32ca6ca012713548750b93,90ba4f25e44cdac4e9e25a5e7f067189fb52339c1b8b5ef2d3637f76acdf5a30,cfs400120.txt,470ffa8961ffcc2eed8b36c7084ec701c2857bb48960da258fab44c7360909fc,1,grounded_fall_state,exact_stem
4,Fall forward,Subject.4/Fall forward/FallForwardS4.avi,train,120,cfs400121.png,1e3baa96a2bf4c870887ae1c957e6a2a39f08227391eae4ce2c18127b75e0b06,c8a9986cc45593570ff9f86858dfee886f978f1dbf25ff2ead7c2d98ab2d0476,cfs400121.txt,d8bd5d39c93887d9e627712ec82b676eb6f0cd6c4bdb778724bfd7cacc44b9d7,1,grounded_fall_state,exact_stem
4,Fall forward,Subject.4/Fall forward/FallForwardS4.avi,train,121,cfs400122.png,0ae08aac182f23f12af86858a0bfb3660362b51ec55a9a57a4ebd9657ce6831e,98426889263dd5e506ca9240229c7326e2ca95c15377e72cdbd29e610d9758df,cfs400122.txt,6cdc1b24e657f053ae541188bd5d2b3ad0dd10eed71366ea9398248f6528f5d0,1,grounded_fall_state,exact_stem
4,Fall forward,Subject.4/Fall forward/FallForwardS4.avi,train,122,cfs400123.png,e255c76610a19e6a6173d707c168724806300f7810c9bf8f6c752ee57100074a,d668922aef229aa7b8411114b71667150608dd8d58d34b1eb02e2acba63a4e6a,cfs400123.txt,e8d440bc4c8d4fc3fda5ba683de4199a64c042f0b823d2a446b02ef4c5d99ce1,1,grounded_fall_state,exact_stem
4,Fall forward,Subject.4/Fall forward/FallForwardS4.avi,train,123,cfs400124.png,a3fd488be7c2850ec52b26b25112ef5b75127ce0a12818a054ff1b2e1c4884f1,8055e8b69c77b0f8db415e8a7527ef7a07131955fa205c0527d35ef82612a15a,cfs400124.txt,ddd0a76ba2efceccaaf9d5cf65cdd8877004390b00f74fc604c54c0f4bf0868a,1,grounded_fall_state,exact_stem
4,Fall forward,Subject.4/Fall forward/FallForwardS4.avi,train,124,cfs400125.png,b5e65dd4dac96d6d4cd36244df7ad1342037e05971bbd30f0c6e5f37f501961c,df734a08cad8d140b94d10f55f84e7a780f160767306d85a42a0bda6c5eca365,cfs400125.txt,2d946ff461064930a83de93815c77cf5c3f20749a2e483becef6c33a8e4ace0f,1,grounded_fall_state,exact_stem
4,Fall forward,Subject.4/Fall forward/FallForwardS4.avi,train,125,cfs400126.png,09ed20cb47fafb1d508887c1b40bb6f1cd26faa518d6679c6b60c2a173647589,f7e7d1bd152420b2d622cb560d973935bb9df058918204ca8633e892fdde0db0,cfs400126.txt,c1922d74a53c5625e18ce6b519fd5eb582b0c617f7108cdc083a0326e365b16d,1,grounded_fall_state,exact_stem
4,Fall forward,Subject.4/Fall forward/FallForwardS4.avi,train,126,cfs400127.png,051379090fca75af31b94280f2c2800c4034e6323e0e61bd929a677e84a25df0,b23b3413aebc1aba145083dcb4ca12456f6a27a01962749e39a9c80e9bfaf05e,cfs400127.txt,2d5ac0723eb62713b2a71b9c5b8c9dc4653a20405e85e97bf5c16195a2d2bd4f,1,grounded_fall_state,exact_stem
4,Fall forward,Subject.4/Fall forward/FallForwardS4.avi,train,127,cfs400128.png,f1debdac487287dd806e0f281ee130dbc2db275fdae625fff1aca16021d1293f,f23ef099eb7a13bfe27208450480427e43aac86d6f852221df3805b1fa284a24,cfs400128.txt,eef70aeed5e1c4660695f48bb5eb8caef59c2369a60909001d1fe5fa758d7170,1,grounded_fall_state,exact_stem
4,Fall forward,Subject.4/Fall forward/FallForwardS4.avi,train,128,cfs400129.png,d5dd0c7df23428624dc90bd51993477b9cd2c6741bc1f32b61d0ca7068bd0a35,0886612734ec88e57664c5775153b44349caee061c6b0f246415c662f73f4926,cfs400129.txt,fd429d21a24ddace772a6044e61a6f6d2627ee2cb5a06f832f11ec0da34bc792,1,grounded_fall_state,exact_stem
4,Fall forward,Subject.4/Fall forward/FallForwardS4.avi,train,129,cfs400130.png,6e2baa6923ffea355d5f45fa30330fcec1f88ba19a528b6cb8a2b7386606f203,66ea028bfb8ad777e7746a6e614e4eb1906fe73677ba284929d9939ef3caa8cb,cfs400130.txt,482487ddaf6e7af1e1ab03f3152f22a35fdc7dbd95a7c63b15fddf5568bd3058,1,grounded_fall_state,exact_stem
4,Fall forward,Subject.4/Fall forward/FallForwardS4.avi,train,130,cfs400131.png,44a5c0dfc5c69bb11f62c7d2e0965808b32edd90e54d105ccba0775c8c485640,8319bf96bc999eb8f1ddb0a249d693e401d1d4e3ce6a100a038b61e0848c72c9,cfs400131.txt,7de55c174040b9960e138b6cfc19f5f6eacf2ebbba75c3dad0711c9e7a9bf79b,1,grounded_fall_state,exact_stem
4,Fall forward,Subject.4/Fall forward/FallForwardS4.avi,train,131,cfs400132.png,44139f62f0549126bb5c4e422abf17cf46fb60a37099714b48579dc23f0f6a85,9f950da9c843715d4a840e68450fadccd825c8d3ac54b69cb74ff9eea6eb5cf4,cfs400132.txt,ba3ec73012c3a1b781f479e330d814d918531a2b84c619241db36ee69b371f89,1,grounded_fall_state,exact_stem
4,Fall forward,Subject.4/Fall forward/FallForwardS4.avi,train,132,cfs400133.png,653e6c11612b8fa730e61cde80b21f41510598cb12a6a4416a361399e0a56396,edea83987ac2d38ef05dcc49c0920293ea9a72bf6f07ce2b2284827ea2584375,cfs400133.txt,5bd33a1f18bd2190531443f63f8e0e6c0ac32de0ddfd55178733850ea70352f3,1,grounded_fall_state,exact_stem
4,Fall forward,Subject.4/Fall forward/FallForwardS4.avi,train,133,cfs400134.png,9d11ed8747523e1d938a58b6d18a494c2438c7d7cce20b068ac767148340f8a1,660388686c18d45441d750b9824037af9d39ccbdb94ff44ff34e25e22d1bc2df,cfs400134.txt,6aa867c63b38da2d0a489da747c92a03dc26f0ff5bc707ce6c39118ee1c34985,1,grounded_fall_state,exact_stem
4,Fall forward,Subject.4/Fall forward/FallForwardS4.avi,train,134,cfs400135.png,8a1299cdd5c21a49f46d8101c2b5fb86a60b9406c8b157b72fda3767ebb7ca14,f3cfdf6d4ccc513c6be9a496d3ec11dabf0744bdabc0295337093aebecc56732,cfs400135.txt,6d7644278f9b071e648586af796cb0ab4ebb14bca1dacdf7d11c74acad533a6c,1,grounded_fall_state,exact_stem
4,Fall forward,Subject.4/Fall forward/FallForwardS4.avi,train,135,cfs400136.png,40a99851d061888df4d40801789eb47d2c951d9156dadc2e6c07b6db36340c2d,2428939d3d319583f46ec02e34e6554205f5247229ba08be99e9d0d3645caf91,cfs400136.txt,e167298bc23171100102be0c1ec26ed63944599f585999288c5ab24333d2b777,1,grounded_fall_state,exact_stem
4,Fall forward,Subject.4/Fall forward/FallForwardS4.avi,train,136,cfs400137.png,62d98f5d074ec3b1e3f6bd2fc60a7263c49fc50e8f151a68d611e75fda389a53,dc2777374971ac11af4b9271a5c29b6c3a02f14e75ad5c04c2ca21d71bfe6947,cfs400137.txt,6e8b68c8f13fe2580bad998babd121de4526ea69779dab65f78158c4e42bd1d9,1,grounded_fall_state,exact_stem
4,Fall forward,Subject.4/Fall forward/FallForwardS4.avi,train,137,cfs400138.png,30c14d2c01fb2ac7de1f89c51e65d9ac45e5ca6e940ec0cb6877440c840235e2,c45967b1823e66835fb9a4cd942733ceb610b7ba5e84b7135d8c270cb11b671f,cfs400138.txt,04f726b02b6add5d73b9f04fb7a12e8b811cd45a7ee7ddb06285a19b09b0f808,1,grounded_fall_state,exact_stem
4,Fall forward,Subject.4/Fall forward/FallForwardS4.avi,train,138,cfs400139.png,8014a16f69e3f5a1ec5a202403d547851ac3dab90037cc20b2b21599f1435b10,92fc662aba4c47adb1cb4074ee8f89f87220790e73d7d216bbd588ff6b78bf05,cfs400139.txt,cf206763bf18f791e55a29d7222ad894b8f34dcd4571afec3b84488f30e5282e,1,grounded_fall_state,exact_stem
4,Fall forward,Subject.4/Fall forward/FallForwardS4.avi,train,139,cfs400140.png,d4856db52a6c9de7f9851a5af18a89426de0e888ccddf37ec034ba54a50ffcc5,8876ab06cff3e966bbd7329e3209a6a8b4d32636af0487c227732ea6c12477fb,cfs400140.txt,a7250ce7ebda537068a0bdf852edce28a84177cd0d611058803e8e41de218ce5,1,grounded_fall_state,exact_stem
4,Fall forward,Subject.4/Fall forward/FallForwardS4.avi,train,140,cfs400141.png,8b9abcd391b65380ed59500d2e78c035f18d3f06e2054c88b0fffb97b5664c54,1a51f2328b8f43c182c3eac3f24e2f8736511288e53aa5f60b7e69ab4366d991,cfs400141.txt,6bf00495aeebffa7c09af96c89c0933c502532d40cb761d968e6df651270c3ac,1,grounded_fall_state,exact_stem
4,Fall forward,Subject.4/Fall forward/FallForwardS4.avi,train,141,cfs400142.png,157942e032bd09c5eea233bbb89e5e94cd321655148ae9b25b13c2c348490118,2f1faa3863772cb4cb761c044f714556dbcbe6569e45d492d4d44dbd139288e0,cfs400142.txt,9bbc4e71742947b5ca6262d94a8e0341e1128bbf53ee4768eb9b6fd335720c24,1,grounded_fall_state,exact_stem
4,Fall forward,Subject.4/Fall forward/FallForwardS4.avi,train,142,cfs400143.png,1a94077aaee9f65b9eebe00d5b1ab50da16b45b4fb3b109d189139e63cc8c6c3,abe4352a0676ac99449cc636a77243ca590dac367fdeaf1c14c09f21291317e5,cfs400143.txt,1697dc831cb5b31f9a98ae0f3c84f19d8573241dd6e539907f4fd70927e408d2,1,grounded_fall_state,exact_stem
4,Fall forward,Subject.4/Fall forward/FallForwardS4.avi,train,143,cfs400144.png,7c7f428036c9d09ba1789b1923a0126e8221a37b888f9ade554cf5394452b84b,2addfecdd50edd8fa31ff9e0f458bbdcfec5f5e98b969d29b17188ae382d5acf,cfs400144.txt,e8e705cff016ad6e8a52aa49ef5ff6930089241a0278f703fd0c5e161f5fe3c0,1,grounded_fall_state,exact_stem
4,Fall forward,Subject.4/Fall forward/FallForwardS4.avi,train,144,cfs400145.png,e2b135372ff348a565d71da6c1e006d506968172af731404617d73c85deb1aaf,5b7158005480e1e31b628c754bc92bff0c618d76cca5e57d0fad87e9f408af51,cfs400145.txt,b0f15f59c3b4a4605b041742b1e4bebdd60bf2f28fdba493cc754554c15b3fd9,1,grounded_fall_state,exact_stem
4,Fall forward,Subject.4/Fall forward/FallForwardS4.avi,train,145,cfs400146.png,aae6919e6b8924cc147376983aa988ff43d14522a05367b3cb5604123e4032cc,5af31b63ce3a15191188e09eebb352bd587e8141dff91bc9f05bd7e9cf7b5fa9,cfs400146.txt,b0ceea6fbfc5a5e878f9ee49625341d2f791955e9dc710b622578e2d01262c13,1,grounded_fall_state,exact_stem
4,Fall forward,Subject.4/Fall forward/FallForwardS4.avi,train,146,cfs400147.png,8af0bba91658ecf4be1299505a8f2a7947b5eeb769b247fede5192b2fcae1e66,2fb34ff2fb281753f627e48ecff84567bf3e1da2b7f236d2efe00fddf32f66bf,cfs400147.txt,b0ceea6fbfc5a5e878f9ee49625341d2f791955e9dc710b622578e2d01262c13,1,grounded_fall_state,exact_stem
4,Fall forward,Subject.4/Fall forward/FallForwardS4.avi,train,147,cfs400148.png,7568332f5a088ae80022a146003effe9e696e348d010e08f5bbd7d3618efe362,0b195285a46527a2bb3887de4fe1e0b5ee4c60b14d7438148cb605af081fee78,cfs400148.txt,f7eb00495c3de028d36d5279d80e2a152db6ce9dbb826cd51084039cb02a4cf3,1,grounded_fall_state,exact_stem
4,Fall forward,Subject.4/Fall forward/FallForwardS4.avi,train,148,cfs400149.png,ed08deeb5be9ccf08f3916de4e247d819d52d0253d348bdaa5fa800081948239,f2f87932b24497633d28985065e1639b1c28eafd9ac29b5f60ba474541cfd073,cfs400149.txt,445dd93ca1f41fc713b2c879d7869ec96fdb81d9c5d66ac4271f9f32ddb5d8a0,1,grounded_fall_state,exact_stem
4,Fall forward,Subject.4/Fall forward/FallForwardS4.avi,train,149,cfs400150.png,ecd81888225614d5add15eb1c7a11ff14f736f1b3e9d47287c026b6944a55e1c,45b42f43db83391ed0ef1beec5c32f2b3560641d74bbb1a62a349ff29da76b16,cfs400150.txt,4e70b81cc282d2f410f6ef377d4fa56cf7b1a8c2f803ec86383fdef3436c6960,1,grounded_fall_state,exact_stem
4,Fall forward,Subject.4/Fall forward/FallForwardS4.avi,train,150,cfs400151.png,e3ccf5c8bd0be5ea10a70d5aecd2b2dd46a4ee698cb9c1a836c2d687d1a01c2d,f041db2d5b07741b70bbf2fd4616d0c5c6b20decba4defdd818c182ec994f790,cfs400151.txt,c010228b31d0acbddab24a3747379b49e02a64a99f7b67f55338112e39763318,1,grounded_fall_state,exact_stem
4,Fall forward,Subject.4/Fall forward/FallForwardS4.avi,train,151,cfs400152.png,1d35d6a215c95563420bb84a8728d7804533dd9e44326cfb9e264f076181c06a,14e590484e508325e37f077a11b6ba1d709d3ae5b1025f7cc7cc483f9b8be21a,cfs400152.txt,ee9e62855b3032ca599b2264f72f2c74ddf7931473766458e7dd225d3770f5f0,1,grounded_fall_state,exact_stem
4,Fall forward,Subject.4/Fall forward/FallForwardS4.avi,train,152,cfs400153.png,f8f4719d563f1a6f00358abcb8c534cb76abcaaaf095c18ab91f37642bc1ffc7,5cd2dbc6dd768ae8675de7423c6d20494f0804e09dfac011febba926a93dd9d8,cfs400153.txt,eee5c8d5dab6c725debbeab80a6508daa733b0513e89be2c442ed56b22a6a384,1,grounded_fall_state,exact_stem
4,Fall forward,Subject.4/Fall forward/FallForwardS4.avi,train,153,cfs400154.png,efa6033500c2081db3c43a5831e38174640453f425e35a29945bfa13e3e70e8f,c7ea21e36951a06f896c188d0b1f54170dd204c2c2092c8d40de27b6b648387d,cfs400154.txt,747b2836ef3c551bea411fe86a6427818b09b0c4dffd50e3e7bfccc9c7a2d783,1,grounded_fall_state,exact_stem
4,Fall forward,Subject.4/Fall forward/FallForwardS4.avi,train,154,cfs400155.png,626e159f440030400eba592cfb0b8ea9580a00ceadab41646a49838d5df149fa,eb882098c5d6e33067153012be3e9e6df57bc8c00a3458d9a297c50cf52e50f2,cfs400155.txt,ce87d5cd7bbc98b31424e7163d9ed14f621039c484617ed3f035ec40fb7f755b,1,grounded_fall_state,exact_stem
4,Fall forward,Subject.4/Fall forward/FallForwardS4.avi,train,155,cfs400156.png,1906b0936680292b913b13926030be6229cfd9a2cd25088794337cce820881fe,670ce88073b804d9c40e499c08c9aa52ccef9ed5f7bc0c10cdca10e38a0a1bff,cfs400156.txt,0b6534acad529cde3aee745742ecf1743129a90079a02369f9b9ffc425bb0a1f,1,grounded_fall_state,exact_stem
4,Fall forward,Subject.4/Fall forward/FallForwardS4.avi,train,156,cfs400157.png,4c79b4487a0930ad8abea7a598a3952cd4c9f2ff94e922bc898881f3288bd059,7b22f1a0adcabfbad9b06b944cc7204fcf1b8ae704f868d8111a2fa85a8dbe0c,cfs400157.txt,4f097b6a4acac809076fb1c1fc6cb480456c30b2c5322e71cb0edfee7f4ff8d2,1,grounded_fall_state,exact_stem
4,Fall forward,Subject.4/Fall forward/FallForwardS4.avi,train,157,cfs400158.png,73f22cdb620cae333c84c52a6b346e8dfb1c363aba3a118298724b72bd85b672,9b42e4caa91ce6a46bc3a05fac67b34feeabea9495d2101929cc823f0c641c4b,cfs400158.txt,ee8e13cd2b3ea768d79608da69cdefcbb4eff3cb495c6bf72be5a3f68aad5eb7,1,grounded_fall_state,exact_stem
4,Fall forward,Subject.4/Fall forward/FallForwardS4.avi,train,158,cfs400159.png,487a227ed1297f3db1496e6dd01a9558074bcd0ba2b7da73d9ff0110900318c7,bab169c88826464fd7bc14c50863c6df536da5244f2ab0aba3f4ab0979cb8294,cfs400159.txt,88b6777563ecab0e0616e36554c92fb492f28c3ab7557b637633d781eeb6b665,1,grounded_fall_state,exact_stem
4,Fall forward,Subject.4/Fall forward/FallForwardS4.avi,train,159,cfs400160.png,37d62e1a0ba9986c11358ed8fa90ec0982d570b24839f35dac1d2d29f0e6b4ba,2f206d85d059c5eebff58b3e78191a403c9ffd24dd014e9fb3d243514eff4bc7,cfs400160.txt,d75e111d25046b65ad776094c5c917dbf1025a20b7762728fbd977393f6e63c1,1,grounded_fall_state,exact_stem
4,Fall forward,Subject.4/Fall forward/FallForwardS4.avi,train,160,cfs400161.png,4450b02b6cc1196333dbd342b310a7a0b6c78f5d0a646ca2b74749dd27a92bc9,43c70c55c96240644091e14316d5b9dddbf985b56d8a6bbb335464afd4e4865a,cfs400161.txt,327cf981932ef6edb77041a1fbed1362939a0b799b05472b0c573cf0e8b6784b,1,grounded_fall_state,exact_stem
4,Fall forward,Subject.4/Fall forward/FallForwardS4.avi,train,161,cfs400162.png,476bf422b92ab8633700fac195f9ee0e90d5b0027b967d9d7c76305b2d0635ba,57a8387f37882f63ebfb134cd3eb4220c71c088709c034d521c4a1f490d01e25,cfs400162.txt,ec627bd866267dfde33d9f8b9b4d8e1edf91c4a184ed72bd1f35e4e237c79579,1,grounded_fall_state,exact_stem
4,Fall forward,Subject.4/Fall forward/FallForwardS4.avi,train,162,cfs400163.png,6be6ec6922ba2f2a09638ed09b783bbb860630de0a16d69602c561b3d032663d,201759b621aa30b8f3fd12522b7cfa3ddb92cf2277c24ac02ef99599880421f0,cfs400163.txt,538e76645eca60497b8968957380cea7dbbc6ef522a53652e6252796bfe5e662,1,grounded_fall_state,exact_stem
4,Fall forward,Subject.4/Fall forward/FallForwardS4.avi,train,163,cfs400164.png,2bd358f32e644a7008d24a0bfdae6366b7e8094097dc9051daad4f493eb11c23,42252bdc848f08108c4477f50cc25c1351800d8b8ea38e05b9a23626dc80a9b4,cfs400164.txt,e4198fd76216f957983eeea531c3df4c26ab37dd96bd57776bb78e5407b7d09e,1,grounded_fall_state,exact_stem
4,Fall forward,Subject.4/Fall forward/FallForwardS4.avi,train,164,cfs400165.png,2f9dd049842359831ce01decef90e19d2850dbdbf08f7f1994fb6161a833c45f,931a7f7cfb790f4fe21c5b13602f71ff7a5b955db2d9376f8110f477bb9e7a00,cfs400165.txt,6fb482e6b5ca3c9c6484e00bf5a0b727a7b934e6de6b26464be80392d1e8eee5,1,grounded_fall_state,exact_stem
4,Fall forward,Subject.4/Fall forward/FallForwardS4.avi,train,165,cfs400166.png,fb297144cfc9d5eee45ca98ef832b69a8a6b17c89388ea2d4f1d4de9755eb3f7,19312ee79ff45656e02f010f5b5ef51b395957c1410ff86e4a8fbc8e85b0c7fa,cfs400166.txt,2724b48f4007d063c16f66203fabd27ea72a28ac1fac0610b616a176035d7609,1,grounded_fall_state,exact_stem
4,Fall forward,Subject.4/Fall forward/FallForwardS4.avi,train,166,cfs400167.png,62dc976ea0f33202d71238c85d6e2f6112ca688490b2299e2913ef6147e2acf2,41d1bb827b48174875103f5a02d9c1daca8546237cba254743e370aebcbfd4f7,cfs400167.txt,dd0dab7aaf247d11eab6f7fc87203f7cb9bfce0544191cd63d48c5efc92acbe4,1,grounded_fall_state,exact_stem
4,Fall forward,Subject.4/Fall forward/FallForwardS4.avi,train,167,cfs400168.png,d7e34bf0139b613f62fc11edf3b5e169dc7d8f3efad5f903463693fefcfb703a,69b48afe8031d652a26b49c52b46a6a6e88764d1a18dc672e1c4bfe0cdbe0a18,cfs400168.txt,124f6337d420bd4f36dea1c0d3a42265855780c4991bea452be9c7ae08b17c9b,1,grounded_fall_state,exact_stem
4,Fall forward,Subject.4/Fall forward/FallForwardS4.avi,train,168,cfs400169.png,6c34fc42323d8e62d28afd4c8c7926d1972dcf8702faa18d8d3ec87b25f401d0,4e8d0a00c43e3206a828fe47eaa3d3ab515ab15c92deb6a0bc5898fecfbacbc9,cfs400169.txt,b1d2a9c83587f2578a24a69665e790a0c4382f384d26ed83afa4585bd05d8d21,1,grounded_fall_state,exact_stem
4,Pick up object,Subject.4/Pick up object/PickupobjectS4.avi,train,0,res400001.png,e5254011e0324fbafb07a579054cc0bfdf2ddc3a6136ff4fd7f8092d051f1807,deaad17217c1560bb791d1f71110b796d50457ec5415ed5ac58054aee97b6900,res400001.txt,5f3a073fea335d49d5217b127acd13199897db1d5aa3c2b0cb3e6641d117e47b,0,nofall,exact_stem
4,Pick up object,Subject.4/Pick up object/PickupobjectS4.avi,train,1,res400002.png,6d1bc48fb6f751582d6abb14031fa90ddf3397a23343677da6f9aa9f258a19c5,c3a9bda69570ce4fa978af8457e2a44ebc7ab9245691b1746af57d741b8f6b5a,res400002.txt,39d3a82364e434d318c480c1ee9311214670deb2740783fe07223818856f1c67,0,nofall,exact_stem
4,Pick up object,Subject.4/Pick up object/PickupobjectS4.avi,train,2,res400003.png,b326313e36ea5f5e90c8b921efa1cea9298f7b8ee94c6ee8af8a7d7e29383b45,261f6994c2c1f11bba2c266a05b6c7142ea9964696cf9cde7d5b51a3de106d42,res400003.txt,355182efe2ff878b2d94ae6110995aa6b08f76cef0d5b1facfe38bbca8e4c90b,0,nofall,exact_stem
4,Pick up object,Subject.4/Pick up object/PickupobjectS4.avi,train,3,res400004.png,99dd4c6ecfd5fdbd8265e201c0cb6f174a59ba4574320d667cced0b3fb78a1f4,eca667c0b1a51a63280935047425bf1ede21c7cb03d54c78c756988d1bfac674,res400004.txt,9174e613d551b05e57f36ee98834f6e8b382c329093d71ea31cb4f50a8306bdd,0,nofall,exact_stem
4,Pick up object,Subject.4/Pick up object/PickupobjectS4.avi,train,4,res400005.png,2fd10e5f8ccebb4fdab5b28bcf22bf6373f41766026d0985cfa77f1a36b4a54b,b5686b365fde44a164515be0bc4df033b0658400218d26fca158988a0f5955ba,res400005.txt,86e6248a6c489ef009f502c0bf21e3e9dd0ad9b7448096c58a35a7c8531425af,0,nofall,exact_stem
4,Pick up object,Subject.4/Pick up object/PickupobjectS4.avi,train,5,res400006.png,c50b18484c7f53d27861129b159e279022f33eee16ff5d11dac9ab7b8274b12a,bc530aa42f7cdefb6b730eef80ecfc0a7963e8b658001fbda009fa6076946078,res400006.txt,7e9dbc81fbc201f030f8cc35471bd72b1839fd3c62ebf6b807f60759b29955a7,0,nofall,exact_stem
4,Pick up object,Subject.4/Pick up object/PickupobjectS4.avi,train,6,res400007.png,25116c801fd4ffc3c57e6d4082a9bd75735346296a7d3aeda647d9405040a692,df454ff32d865ff56e797f5c1cc661004757c530a28e159a48317587d5c44490,res400007.txt,7e9dbc81fbc201f030f8cc35471bd72b1839fd3c62ebf6b807f60759b29955a7,0,nofall,exact_stem
4,Pick up object,Subject.4/Pick up object/PickupobjectS4.avi,train,7,res400008.png,2ca15193af108d586a646198d52807cdff6a2292573a06b6e40548bf08eca461,62e0e4e44398e0cc6ddc3544b8b960bdeeb813f549e038c92cf4f4e47defb088,res400008.txt,6ba3287107b5ef8554b3cf3aad2331fd30c42264cb9c64834fab5c6465620392,0,nofall,exact_stem
4,Pick up object,Subject.4/Pick up object/PickupobjectS4.avi,train,8,res400009.png,b3f2044c7bdc84759a3d6a5ee4a3fd4c416b6b534b953fd4be28079f4e664886,77360dfc50ded1bb4ff9c43413a7506b97def110307a3cbb49367c5c07864ef9,res400009.txt,0704f4ed0bae1308d315c4e5d2320f1649700e391180a10736a06886c8ba5b03,0,nofall,exact_stem
4,Pick up object,Subject.4/Pick up object/PickupobjectS4.avi,train,9,res400010.png,c86607526f2c564381e8a1f4ac0d4f18b77f2b56e332c901dc923e5e8d8887ba,ca239ecbe72f7c8e71dde43a4e7572026f92889e210b894e8843de5958935caa,res400010.txt,62a1efea851b25101fbccb01c374aaa1c25d9b5f13cdaa7a0163dea7285a4d30,0,nofall,exact_stem
4,Pick up object,Subject.4/Pick up object/PickupobjectS4.avi,train,10,res400011.png,f8c7599ad33c1fa4d6817c7949b50e2495f068066df7c59ccd662e453225f9bc,9092109fdc2c01a8d203eb4e5b7dd5712c0057e1264746afe1568ec0563eee3e,res400011.txt,ab99d6ed95dead5c72c4771b141eed4305f2734d547683137d2947aad350d2f5,0,nofall,exact_stem
4,Pick up object,Subject.4/Pick up object/PickupobjectS4.avi,train,11,res400012.png,c2563dde5f5a3c755e33ae07ff2d35615b864a45dcbd6f52331877e30df42c33,0d4d6f72d0fd3cbde2f066f0d410fb2787b5809f58f1814603fc70037d4a8f39,res400012.txt,2717da216882da7f2f52b43d2a2ffd491b58c708ea3fe493818d27cd1512b282,0,nofall,exact_stem
4,Pick up object,Subject.4/Pick up object/PickupobjectS4.avi,train,12,res400013.png,42ff91e66884f784b1d7296dcfc39d24b5ef141c763966004105a61b0893216c,4c1543862ac2fb9d370bdaaa260f43efd7d6dab6258341ff56a9eeb6269dfdeb,res400013.txt,d8f5b1ebd8983af72155d40c654f38fac624cef2df819de9bbc250384e337e01,0,nofall,exact_stem
4,Pick up object,Subject.4/Pick up object/PickupobjectS4.avi,train,13,res400014.png,11d72ab7d1818443f676b9c966b6a81ecf9110ffc0c66e710f54168bc041e5ac,75a3f1a111b2f0a03c4468954a947fe7e976a5720b717a9b4f24c13763018361,res400014.txt,afbfc6f391f57cd312a79a363ee717208f3530143a43e7362710cf18fac78999,0,nofall,exact_stem
4,Pick up object,Subject.4/Pick up object/PickupobjectS4.avi,train,14,res400015.png,24f3fb57081aad489a440ec63936b12baab90fd44438c9aedb2d1d5924a4b5c0,74cf77825cc9b515fc65f364523f87739c50542715ea9c1f7be03b2dff64a649,res400015.txt,2aa55e9b9edbbbeaac9a3cedb1961ced1e7552894511c78c80853ad9bdcb97c9,0,nofall,exact_stem
4,Pick up object,Subject.4/Pick up object/PickupobjectS4.avi,train,15,res400016.png,cf13ed48973a32bdc03d1d58eab62617daa658a2484a2b39b60eb5240145eada,e3262a7c7aa7825ed62b08b8eab4588e4af59149e3aadd35bc61a52900d474d1,res400016.txt,c32e96490002626137f43275d49dfce72697259bd1cb76a98b35b7fec5876564,0,nofall,exact_stem
4,Pick up object,Subject.4/Pick up object/PickupobjectS4.avi,train,16,res400017.png,7d70ea244a57855d09b7051d4939fd6005e53819798f7785f547357285fe15ad,376c7a5fec07da97b28ac199e058cfee063821afa0e5f3bbbd3fc5f100a90821,res400017.txt,017b08150cb4db12dfad69adcd799fcc4ffb8f92ed55249d428eaad786510f40,0,nofall,exact_stem
4,Pick up object,Subject.4/Pick up object/PickupobjectS4.avi,train,17,res400018.png,d216dddd702426c60d4b541b83896ba54b9ff6e492ecd915d6caab6430abec50,5810d0f7b2b108d19a3548ec12d232906db3a3454058ef162749ab250cabe794,res400018.txt,fd9e0ce7ea0248ad76843bc588b90199ac323a4e81ccf86dc91b696e28de2bf0,0,nofall,exact_stem
4,Pick up object,Subject.4/Pick up object/PickupobjectS4.avi,train,18,res400019.png,99a6e91c2b2b85b1c51f83481c494c6220bb08ddad7efb24a8422d538ffd1f99,3dcbfa9f51a9a51f9b6e794403d2626301822b3cfdffe63f00b0909677726cf8,res400019.txt,3181955d5cf7cdf1c5c224dcad4ea28cdfd50f8b52341f8b833b51e66faa0779,0,nofall,exact_stem
4,Pick up object,Subject.4/Pick up object/PickupobjectS4.avi,train,19,res400020.png,7a6b3c6c282f05d591cbd5b85a9dae25643ab29c4695fbf9708ff2f49e654e60,3c39222824cd03db6bded17581a3c922f23ab24c183fbff1835e221b699830c7,res400020.txt,3a145af3146377363a46a139551b63332428349876eec49232e86794a952994b,0,nofall,exact_stem
4,Pick up object,Subject.4/Pick up object/PickupobjectS4.avi,train,20,res400021.png,330f01b5486775a07ef807689f080fce3420b1faddeb9a55ade5dd4c5f5c14e5,e41c6b25cb430090fe5b9c11035e43a191c8a9b616d8cb9b86fac4946e7c20ef,res400021.txt,ffe350f71d349f2214910c45e2cce96c5d6aa74567855779ccf53c139074101e,0,nofall,exact_stem
4,Pick up object,Subject.4/Pick up object/PickupobjectS4.avi,train,21,res400022.png,11eee1ce2e62a267ba961de1d862a3f1d5547746edc022fc568f9a595a494845,5686cbb33e9abe4a0162bb0b8450e44a1481ea670831c410f98ffd29cb3f39ed,res400022.txt,51d6219053355417d341cf22db738992fdbba001a486a5e687125893351fe417,0,nofall,exact_stem
4,Pick up object,Subject.4/Pick up object/PickupobjectS4.avi,train,22,res400023.png,559458810da1eb8a9043621b002bec550241c1b743875ed31a9bb54eec0d1f8f,91c8805c8658d6208ef624c6bfc0d5e3ab72382cf376bcb3a608df97dfb6b1f4,res400023.txt,91e908128ba3b89b9f799742c3768f7f76b69da68a0cc7cbb2f6a9ce7d363a2e,0,nofall,exact_stem
4,Pick up object,Subject.4/Pick up object/PickupobjectS4.avi,train,23,res400024.png,97b1cd3259141bd7a24b2878086989b9c979eecb7a813a9cea68eabe4bca3adc,baf5853841092156af0663da1821b99cc54c78197675607de63f9f7e88fcbf99,res400024.txt,9c81f98c388eb0d098f8fcb8ad15ea152ac4b46413a546a51153d5e70809de60,0,nofall,exact_stem
4,Pick up object,Subject.4/Pick up object/PickupobjectS4.avi,train,24,res400025.png,656c7d53bb6b3451653f9482b04d9bc960b112d4aca69aa988973aa5b3872105,4cad85bb1134b300723c210e85374847ebd8f8b7deb42f0592a39045c15dca0c,res400025.txt,d3ccb53055b4f89e6569177f1c060760a2654c5f7fd3c1bc89232708308f5a9d,0,nofall,exact_stem
4,Pick up object,Subject.4/Pick up object/PickupobjectS4.avi,train,25,res400026.png,6d62ed651dd80a4acbc9f623b4c858db4cee49cca491563b91f0f561da3b6a97,89827868397d4ca40cb8049678f37575e811aa8c39623a54fcce5a0a0729327a,res400026.txt,36214a55755dfaeb06d0ccbdd5153c09299b4a4978f0a639ff347650b3efa457,0,nofall,exact_stem
4,Pick up object,Subject.4/Pick up object/PickupobjectS4.avi,train,26,res400027.png,dbad601e484a95cb56ec0f264593a9b8cd9f67830fd19905bac23676d4800327,3b2e820da08888767ca6ad8c3717fccdeeb5c015258ba1e34fa452610b232596,res400027.txt,fc8d0e0bc7457ec930ec789a180f5f95815e34815fbe9d79b5750c1afd25bec1,0,nofall,exact_stem
4,Pick up object,Subject.4/Pick up object/PickupobjectS4.avi,train,27,res400028.png,ec4452cc726c2427705124033eca0b41258f57facc18a3af32142fb5f42824ee,c78177b8c2d39b2dd59b0c38834cd99e28ed26afd1d81596f1a987f90f3e328d,res400028.txt,3c05774a7a40d981f50d09223868296782eceaee28eb7b621f3ae19d06a38676,0,nofall,exact_stem
4,Pick up object,Subject.4/Pick up object/PickupobjectS4.avi,train,28,res400029.png,06ab485aaffefe3a9358de998ddbde8be4dd96ac83147b2b4bb7e925686d0db0,6f692c0862ff30262119b728c30d0aae8e49b08a66e3cc7a68a1fcc84cd0b572,res400029.txt,b5411681a4766b25ea408758b82fa65c11bb1d855dacf466a62174fe0b5f2b3b,0,nofall,exact_stem
4,Pick up object,Subject.4/Pick up object/PickupobjectS4.avi,train,29,res400030.png,b2f72fdae8fe39a029bcc53562a50a54b8572d696acc04e13ccc8d345b7b0ebb,32d23a706f43beb947ba262160cd73232ed6cb78f55cd47173fbea5dad1f9028,res400030.txt,b5411681a4766b25ea408758b82fa65c11bb1d855dacf466a62174fe0b5f2b3b,0,nofall,exact_stem
4,Pick up object,Subject.4/Pick up object/PickupobjectS4.avi,train,30,res400031.png,ef1b9c1f97a21dd16f6f112886394ca9a244069e94ad64863a063aa91091861b,21e364af0c430cb828de7bad9f13d1647e16c43393cf048bb5b9ab7253be3bbf,res400031.txt,807d699b693fdfd76c3ac2787f98469620a40abeb7df2c9cc9eb7c696a30f076,0,nofall,exact_stem
4,Pick up object,Subject.4/Pick up object/PickupobjectS4.avi,train,31,res400032.png,b962964da526db3e4b5d1577362470498caaa50b8194c8b615b676006c13225b,dc0e781d95e9deb22f33308762774255f69fa6cd29d5699326c6318ed9db7e38,res400032.txt,01142dcac66c342a73055719bb09206de5c8f787e860988152ae754a07fb2388,0,nofall,exact_stem
4,Pick up object,Subject.4/Pick up object/PickupobjectS4.avi,train,32,res400033.png,75ba33084fe9be4d866a80b09f12031eb9c1f74753d1d9e56a53201a39e7ce36,0e891a25e981d254b5d04d2649412d5629d316a20ecc768ad83d0a10f595439b,res400033.txt,72a206bd5350b7373f33284c28b300246aa88593ae4fe35c416be5ba96868ffe,0,nofall,exact_stem
4,Pick up object,Subject.4/Pick up object/PickupobjectS4.avi,train,33,res400034.png,3c166a4587ac3218908763d1242a5386d5f81ba4d2276c4489025ba8646d7ece,376c87b8624838028882e83ac6318ecb33630b9a7dab595b6d5b249f463e2199,res400034.txt,66a241345d44dd8a766725e3902bfb1366e6ebddb2036b95c288f609a90302a1,0,nofall,exact_stem
4,Pick up object,Subject.4/Pick up object/PickupobjectS4.avi,train,34,res400035.png,cde245fa9ba0e73398a5591a80539c12bf78d624dcc422d4389f4bbcedd5f08f,2cf705c56003c48ea3156e77e84dd3d9a4cfde8d587be13b4a42151588140b53,res400035.txt,058dcf1921ad3a45fbbc2b62ba24dc2e06f26a27a98c322ef2a50d7329363ce3,0,nofall,exact_stem
4,Pick up object,Subject.4/Pick up object/PickupobjectS4.avi,train,35,res400036.png,832a11d28d2987f2f2b1992c76ec60df283e8321817d424cf3919fa7a6c9cedd,3adb827ea32ba4b2af7a002494dd85f411ce7d14c6ed4700ffec29b4c5c82a29,res400036.txt,3927f6da0fd8806118ce544c9109d86daeb512a59bf7ecfe9f8157e9a247a519,0,nofall,exact_stem
4,Pick up object,Subject.4/Pick up object/PickupobjectS4.avi,train,36,res400037.png,c5b8a8a585c790afa85194ad925beefa72c93a83b06eba1875382376be2dee80,15ff4f1e9c733dd68f8de35d347a7b8c3e7a2e5e84d5d23ba9cd5ac6f2413f92,res400037.txt,082b74d6676da4a0d4aa6c2be974bba1a334f693168f1790fc4315ad10eb1e77,0,nofall,exact_stem
4,Pick up object,Subject.4/Pick up object/PickupobjectS4.avi,train,37,res400038.png,4b8b6f4abb541d78157e4257afc85de9f936f67eabccb4d5f3d4ccd05646c65b,285024a63e02815e746c1df5ef2aa099c96b2a10ceaf1ba44bab9890c9d421ac,res400038.txt,61527f681db09106842eadca89a448fd9324b00320105732bb2db53438c754d9,0,nofall,exact_stem
4,Pick up object,Subject.4/Pick up object/PickupobjectS4.avi,train,38,res400039.png,c361c36b7895090d8165c5844169a737a0af3fdc0e9f05f360cbc9cfbcaa2895,efe60e5a9247ecaf609b95a68d891101da8f4fe9fd85548c5c6b7519c018948d,res400039.txt,145826265749c207e6fa8c97cb73c1ef9f624516a43fcd2be3bf14aa0792584b,0,nofall,exact_stem
4,Pick up object,Subject.4/Pick up object/PickupobjectS4.avi,train,39,res400040.png,71d7e45a8dc9e6f88484e2a0f59e15ae07cf2bf7ca20ad5d2597c09ac7072e1f,e10d9bb596a6ba9ca3996c69bb0b115ac740b3b1fb5ba2b2b66d604297921846,res400040.txt,26b0c291548bfc4d70e83533aa3969eae2be1e4a6ea5eb14ccbeb015968a7c7f,0,nofall,exact_stem
4,Pick up object,Subject.4/Pick up object/PickupobjectS4.avi,train,40,res400041.png,f0ade33ae8511cdc1276a3baf8ca990f6de53935391229106e9a524f52dd99d8,1b0b52b67b642f282a5276bdc587f8ba888f8d04d5a6a5581a84e7125260ab8f,res400041.txt,78c0f78bee93bb46bef1881099701020e7d30d1d2fdc71d9686fc4f0ffd5717b,0,nofall,exact_stem
4,Pick up object,Subject.4/Pick up object/PickupobjectS4.avi,train,41,res400042.png,faeaed332e8fee52b3d0bcffb6d6f735a4442fe5a09ec3d0f2add54a3c64dbea,a81ada216d25b8d1fa328b7cd326689ee2583bb63f3fd8ed09389d60394958f7,res400042.txt,8f3da945bf641c779c2259526d4fb367116e244a8ea0e8b87f9c27b272ed6e5d,0,nofall,exact_stem
4,Pick up object,Subject.4/Pick up object/PickupobjectS4.avi,train,42,res400043.png,3e2d3bbb622c88ea2f4f1fe65c50479113dc8fef89cadad52c9c7c9a7cb0b526,5c480bfc7fc58101860013c3e859f6c88f29774a5a9edf2c5f501fbf02ebc71a,res400043.txt,aedf3c15785361934d6e09f811e551d6359a3b58cb137d1a5efaca78505e61c4,0,nofall,exact_stem
4,Pick up object,Subject.4/Pick up object/PickupobjectS4.avi,train,43,res400044.png,cdb81ad06c66f5016176f731e31a62f1614d2a5b94c61693e7277344677f2cec,f0e4a5f78ff6deb9f519d6e0927e19333165d853c68b37bd9e907e798ad73e38,res400044.txt,8f45ccdec798f082af9652cd918a917d1c4b33c652d672fa637159c53a997d93,0,nofall,exact_stem
4,Pick up object,Subject.4/Pick up object/PickupobjectS4.avi,train,44,res400045.png,13a61dfa54357c2ee1a7b616315ca80769fd2cc6f099a38dc018ddd07494dac7,8d6531aec2cc7d0ae46a197cf66db1e000b9c32a0545fe13a1cd4f81d0ad57b2,res400045.txt,b8a05321391247d8b35f6eff4a950c361d97125add716d47356d2f8484687357,0,nofall,exact_stem
4,Pick up object,Subject.4/Pick up object/PickupobjectS4.avi,train,45,res400046.png,b93cd23f796a77f7b7ef1136a31693f81fb4dbd72086c9475a5b8a863e4d2803,0d5cd6f887af89cf6d6f075657b1d638c67e64b6bad5be4273a013d3a06548f7,res400046.txt,f88285bc3d1d56f49f6f9ee76fd782ae852c83754227bad67c15f6d9f1b6862c,0,nofall,exact_stem
4,Pick up object,Subject.4/Pick up object/PickupobjectS4.avi,train,46,res400047.png,b3ba10a721750904d16115e0b1a24621207fa174c724a0c17fc8f73fda04c479,5e68abf16b7a74ffc0c9c253c425660cd283e79b68762e622b0e6ce0c17d4e2f,res400047.txt,d024691e591b18da62d7ab5e63dab9f8c7581cf5d233fceced9ecab07499228e,0,nofall,exact_stem
4,Pick up object,Subject.4/Pick up object/PickupobjectS4.avi,train,47,res400048.png,3b66c2a75997b0cbed597ae943b7c12da2ab8c516215fe8e7769697cab1ba97f,c715feefc9651a28199dd107ce887eb3e5e86e6be962b4a12160b35f9bcf7a31,res400048.txt,9e35ea745a47d23d1d3c4d26a7ef4b0d507a2fd0e8f9416edd014934dcf77e47,0,nofall,exact_stem
4,Pick up object,Subject.4/Pick up object/PickupobjectS4.avi,train,48,res400049.png,072e5c946715e18681f0023c341ab2bc670c7128fe4dac923fd9f56b942220c0,d7564853001407ab9417b4912720ec7d2b863155022247d05c67782ce452fea3,res400049.txt,b3a7ad62930f4274b3f361aa81acabddf542512c182389887efffcd5059ae79b,0,nofall,exact_stem
4,Pick up object,Subject.4/Pick up object/PickupobjectS4.avi,train,49,res400050.png,dd87b5e1d74f2f8ac5899c35dab117cb38504f7bad7740b10b4dd34af68f06eb,f7c04ea8adda5fd585f9607392056abc42d5e6cc48adf0b814901e8a2474030d,res400050.txt,a02b22d59217db027062cfb8f20b761c7f911b66c5748fed913ee06159faab37,0,nofall,exact_stem
4,Pick up object,Subject.4/Pick up object/PickupobjectS4.avi,train,50,res400051.png,0727e095ae075a86a274066160c61c4a102cce9ea8a009ff2e0f3a71cfbdddfb,23a0bf353be078d9eea67db4fccfe023bf9695858173bf3bc076d6d46eb790d1,res400051.txt,f1115c03b977f5f19dea0cd7cbb61071210a040b6e52871eeea67fd9ac097620,0,nofall,exact_stem
4,Pick up object,Subject.4/Pick up object/PickupobjectS4.avi,train,51,res400052.png,a11ad2218acadc3aa475a25bdc61d7adf69db1ac5aee8d89ac6e3467625ff77c,f125ae0cddcffdd7e0ec07ba6fb6b76c455654c6e6e6d29d08905ea20c1a28eb,res400052.txt,a86a49dfa5b3d047b59a0eaa6f71402a4dbcc9151150b143c256d80e9b694795,0,nofall,exact_stem
4,Pick up object,Subject.4/Pick up object/PickupobjectS4.avi,train,52,res400053.png,053d3c54f6d5a25cd30374d052d1f02f5a8ea5dc1e84e139400b27c3fbb37398,fc7700d64b6b0c4711e6b255396c6d5265a910075c3d8ea58c7a49a21f6b7386,res400053.txt,debe80b1bc65c2ed26ca25e3190e5cde075b2ad51213644bcc7bd85177ef92fd,0,nofall,exact_stem
4,Pick up object,Subject.4/Pick up object/PickupobjectS4.avi,train,53,res400054.png,5c687ee25acbd5e2bb484704fcfe34c53aa51e0a55395618d6e2c1c1980dcc3c,f9b74fa9f99f71c42e41f3980ef32f1d911b260eac9e26f07a8b223d34ba3b7e,res400054.txt,697e312580bee66b82f7a5dc22ef63784214787c87e000977adce5362398a65e,0,nofall,exact_stem
4,Pick up object,Subject.4/Pick up object/PickupobjectS4.avi,train,54,res400055.png,a8916ca9f2669ccd48d028096c8a972f2146e35e58e620f0c6a3f804f2b290a7,283b8928be4af9549930b24685bcf18be9f76f97dd5bec504c5d8c2a7edd1a35,res400055.txt,da6c257dc2525538180d0ca9e2290540eabdf896c6b68ff64694f4432d7f06b1,0,nofall,exact_stem
4,Pick up object,Subject.4/Pick up object/PickupobjectS4.avi,train,55,res400056.png,b170db1e788c2573bd70aace7101b79a3a08634e895fb61273b8f24f2b473d73,b0f480176f58fef93dde43b299bb06bad9a72c66844ff53db9616f50485ea75a,res400056.txt,cc55c2c5afae9901b5ed91d41a2dbc6f6d123c947e628adb5400d78e9ff170d0,0,nofall,exact_stem
4,Pick up object,Subject.4/Pick up object/PickupobjectS4.avi,train,56,res400057.png,38205514ddb7c17193289e20335038201db82337edccea42ee62ddbd19bb8de0,88a99fdd394427c837f24d79c34aac7276bce5561c32e1f96400af72b5b46abe,res400057.txt,297c57dc64ef1e2f4d9bac472a35617e128f1e621d3196f6ec800da792d74417,0,nofall,exact_stem
4,Pick up object,Subject.4/Pick up object/PickupobjectS4.avi,train,57,res400058.png,8a63fab9dd439cdb479226bf2bc7fdd10d6fa695105c631db4396f68f3ac3dad,072b7dff0ed88926f59ea212b7a56a0f5ba846bf7ac9fe5e243542aeaab309d9,res400058.txt,d2eac08c0fee85c543a8144b59cc8257487786e265411ae3bbc39e39596cdcbf,0,nofall,exact_stem
4,Pick up object,Subject.4/Pick up object/PickupobjectS4.avi,train,58,res400059.png,33eb05622cffcdd33cbb7aadc30e6839ae1cc507b2b69c6f53a3c391dde963d0,6162414c3fe16336f60dde05555e7d287dbec8ff7424c9a2c6f6843fd5a83e80,res400059.txt,166d2f02396f7c8d4a9b35a6c31941e13d11392b1c6d329daac4704540dab91e,0,nofall,exact_stem
4,Pick up object,Subject.4/Pick up object/PickupobjectS4.avi,train,59,res400060.png,753e262a70498c350c362656877ca06b81a53426a4c3829a1d9bc60c17f7466a,d865fa6d77e489fe89010733f83bf46b35a281bcc8b3551ac479cc8ceb6f4fc1,res400060.txt,b578a6c287a2b5dc724af4609c02a28f326a5f1a40dd3eaff8456b585f6eb9c1,0,nofall,exact_stem
4,Pick up object,Subject.4/Pick up object/PickupobjectS4.avi,train,60,res400061.png,2a5b873aa66c7be7d322758117b6dfd5a4fef189caa22200dc287130fef34d66,a4a1207204b19f79409dff23e540592aa3cb72d4ddc701560a6d5e6bdff9d03c,res400061.txt,19e1a20b7f60f6f4ef6eca1e63dfbc270182f8b2577da133f6a6cb0249bd16fe,0,nofall,exact_stem
4,Pick up object,Subject.4/Pick up object/PickupobjectS4.avi,train,61,res400062.png,86ca837223267f1ae0a9ed30d9fd036e5ce829a16a18a97d0211cbe2a0aeb0ba,bda35e232641331d6fd0e9214851f59ab57ddb10186cae4324d1950e8860777c,res400062.txt,065026f49397ad9b9070e80746532501ad7d41c7d155b0e9dd227462af4d8fa5,0,nofall,exact_stem
4,Pick up object,Subject.4/Pick up object/PickupobjectS4.avi,train,62,res400063.png,d62565a4470ac4022c0366b66f11f4d86a9d8febb44684ce868834f235e7a496,19ba941729f6469452707e7c0af9468783782c0bd5ba09b5fdc4262758257c0f,res400063.txt,85551cc6ac0f057feb49453504d63977a45a2cdeb5b098c71103aebd1bd01e48,0,nofall,exact_stem
4,Pick up object,Subject.4/Pick up object/PickupobjectS4.avi,train,63,res400064.png,fb0b9d9056b7d06d778d72da97ab1ca3e5895ad45e54bbd60041089105e36ed6,38dbf2fc680b638518dc3800ee320a4afbcbde7d10db371bda6481cf9b6fbfef,res400064.txt,4c63e2d3a6fb6966d9d1fdcaa96820044882b03af4efaf9fc8c8491415083b6c,0,nofall,exact_stem
4,Pick up object,Subject.4/Pick up object/PickupobjectS4.avi,train,64,res400065.png,3e67dd0a47d4f1375f5186944ba5b88c3f7b45a3d28c6ed15601ce0a968f1067,8664c4d491156f7393a8659f4493b82834b760a93ad4d805b6dd1222388b4c57,res400065.txt,c4b21c14b2fa228890ed48e9e19694153965ba8267eb901c07155e8a659e4563,0,nofall,exact_stem
4,Pick up object,Subject.4/Pick up object/PickupobjectS4.avi,train,65,res400066.png,fad1ea9c918641864a3c665a4b7179f23463b4a3371818546b701fa59a9b165a,3b9974e715950588f6c49fbda0897a70a207b7aa82f8bdee309af15e843e6070,res400066.txt,900097e5bb0079b9f4cbd08fb5113f2892350a591ffcfc00e934ea3da9d64e54,0,nofall,exact_stem
4,Pick up object,Subject.4/Pick up object/PickupobjectS4.avi,train,66,res400067.png,ddbaa27f8229c993d9fae0874c7822b3fe87a06567811348e30c3cf928e5a82f,3313571db9029b5b25677d6b1b98e373040f891407a49e8cf27d311d1bf0fba4,res400067.txt,3c165e8cb8812946cb9089587c8ec19b4efb22e6037bc7367160765479458d98,0,nofall,exact_stem
4,Pick up object,Subject.4/Pick up object/PickupobjectS4.avi,train,67,res400068.png,f820cf4e0403db2af8b74492562b24d22e33bc5fe8e68a1ae08e52efaacff5e0,d4b402928c39901cb303b7ccd50d2569d74615ac311095d4f0042dae46ca777a,res400068.txt,df03d41277eba3edf7e52a24b76a4f3bcb8975b0bc1746b30423127849f8f028,0,nofall,exact_stem
4,Pick up object,Subject.4/Pick up object/PickupobjectS4.avi,train,68,res400069.png,830b859838d254e4193428b8672d64eeefd1dcc684e388b19b163f9cd5d82f41,0c316798f7f3c21475bc029367b67264070c1b3baeefda947c612852dbc46674,res400069.txt,ca358adafc0becd4b2acc45de2605928ab0ccc1880f3da840343b362fe460af7,0,nofall,exact_stem
4,Pick up object,Subject.4/Pick up object/PickupobjectS4.avi,train,69,res400070.png,65e54453121f340fed657fbb780a033f2e0858304fea5fe54b2d625cd3ea036c,b8355920a024699c83d0078554c782810ad7a055118f3aa493faf814290265df,res400070.txt,09a0f846de0bb3495afb06f328843e8f1f1e94f4802f1a91126c212fc9ab6ec5,0,nofall,exact_stem
4,Pick up object,Subject.4/Pick up object/PickupobjectS4.avi,train,70,res400071.png,81bfadc0c096a16c986f22af3f9d97bcda8f528c6118ca0c1a01e53f1939ec1d,8f76cd7172390ca9bd23e1dff615fe70f505f8d06972671eb923c36c6af14cfb,res400071.txt,a344fec35b6a6c59454ccb428399942cbfbc741333cb69a785830b72106f3793,0,nofall,exact_stem
4,Pick up object,Subject.4/Pick up object/PickupobjectS4.avi,train,71,res400072.png,aca96e958a35cf48f33c0c55b98bed0cae85a332ef9bf52090719bd2ce3d1d3f,40c61cc7882ab5b0625dff46339cb870ebd8bf1f53181a4fbcecbb86825bfdb5,res400072.txt,b10d0443317bca36c81a222bc733b84420028af45bacc1d676a323d3ba3ed12f,0,nofall,exact_stem
4,Pick up object,Subject.4/Pick up object/PickupobjectS4.avi,train,72,res400073.png,df98afd647f0d2eb543f9e6e385046ab2c67a8744f68d8ea2d232f2c18ca3153,e2c89a9a9b5aaf1b13edf09f30897c63a15abbe67fbffcb6f7090979fad4da49,res400073.txt,2623c36ccd498d93fecc78c45202f860a46eb46d24050b36387c4bf72bf9ddbf,0,nofall,exact_stem
4,Pick up object,Subject.4/Pick up object/PickupobjectS4.avi,train,73,res400074.png,7acf0b1e91408e40ca5d807acd47ded2053a208bcc00d498dd7ef87c7147a88c,a0bb8fbe2c15fecd883509d842964c5fe20aea5ffb851704a159ab63c50ff819,res400074.txt,915776c265f2206867b2ff67c784fac180a04aa8cd3f129783aa9354fd445adc,0,nofall,exact_stem
4,Pick up object,Subject.4/Pick up object/PickupobjectS4.avi,train,74,res400075.png,4601482d2b7a6a049bac60afb2869542a8dd03112f005d365665bc47da6b409c,8a3db993e48cf8a4488d5eb4ec7d7a395befd1e09e7f88f3b45ba545591012e6,res400075.txt,d0560c0f4b3649b3b87fbe37da1e57df063c83ddb151d5c47bac32720e79de05,0,nofall,exact_stem
4,Pick up object,Subject.4/Pick up object/PickupobjectS4.avi,train,75,res400076.png,07e567357ae82984b06c93bd79955ce2edb7c7e4bc7ed1e75d2465ada6f1d0ea,5bfa9c28d91beec0b4a0d85dfc4ade34c00b1074459be724e129efaf5f8b146a,res400076.txt,c4726e649d85c537e255585a05cb583cb7bc53da707d4ed7083dccd8e653aeb2,0,nofall,exact_stem
4,Pick up object,Subject.4/Pick up object/PickupobjectS4.avi,train,76,res400077.png,2ecf3012f0f30cac696afa57171d80aa1b9af37ab1a0d296baacb2929d361547,f0f1d7889f35a23dcc569b2c1427d2e32bb2e3a33c6e09c36f830eddcfbec96b,res400077.txt,180a325f8048974784ccc4c7b8274a112992719695843b2c8ad62248a4a0eb19,0,nofall,exact_stem
4,Pick up object,Subject.4/Pick up object/PickupobjectS4.avi,train,77,res400078.png,c305a802d6fa8b6a7dd84ef43daa00422245f77e2fe3a219c8656133b8ac4a43,4223fbaa2e8df271f15e1ffd70510554b967caef747f19fed59026cdd355f66a,res400078.txt,5bb64899fc2017862d0d80954dfa1a50a878eb98c695c9bf54f5bded196afcd4,0,nofall,exact_stem
4,Pick up object,Subject.4/Pick up object/PickupobjectS4.avi,train,78,res400079.png,694994f5235eb336e462f2c2878095b6f2bdb171f6409f1afb770f867167c6b7,28dd0703b8a6157cdddc6394356ed90d52ac52d2dc043a84c3fd580a3c6a3a8e,res400079.txt,be06ac27fa6c87bc5976b7a7e2cb5308f8e38f3acb0e22c9fc446a4cfcd88b8c,0,nofall,exact_stem
4,Pick up object,Subject.4/Pick up object/PickupobjectS4.avi,train,79,res400080.png,415da0e324107d845b38f8f1430b5b343b30b77ac9b2d067ad00a8d48c66041b,1ea07e53d95372921379d025896fccadbe50ea5beeadced63fea242ee3f4ee7e,res400080.txt,347e9d293fc95759bfa73f7150c2a2b29fe4bd9322e7778ba14205f8bd73f85b,0,nofall,exact_stem
4,Pick up object,Subject.4/Pick up object/PickupobjectS4.avi,train,80,res400081.png,f80f31969aa120eb48b5efd5ba7e0519fc39865b6321df53d83a66a3ae3924d0,e81eb45371120c8235766523f515ba2e80af95784a8891727e359b94cb90bf21,res400081.txt,826e75fe8bd5bcafd783456d25daa5c73528f12166c8a0737dc3f81b6b90a9f4,0,nofall,exact_stem
4,Pick up object,Subject.4/Pick up object/PickupobjectS4.avi,train,81,res400082.png,ed15a603cdf907c7b55c617cc91786939ae96cea4564502dfb3371741ebf0777,ea50677cffa8d62afc155864fe14f68650aa0e122a294a037aeb70e30134fc26,res400082.txt,5423a1149acc3b7a71773671c5ccd736eb700f44a5903b425d349d03ff5b8d45,0,nofall,exact_stem
4,Pick up object,Subject.4/Pick up object/PickupobjectS4.avi,train,82,res400083.png,21a59fab47e87b2d3fc219e946279b2ba58201c4c44456e98c4c4fff22508688,fb0c590ba7e4763fc32e85c168cc3e355fa7c6808b35936897b74b23245ebe21,res400083.txt,04e3c9d92f3eba87599469f64a9bf082fa6ca197791decb6d02b54fb4060a6b4,0,nofall,exact_stem
4,Pick up object,Subject.4/Pick up object/PickupobjectS4.avi,train,83,res400084.png,0780744f7d1933be92a60099e54b2ed419c96bdb0dea11a6c605c90c8db5bb80,859cf1af49cffc9aa194f461a9870ce49f256b8a1801e053bdb5e5e163d094f2,res400084.txt,3d0e82da7a8a135cd752ac69a028577e1e0b6b6e4a8c4b0d55425b5c42ac290a,0,nofall,exact_stem
4,Pick up object,Subject.4/Pick up object/PickupobjectS4.avi,train,84,res400085.png,13d68e69a7296c99eaf5705bdaa68d3eceb90ccadca69d99d2e18ccdc0190a97,e4e83f3ac424bd60c32610ac3de7bd87e26ce5d7724590f0f6cac657fefcc411,res400085.txt,6d87c17f118f68c99bfe217d0ac353f637d1aeb6509d1aed6cffc8658ddb21fd,0,nofall,exact_stem
4,Pick up object,Subject.4/Pick up object/PickupobjectS4.avi,train,85,res400086.png,fe6aee3ef714a30213bdee6c7fa67f50df9566370688a8d4f3d0ee99136a3626,263f0489ca10dfed5ed9ed87cd5a172a54ab61e37829fcf4c254563e2bdc64c3,res400086.txt,d86b4d553578d0a2a82835243b7a7d4d07bacf7c9511eda43c4c17d4a1b0e853,0,nofall,exact_stem
4,Pick up object,Subject.4/Pick up object/PickupobjectS4.avi,train,86,res400087.png,7ffc4046800e42db8e5bee49d507e76067e575e5676beed099858cf74a82227a,23f80db6f5f8388776ee45f27b9f741e0156d92fbeb7040122eb160405bf31f6,res400087.txt,b01c37c1e89371555574fc16d74ce7dda00c576c31790541d8fe44c18ae502b4,0,nofall,exact_stem
4,Pick up object,Subject.4/Pick up object/PickupobjectS4.avi,train,87,res400088.png,730cc39386edd1d0d16db7381d80d33b9942b44b55c0510e5557f5013ef7caec,99a5035e605f0cfc6930a0e2589c17b32e9572faed653eacb0367b2607777ea8,res400088.txt,4802b4562fd62d3bebb657511601866dcccdb89bf3dba0506971ec06e5bc1326,0,nofall,exact_stem
4,Pick up object,Subject.4/Pick up object/PickupobjectS4.avi,train,88,res400089.png,a786f4f18e56eeee6d40b4af5d1a36cd8d2c1449bf4fe89a2c5d00d6b57e8f54,1a3299b69d27d8185cdb5738130070752c2a3f25fc633a853b72d12a78746b95,res400089.txt,1204441d16f63f2f78432ccf528afb1ac6f356a3fa06153c532834bbc1fe1b58,0,nofall,exact_stem
4,Pick up object,Subject.4/Pick up object/PickupobjectS4.avi,train,89,res400090.png,0c54d2137cb83ec8caeac516526e151bb4d32eb07f393445b22d97af8cce6419,e49c0e26616101761f5508eda754da7b38210e8a9194bbf6a68353eda4dd3c58,res400090.txt,edadd13fbfbe4fa6331887ba836f46cabf835347df1d36544706b8415bf5724d,0,nofall,exact_stem
4,Pick up object,Subject.4/Pick up object/PickupobjectS4.avi,train,90,res400091.png,0ba4ead8798366c42a094d92c990d756ccc06925ce3f20549722165468e5115f,35b8fd6e67c22489d77e5fc787e15ce1cb54cfac38b507abe21c9c539ed4051a,res400091.txt,badb6f6da1d721333b7230b003be1cf88f63fcc30c484f0a6f59434fbc38b49c,0,nofall,exact_stem
4,Pick up object,Subject.4/Pick up object/PickupobjectS4.avi,train,91,res400092.png,ad340f3f612b877c4e9222b536e666911cadade4948e3d74714cc71845878295,cb488a713d74713eddb819137b04b1619c7810face0070b808f20d3d108287fa,res400092.txt,95154736a05fc0268891064b4b7b12e82b6b74b77d0de9fca26a0b31a28c3732,0,nofall,exact_stem
4,Pick up object,Subject.4/Pick up object/PickupobjectS4.avi,train,92,res400093.png,a4ab303bce96f7380b48d36d6a99359dc1adcb0d5a5e67db9aebc5f30729fca8,758f63adc214ea7e3fbaf6edf37d1bd9c32ffe694bb74f734bbda971dc65dbdd,res400093.txt,c92f93fde25d691f99ca09af050b3ff2406744c26703e8d2a3a3a46d4ed4bff3,0,nofall,exact_stem
4,Pick up object,Subject.4/Pick up object/PickupobjectS4.avi,train,93,res400094.png,d9a5204eca688f06cc07e6b0fdf72726cd4ed3c0073552d0e0d305f4d22583cc,0886dca59220f394e0435d8b2a31845a5f43c977329f95af464478b4ac869263,res400094.txt,b4be6bb1c51a61ae71c5e4e2124fbb5af5b35eb6c5576ac092ebf4bbcffd5a3e,0,nofall,exact_stem
4,Pick up object,Subject.4/Pick up object/PickupobjectS4.avi,train,94,res400095.png,3fbee44e6750f598d08f4faa4de91d67e3942c4e0b292842a0eeea2fa6d9abb9,68e883980ac0770492288f1481e396360c4457271cf9e302f5a62eb0aad229eb,res400095.txt,c84f1e278e18bfa12fbc7cd33491dfc8d2bd0d651137a3075977adb167ecd9f2,0,nofall,exact_stem
4,Pick up object,Subject.4/Pick up object/PickupobjectS4.avi,train,95,res400096.png,ac9a132b193fb489b216110cdaf9a7ab0738a1bd02cfee7a123748c9f62782d0,96d86a86102b7dd123e167cfb568bf000b65cbba46fe25d41d79e306bc9a94fe,res400096.txt,0bd6f1d77fd65f4a0a62995c38c24d5880405b9e1d8553eec440d284542a3266,0,nofall,exact_stem
4,Pick up object,Subject.4/Pick up object/PickupobjectS4.avi,train,96,res400097.png,8987777e3a2dcbfdc6a27cf90cc4e2aa7b3e5572d28126be8125c98913dc907b,9a0138296ab9cc2baaa7bebfdda399423d0917f5a1275c270408c9d6235f3e6d,res400097.txt,d958da0095920fb9d0a1a2dae06412096d19bdfb1dc9a62a49bc1d688f17a1cf,0,nofall,exact_stem
4,Pick up object,Subject.4/Pick up object/PickupobjectS4.avi,train,97,res400098.png,150db29aeca733eecd4aaf498444b06d332746c6ed12f305ef47e5eaac9df017,aa777fc73e661b2cd8b130dcb7d19af49ca6b4d23618fd68d54d68262e32f688,res400098.txt,42212f2c4bfb8b189f2eca90ddfcf1dbfc407d22a21563d181fe5f0214660ccc,0,nofall,exact_stem
4,Pick up object,Subject.4/Pick up object/PickupobjectS4.avi,train,98,res400099.png,a62d2deb62f5fc46f1b6cc6780999ca7d47b5d951ef5bb38236fdb9775376fcb,2110a344ceb80298d599e9aaf9212faa87e2658012c5bc220d60c11aecba31de,res400099.txt,28d28aa4624ed09db39ad8f2b109844d118765d45d2b88eba92aa34941450a9a,0,nofall,exact_stem
4,Pick up object,Subject.4/Pick up object/PickupobjectS4.avi,train,99,res400100.png,1e1378d618e600af3f74af238edda2b29aa1fcb0b56087ee3cacca982c55a6cd,da25ef3a2557d995577ce5887a3660b9f0640c2273fa57a28cafc7d7047f8e9f,res400100.txt,6529a4327829542b36a57b592c66819e496cfbf58840077d600d28efeab563e6,0,nofall,exact_stem
4,Pick up object,Subject.4/Pick up object/PickupobjectS4.avi,train,100,res400101.png,d9dc7f4c9ba88411abe4cb3cf551520397e7b0bb9d691ee392aedcb6d90a44b3,0c01c0b08422f474c1d80137b267232cfc8d3c59b93dce9c6bb45b3620f116f6,res400101.txt,faa50effb161d0ca0ec39ca62e26b3ed8de9e1d3285e1fc0017a3199aafa5630,0,nofall,exact_stem
4,Pick up object,Subject.4/Pick up object/PickupobjectS4.avi,train,101,res400102.png,1dc5109d89c47773670bc72c304291b0ff920645fa4030549ebbe82078f33e93,a4b7edeb4d896bd773877e476907bf60ce2bafeb3c9eb91c4eb51af827845d3e,res400102.txt,355ac9fb7b7ffa40bf8aac9334f516bacb0d0e6562a734a528707d154af87a54,0,nofall,exact_stem
4,Pick up object,Subject.4/Pick up object/PickupobjectS4.avi,train,102,res400103.png,f2bcf7aea9557ef57a6d9031d2cc6635ebeda18bf198496a29d8c3b54c7e24bd,c1478bcd1e8fbb1a0b8b4e8cacea69942ccf240bd088f00aab41143a30de92a6,res400103.txt,22a218f81dca7ab432d8fd6772e6b88583b75e6d0c978a48875d4e1b2417316b,0,nofall,exact_stem
4,Pick up object,Subject.4/Pick up object/PickupobjectS4.avi,train,103,res400104.png,426557245aa3a2289edbf23ee20d2ea251b98c4c1853db84f1d4af28d30e5cd2,9ccb95712c22c0496959d1ced64bb9970aef866a299b93a6ebbd35a794dc68d9,res400104.txt,ef9be31098cb4a490b6ce5d79aed6452dd55c6ffa1569620f1979d68df06fe0f,0,nofall,exact_stem
4,Pick up object,Subject.4/Pick up object/PickupobjectS4.avi,train,104,res400105.png,df0bb7c460b40b382248e30f71cbb8db6ffff0ebf994b4f97123495f99fb694b,7bad5e12591966dd739460e974f9b111497881bc0711e5252c3d2cae5f3b2f48,res400105.txt,9f330d2780584ea329dbce9a47348ab70ffba0df5e75b825eb5f259489169f37,0,nofall,exact_stem
4,Pick up object,Subject.4/Pick up object/PickupobjectS4.avi,train,105,res400106.png,e0d1dd434cb690077ed023735c18fabdca0d496ccb59f94afcd1b5b693296825,cbcd1b453d644707018054cc7fcffaa18ead451cc0cc2995ff6a35f109c57916,res400106.txt,dc228ea81e14432be3eca4e647c8e32530434856a51f4b44502a35f3ddc7f964,0,nofall,exact_stem
4,Pick up object,Subject.4/Pick up object/PickupobjectS4.avi,train,106,res400107.png,3940cf77eb800213a136344beee1d62bd95c1750acc524556c22d9610ad1810c,5c1cb2b1c914da07e90ba91d0fd816feafce3c5f89616edc5116aca9cef92d38,res400107.txt,21b5c1968107f8a35d7e8caac718be128fba9853345adfce546feeed680a113f,0,nofall,exact_stem
4,Pick up object,Subject.4/Pick up object/PickupobjectS4.avi,train,107,res400108.png,c892f251fc4075e2b32408d9ecbfdc58b45b69379da029cdffc311b4bbc1c3aa,99c5b939fbd4bc729025ff852a6b50c78544e8e56baacba7db912cf419e37cd1,res400108.txt,9a0573a6ed4675d0f782c9556b0dab15ad887c060bde4ce98ec6b4297da9ed87,0,nofall,exact_stem
4,Pick up object,Subject.4/Pick up object/PickupobjectS4.avi,train,108,res400109.png,13bc6c97873bd2df910f5a86556111b16c3fe2ee9fe727105e1148950aadc071,1a19a7dd4ebac9a5389e9a719318771229bf92d402550219a1ff4fdac1433eca,res400109.txt,464500ded1779e4451f9ab3d12f3150a47047d7ed1ca00f6b07af09d633f455d,0,nofall,exact_stem
4,Pick up object,Subject.4/Pick up object/PickupobjectS4.avi,train,109,res400110.png,f2ae68bda58a19d8f78b40c5726293f03b73f5591f6714be419822958fdde2af,c8685827a4b8c9f9a5a05b794fd6743ca4c08568a3165c95b370a8a20cad675e,res400110.txt,3e6c5e4b3431820d43e96e0cc374467c90f6db8c19a524ab4a595ac2e21c08de,0,nofall,exact_stem
4,Pick up object,Subject.4/Pick up object/PickupobjectS4.avi,train,110,res400111.png,f37f7660c5000f617e94c8465e804f412ce8aca1c9413985bff71de1a568583b,1a44da67bf4754d688064ea9e331bda08ff44ec3219f529288f88c8e88827534,res400111.txt,673d3855a5409ab0ace44ab965c82e447e524aa9026e5b18947d49f812265b98,0,nofall,exact_stem
4,Pick up object,Subject.4/Pick up object/PickupobjectS4.avi,train,111,res400112.png,f0325df5790779b999846116f2fa228418252a26f9da3ae130212a42563748da,890cfe981c9891e6ac1cc106170c38e25aa8a5a11d19410b5aa33bb8e18fedfe,res400112.txt,10074eedbb5f7ef9e2ba903289dbf46363ed6d58243d12a91100fa48736a3c65,0,nofall,exact_stem
4,Pick up object,Subject.4/Pick up object/PickupobjectS4.avi,train,112,res400113.png,a7d4f262a441e0b2741764de24fd833d1ae09904cbe29bfbb0f4ac77d50dc507,0402772b4cce1db254278d4ca4adf7cd266ae643124e4368b75cf19a6697b48b,res400113.txt,82e1db21c2f1594d5482ca2166e2cdb1a41d33971bec8d5288701a37e2781be0,0,nofall,exact_stem
4,Pick up object,Subject.4/Pick up object/PickupobjectS4.avi,train,113,res400114.png,8478b2632fe83173e4dd2f5191b8c11147cb7a4cc94598e4c1c38580b2249411,26c8e6afd4f55494d90b05c944989dbf08171bc497aa754ea2ab8755506e7983,res400114.txt,82e1db21c2f1594d5482ca2166e2cdb1a41d33971bec8d5288701a37e2781be0,0,nofall,exact_stem
4,Pick up object,Subject.4/Pick up object/PickupobjectS4.avi,train,114,res400115.png,1f7a162e30e96636d1117e309fcd16f9ee5af3f99ced053ad5f3d9dee1c3017b,7feb7f4613c2f3beacfdfd4952ba97ac99486bb23c4af1f7e4d826c890214530,res400115.txt,de3ae647ebfb5e38ada262bec7a5a84645b14ca99045318f76ada0f676b13788,0,nofall,exact_stem
4,Pick up object,Subject.4/Pick up object/PickupobjectS4.avi,train,115,res400116.png,d34e7c5e9c03a830b1989b1bcabb393fea90a395e818810dd55a857f0a01a268,0e9673b3a5661b9c035463c6ae2f92f156269a6a0b37347647c540051fddd61e,res400116.txt,ff782b67ade6834f9a13d91c991966673fd83e6a6f0cf032315e0131a4569726,0,nofall,exact_stem
4,Pick up object,Subject.4/Pick up object/PickupobjectS4.avi,train,116,res400117.png,4d4d47b9cb769380549d1952c2f4a77159b0ebd825cb5a90046533cb5a436429,ac5977be7b46d5f8c8540e3a9afcf7232f24ff43d1018b7f192ee0e19bbb8e93,res400117.txt,a589b7c85bd11123de85434b690bfadcf693fe1123d393930827f0c969bee684,0,nofall,exact_stem
4,Pick up object,Subject.4/Pick up object/PickupobjectS4.avi,train,117,res400118.png,f0d4beefe8291377fbb2b13126f72ae0e33ac21ddbf538fa4a52e94cc0e818a6,f191885a4ec314841a1343ea42850744d5f7582a1d15eed7af5d5537d78c0797,res400118.txt,0c2176b2391ca54881b67938ff6eb66c8db3d594863e485492042179def19cd8,0,nofall,exact_stem
4,Pick up object,Subject.4/Pick up object/PickupobjectS4.avi,train,118,res400119.png,9b8e8ceac119d1b9deeec9ede744c9ddeeadeea17662ac8fc36271219aa132b5,64322bda24bf24a5f7cf9270f8784b310e784d3a074b0ac59a217dcefbcf6145,res400119.txt,c7efc3a2c169b69d844ab43d182cdc833fda1d8efcc374a4a7cd80c6741bdb2f,0,nofall,exact_stem
4,Pick up object,Subject.4/Pick up object/PickupobjectS4.avi,train,119,res400120.png,aaea5a1acc6bb1d98a82c081be8278ef19d14b4689621a7c3e628de2e66e7cdc,4426ff5d0fbd31469342f33e5d59dcdbc98ae089eb0e9dc3c44845afb27572d5,res400120.txt,fc2a42bec0119410b24800be458a8c7142f6712f2e2fcda375e79d7969bf78d6,0,nofall,exact_stem
4,Pick up object,Subject.4/Pick up object/PickupobjectS4.avi,train,120,res400121.png,f53b6d6b558970af5f013c6a2feceea2f88fe808ad005bd943d7cac39e39d00c,39a864608fa22b430fc5716a203644fca7ef658afa187f5eeadb7ef49cda1a6a,res400121.txt,b8dc8f92a13d7de0369a09e102ea9d7f232fff56013b0bc4f8fda26c2671a498,0,nofall,exact_stem
4,Pick up object,Subject.4/Pick up object/PickupobjectS4.avi,train,121,res400122.png,a8c039f0007d16e73af74f7df9c8d1250a31ab9f3a7fb0165954cb1b7e94c02d,caffcaec41783843e08d562f1c75efb8f411d81438e37f35bf4952183c3c834a,res400122.txt,889289dacf3812913ce3ab39a7a58e03a79eaba069aeedd8a952ab12d2c97ea1,0,nofall,exact_stem
4,Pick up object,Subject.4/Pick up object/PickupobjectS4.avi,train,122,res400123.png,ba852199b9cc2de4df9f69235337d537f12a3d1e6a8f15989df4cefa72db8e5e,56ddf74ef658555328e08fc306d071fea587e5effa2ba51a2d2d777145527f0b,res400123.txt,9088185bb3f5cd294cc2e2e0184302d7194f2a8beab0912d22c9c3e26e01ca91,0,nofall,exact_stem
4,Pick up object,Subject.4/Pick up object/PickupobjectS4.avi,train,123,res400124.png,50dbf0834a1781eca9c00de1ab922e81ae33f82d610b4b8b8c077f6fb0454d28,ebae84524d694f262eda7966ea6b94f3741abf7870c26a55497c4bf7f12da571,res400124.txt,327e9501707b2ad6be484990cd5c18af3f0dcd3df2da4983aee06585a9de2742,0,nofall,exact_stem
4,Pick up object,Subject.4/Pick up object/PickupobjectS4.avi,train,124,res400125.png,73c53e030d5a82665ff88b0fd081dd483b51f1e0c91385c5443a3079a78c8fc1,d7d6379ebefaaf505cb83d15e0d93e38318c79bda6d05d31ec1c243d0c68fa81,res400125.txt,24cc803a38f0d2a92c10ae1e06a819ca9a0693f24842633612a18592844bc939,0,nofall,exact_stem
4,Pick up object,Subject.4/Pick up object/PickupobjectS4.avi,train,125,res400126.png,7a4c1f39ae2534de61596756216ea5d4d7a922575e154f90bc3f4f991676a6a9,ff025d89212b24e7dbb3eba9d0aece17c4a7a4e3db0153c8ff4d22cc534fe260,res400126.txt,1e4e1fa00a5bb5ac638b9e4b30e7ce8d42c66765d7734b9332ef10343407a0af,0,nofall,exact_stem
4,Pick up object,Subject.4/Pick up object/PickupobjectS4.avi,train,126,res400127.png,359a31b48fa3028074f8c0c242b96d30d5fabac3a864f46d7c9a928fcf9ac530,1f9e7dce1ebf4a53d8c30dbc74d9c8c3753944a33c9ff41bc1c10834c418ca56,res400127.txt,7237a436c58a97a944a745eec256633e01880ae9c53e30ad4e5470f3f30783f3,0,nofall,exact_stem
4,Pick up object,Subject.4/Pick up object/PickupobjectS4.avi,train,127,res400128.png,ab9e7ea786cceb8e76c3a2c6bac90567be187f1cd7d3d916228cf4040f1d8262,30d938518544b0497549780231708f5fd4331ecd91b0897d100e648eac13c7b2,res400128.txt,7237a436c58a97a944a745eec256633e01880ae9c53e30ad4e5470f3f30783f3,0,nofall,exact_stem
4,Pick up object,Subject.4/Pick up object/PickupobjectS4.avi,train,128,res400129.png,e5f2bb82370e8bd8e774e77880780913c5481dd947f5f9e2880aebb94229e550,0dc443c668d1f69ede7319b992c60be1bbdb1cc2fb55b51175a8d0727f8f4da0,res400129.txt,3dab1d04db696ae32ca1ac562d48ea3983aeb13880b6865aba8eed6ecb38bf4d,0,nofall,exact_stem
4,Pick up object,Subject.4/Pick up object/PickupobjectS4.avi,train,129,res400130.png,3f6aacdb6b21f22fcaa5b4783bee0f901967b0f4ba71fa19fc9846ab4cfef6da,9fe8673a89cd6f537e925150c8111d4fbbbb7c88aeb885c976dfc2c83b12d324,res400130.txt,4968266dcda10df076d5f43c4635b473525233bf864acea6d9db4d33b7bdebb7,0,nofall,exact_stem
4,Pick up object,Subject.4/Pick up object/PickupobjectS4.avi,train,130,res400131.png,3989560227f565689b26e86e5c1966be0b659ca79f787a445dbb5e315a9a8cf9,781fb2a86e850b0b1a6d6b2e107a6b6357fe0ea4bcbbde2082e5712628ca5db2,res400131.txt,03d14ee2410d574ab05eca193053c9119f4e7a0aa35eacdad6ec61e06a666e8a,0,nofall,exact_stem
4,Pick up object,Subject.4/Pick up object/PickupobjectS4.avi,train,131,res400132.png,dd7984895e49ff436d28686e7b1d660a91719c4fe64a6e779cbca25494285f02,670da6808c8bdee8af82e5e1741b87db83188c00a695f6b040a4b94b720a0022,res400132.txt,75ef30fceb8424ac9d93adbf1219470a2d389f18313612be989a2e85e32e117e,0,nofall,exact_stem
4,Pick up object,Subject.4/Pick up object/PickupobjectS4.avi,train,132,res400133.png,616657720bb86e56fb45089b8c8b4b50db338ca3271106db8a7e2aa6cfbb3b84,ac395c30cefff3b9671bb8a67f5a9267b697f53fc858039a500cd4ab168d90a1,res400133.txt,3a50f3fbb5b46003c1975d53d15c7549bd2a75711dbf2bcc50c5f16a773b6ee8,0,nofall,exact_stem
4,Pick up object,Subject.4/Pick up object/PickupobjectS4.avi,train,133,res400134.png,c612b120a987ad105bef162e61a86bcf8dab694383af751be1a656243b21ae51,cad4174987f3efadb2242b9288afa71750ba8249c6667c4b7cdf9d3798a6f5d5,res400134.txt,8e08e653f671bb38fcb546fad60068bd19214db2f090df79958f8d6b8bafbc1f,0,nofall,exact_stem
4,Pick up object,Subject.4/Pick up object/PickupobjectS4.avi,train,134,res400135.png,86b2827753fb30eca8042a767ae99ea6832a5bc12826ae0ad89b0317d9341115,2d26ac2be738dd4f6a121bd7519927e0f62d8355940d16341c79886c0c4b1da1,res400135.txt,17d179c3915547ae4e5ce42ec9ffb531636339a0c341912740d07adb24f586f9,0,nofall,exact_stem
4,Pick up object,Subject.4/Pick up object/PickupobjectS4.avi,train,135,res400136.png,b522c784e59a311beeda6d593d8867502d04e9b0a9c373c17392c9a54e3e5ceb,ed0a17a33642d59954b6e6a69a29c93de2d568f70433865bcbf181cd259f794a,res400136.txt,14b3c05962cd95a40a364253cc3583eb78f1ce2e97dec72faa3cb97e3b463e90,0,nofall,exact_stem
4,Pick up object,Subject.4/Pick up object/PickupobjectS4.avi,train,136,res400137.png,42ecb708fc7caf23aaba6ba6b37cfa08ee5752e37fc3cac05735e1931221d47f,0a200f6283c02235ed72370e04fcea65ee8ebe3cb629e4a85a698946f407512c,res400137.txt,41433f3a0d10c512acb26d769fee2dac797c38a55eb167c5d5423823b6991e0f,0,nofall,exact_stem
4,Pick up object,Subject.4/Pick up object/PickupobjectS4.avi,train,137,res400138.png,71ae996d14ba47b95fe357a9df6fb49ea30231b8d6d432105198d6a3d6b557f2,a3a9bb01b431a184d81e983f63ce9058d7595560874bd3de316bf67058fd8da7,res400138.txt,0828bb1c5827ec4cde38598b2c3eeea94075c2a7cf138fad44d46f0efdc1a6f1,0,nofall,exact_stem
4,Pick up object,Subject.4/Pick up object/PickupobjectS4.avi,train,138,res400139.png,2eb32660af27d9770950445a90bb4475b414ed22a4ae89512d8f95d8db92f418,dbfdf7653a582792b3f5d9dc83012a59652d3c2f5c0a9bc70aa3d9aa2d7bda2e,res400139.txt,f4f42ed133a2cad2da64f5c2aff7b68de3cb4c2dc50cf56928801d08d0eb4175,0,nofall,exact_stem
4,Pick up object,Subject.4/Pick up object/PickupobjectS4.avi,train,139,res400140.png,9c30bf95bdd9321f0feb55beaee6fba3b8f174b6ae66ff50d3280a75e35f30b1,b7f986e91eee63fb6277826f19166fd03087ba0f82036cadb5e28a089b380927,res400140.txt,f4107f5bfc9b568bd938f1a96e20c2fd7c540e384ce2878ba5c96d47473f7360,0,nofall,exact_stem
4,Pick up object,Subject.4/Pick up object/PickupobjectS4.avi,train,140,res400141.png,bc6c6ac218f1ceb30927ea000fe82131f2c7748af7d1681295ee6833fb6124e7,6771748a8c288bb25fff787f2a3947205ca628060861d8ae3c89b549ec3ebcf4,res400141.txt,a235441403050b680e637ead6cbf1898b68ace4072e4b9c5f7f600143134634f,0,nofall,exact_stem
4,Pick up object,Subject.4/Pick up object/PickupobjectS4.avi,train,141,res400142.png,232eaaebb988b5515c794e30328053d72b182afa0fe4e34051eb1b18d7665e0e,8f9ea8ec33865305760fff76f9eb6c1def633744635b4ce377dee78d09768f1e,res400142.txt,fd5acde0196b3342161a79cc023f8760358ef18b55e355cd76e8d2f8e4e01ba0,0,nofall,exact_stem
4,Pick up object,Subject.4/Pick up object/PickupobjectS4.avi,train,142,res400143.png,6a0cb2de711612e2f2de339c06b3c66c5109c8132832bfd64d821fc9373b8430,f9ae668d9e65842f466cc3df513dd3c3011963b134c9de5f7bf3c03657d9975d,res400143.txt,c7cbd3c90cf7a2a017a25b90d1b5e0a08117e0e609bef051602ae08a73615c1c,0,nofall,exact_stem
4,Pick up object,Subject.4/Pick up object/PickupobjectS4.avi,train,143,res400144.png,904f9c00d1eceb8647bfc6f8233534c1e155bf21afbe1b82be12dc125eda1066,28fbab5c76d6a5e57624239b6e205b7b8fffa8404c5685554feed9a715c011e1,res400144.txt,76f5b3a2f8ebad048fc4b199e90314587ea026412ec35c3fc934007f76113b6c,0,nofall,exact_stem
4,Pick up object,Subject.4/Pick up object/PickupobjectS4.avi,train,144,res400145.png,179299ba3a5f27cd5cb5530a99bce48ae2edcb7868e7cf50008a8ae9d21adaba,11fde4e5b1986ea1f6ea25b61c7a128844c15c15dd885a37b6f71a6b32f05f0c,res400145.txt,3a29989a454424782aea0f85330beaf41052119d8753a7ea47e73f68a728d643,0,nofall,exact_stem
4,Pick up object,Subject.4/Pick up object/PickupobjectS4.avi,train,145,res400146.png,0d617b705ae177b1871283e6bb01317c013fd5514f1f71f9385e518b351bb41c,27364d46626c8b05230bc59642be6858182d1158fe1f4d428cf79145d609c541,res400146.txt,517e16b5bc6d97b71847bbeaae1497daf389be7aee91af52bc74c6eb9231d996,0,nofall,exact_stem
4,Pick up object,Subject.4/Pick up object/PickupobjectS4.avi,train,146,res400147.png,92a16531e12ae7f1cc71ec224618b4e0628926e787fb91f990cd01199ee22e09,f6f9a79343b5f94018a50edaec2fb36ae503a5b1eee39ff84069684e2fb328c7,res400147.txt,568a0ecdcdc3cf9ba112bf7d989a894c0a34b2f1b44a3272b26fa2608e20db96,0,nofall,exact_stem
4,Pick up object,Subject.4/Pick up object/PickupobjectS4.avi,train,147,res400148.png,fee16c9e9b78f057fecbdbdc86106d9223fee9e5c87997f555b5866b6b23353c,0c0861dc26ca4315e3a3f50f06c7e269545e26a55726c089d0c337832632d4f5,res400148.txt,29b290c2cc0c6644e99efa874a691e82480de71fbdf3f9b86825394d0a5af1d7,0,nofall,exact_stem
4,Pick up object,Subject.4/Pick up object/PickupobjectS4.avi,train,148,res400149.png,0466da576560bbccddd7c8e5d2fa5bc4744b2259940469d09a137bd8774cafaa,4db1d3281918ac034db12fc4ed52063910560bd176dcc78bdf64a8e436d6c021,res400149.txt,85622e3f652fe60a5fa5ee9261966cb273ecef59234d9764cf2660e0f3dc4dcb,0,nofall,exact_stem
4,Pick up object,Subject.4/Pick up object/PickupobjectS4.avi,train,149,res400150.png,c8905000d46804995cf11eb3aaa7fff65466d2ad04139b2135bd64730fec6215,18f9e0433e0fe91187434b41418248ec140f7fff477730d7d3f318df2ea3d885,res400150.txt,9454aeabd69759ec01717855f519ee4c23a23f09313595e41d8752ff4ec968e6,0,nofall,exact_stem
4,Pick up object,Subject.4/Pick up object/PickupobjectS4.avi,train,150,res400151.png,4e0546119a3116e0023e6f0414ecf452cad5947a8e8d9e566100d4d16672908c,2811f2a04f6746504be5e4a91f631320b4194ecb82688c74b623a0999f6f3f96,res400151.txt,62fe5dcf1d78abed01024b3bd95667d24bc17a9e7da71b719b11d88726beefd5,0,nofall,exact_stem
4,Pick up object,Subject.4/Pick up object/PickupobjectS4.avi,train,151,res400152.png,723870bb973b47ebe7ff8265d7e0af74075b827f18ab076948ed74129c9e226a,8be0906549cf50a5fbf0d781246047330a5f553bedb13a56246426bb9c812626,res400152.txt,188a4fd8a7dd8ca82cb752fcea545a65800c909712e758d3c715f3cf4e2eaeb7,0,nofall,exact_stem
4,Pick up object,Subject.4/Pick up object/PickupobjectS4.avi,train,152,res400153.png,7c811444bc04a3eb9f8dd33f5918d9ed5dfa5996c68347a980a9393316b6847a,3277aab76f9c9320478e3a467f7e42eb60c167df9840583b1f0726346cd04899,res400153.txt,42d47dac8256fb6e13c89df6609ab4b2a2f2bd17aaaf99f200f165849def6370,0,nofall,exact_stem
4,Pick up object,Subject.4/Pick up object/PickupobjectS4.avi,train,153,res400154.png,2476f74363ea0fa85023c9ed7c02234ddf6b0209541ca41270d88c0339890a87,6979a42aa1013295b9c84332c567f61d2b8ff73cd667d05b68afc136a48f50f8,res400154.txt,947707f64fbdb7a23987c56135c26030a5691e72bc7f8b4fe1e18e2acd5b0f24,0,nofall,exact_stem
4,Pick up object,Subject.4/Pick up object/PickupobjectS4.avi,train,154,res400155.png,3eb5f6ff02c05ec53fde6b7fe9cfad8780b7f71b2ade5311a178c55b3717dc8d,9a5ef62deff5052c384bc68b7a56d8461a8822bf88d8f249034ee74ad49466d2,res400155.txt,df5c75d4783b7920f82eb928948b7b8853130d4b88d646b3a742d5e99a19771f,0,nofall,exact_stem
4,Pick up object,Subject.4/Pick up object/PickupobjectS4.avi,train,155,res400156.png,4d8da8f2286e63b382e64eab4ded3d085d1e80cbc7c155e67ad04f235d639093,172bde296f2d653994851470934f3fd8a700f85de8ac4b81a33ba445fd13a5e8,res400156.txt,3ff419aba5edf07073f5a4351e39ff39cce64acd6c7065ae00fffd7650f4e7f0,0,nofall,exact_stem
4,Pick up object,Subject.4/Pick up object/PickupobjectS4.avi,train,156,res400157.png,a8f1055945db24b58f2058bb1fc9e6edac3b5645d838503ad88385ef3a9c7f52,6bc26f001af3711511549c88c0c9f46f91bac3410963ebbe2bcc526fef25caad,res400157.txt,d0874ad0d2a8c3e0d93d826b87f32f029e897745da0968e6a9a62d591a23424e,0,nofall,exact_stem
4,Pick up object,Subject.4/Pick up object/PickupobjectS4.avi,train,157,res400158.png,f36790810f532ed310ed58127503b3841ce6162d3cda2e9b737c909a9aa4c5e2,f19abbb76e7bffecba13b4f10a4aa0eeec9278f7527fc59f05be36adc46f2219,res400158.txt,3872aaf1c6b682adce1dd99929d1acd03353fa0316ea3bafd95d6236bb856c2e,0,nofall,exact_stem
4,Pick up object,Subject.4/Pick up object/PickupobjectS4.avi,train,158,res400159.png,0dd4bc3a1957700e58504f5c9710edf969bf9d7393141e433291eba87a62dc79,b6f012b7973260dd27d11d1f21bc4cdac8dee4ee4d3fdba181ae2ccf1717e4d5,res400159.txt,42ce060ca927e89ba1d42e9d78e9a2d55f2f630f28c30c268f51a3ad4237ed85,0,nofall,exact_stem
4,Pick up object,Subject.4/Pick up object/PickupobjectS4.avi,train,159,res400160.png,79a7883652395b1f6cb2e718a9423dbacff1e1f4aa1a5312d13adf315e08e925,c404dca213898ac1f0a7d813725abe3a90881c37dc7541f964c75fdfdf658be8,res400160.txt,737c3bd071f78777eee3a191e13973cf4802d589befd5c93f17905d587e438e9,0,nofall,exact_stem
4,Pick up object,Subject.4/Pick up object/PickupobjectS4.avi,train,160,res400161.png,a3a48372207415f37fe4e98d05e7f441f778ee81415adb602827a8d02f0269a5,348f3696ef78d030415bd96bffaac11a2ee94d778f18703d5ec2cebd2e486236,res400161.txt,e949578e8ef6520e8b023e858eb2fc088eb2904708e5a3146edb4a478c917db9,0,nofall,exact_stem
4,Pick up object,Subject.4/Pick up object/PickupobjectS4.avi,train,161,res400162.png,9f62b797b888281ad514185698d4963bac5051d7b7ccdfb5c9f95d18549785c4,e881857fce839192b490cc8216daca40363dead78a60391c6b488a7e0e8ecac5,res400162.txt,b654afed4e4360351d63fecf269c0e10cc336fd65d4483b601af6a67bc95f890,0,nofall,exact_stem
4,Pick up object,Subject.4/Pick up object/PickupobjectS4.avi,train,162,res400163.png,9d6467b5162cac96be92ad4ca95881543d835c3ba377aafafb68fa48d8d9acfd,a7be0b39b53b0abc562a57d0cbff95c02915640d9fef69cce1b2809563c444af,res400163.txt,96a096f6d649ca018462ae511b955e19817b4af50e421cda6fe20aefc1710630,0,nofall,exact_stem
4,Pick up object,Subject.4/Pick up object/PickupobjectS4.avi,train,163,res400164.png,097b9a508c3f6b7e17c4c348c1f6eb8581b2735eb9b464497e1c97dd8cb55fc3,1940af52b2a2d038a53ef3022ff0ed582a4f6032edbde5a87d2496472697a5f7,res400164.txt,c358596860d90008bd1dcaf0e04b512beb85a7c71b3d51febcce900caffacc9d,0,nofall,exact_stem
4,Pick up object,Subject.4/Pick up object/PickupobjectS4.avi,train,164,res400165.png,539873150221050f2912dcc225ac7e4019df05fce0370d39c5915e48e36332ff,d9ff3a36d211a1af46dd1d9be5bec7e0b3a2abadd736079f6272b90ea2035297,res400165.txt,607a721e2075058e99e3cb6fc58ec1d2b743d9461ca3ff0413141a914f3f015e,0,nofall,exact_stem
4,Pick up object,Subject.4/Pick up object/PickupobjectS4.avi,train,165,res400166.png,97a9ad7eb792e45a9f8aad0d70d77bb98679e30eccd513c822128fb69013a717,086dd17ab922ca47df5d90e47b59945cd9f0204e3c36803ba44dae1aba54a3a4,res400166.txt,da48104daadba4aedeaac9c51f86814a66300751139ce278ed0b49a30ba48e3e,0,nofall,exact_stem
4,Pick up object,Subject.4/Pick up object/PickupobjectS4.avi,train,166,res400167.png,3ca846da68e6db4a7b70aab3b555178b1a42a8db2b30c5df158dcb5a53aa84b8,7d902593b32865adb1b6345b28a2a1074d648afafab50b4ad1e4f94792d79769,res400167.txt,ff599d5105db764fb1af4943b860d3fe7d4cdb4afe520ec9951173c09334838e,0,nofall,exact_stem
4,Pick up object,Subject.4/Pick up object/PickupobjectS4.avi,train,167,res400168.png,8e4b9b11e396143f5c405629018cfd3ab92586231decbb16b5d6b896a9f2e679,f4d200b2628f15f26e6542acf6b0c9aef4dc45800c617b0049ae78fde91d7db6,res400168.txt,ea49048c72506a944eb875d88d3b4ee2def98a37120ecc05e38019ddb05b93a0,0,nofall,exact_stem
4,Pick up object,Subject.4/Pick up object/PickupobjectS4.avi,train,168,res400169.png,5e7aac80983b164e4dd9cc5c7060d215f67d56f89fa356e965d717863fd8c86c,c96134359da0fc843b5b4727dbb98adb82aac1348a9f78967ea0ad62300b3b82,res400169.txt,d6b9227d880e2855c0496280ce202098637ac4a45d2fb8c9a3bfbde3cca0f02e,0,nofall,exact_stem
4,Pick up object,Subject.4/Pick up object/PickupobjectS4.avi,train,169,res400170.png,0d3cb5ec55ecc90277fedf8179a4ca357fdd61744d051cbadc757b143e69a663,96f0a173dd5d6e1449ce4aae772894ff58c432c2835135cc663ff8f7844d3499,res400170.txt,f94c960891c22b0c79eca886447ff686049c0152ec31745b322a3a443e921966,0,nofall,exact_stem
4,Pick up object,Subject.4/Pick up object/PickupobjectS4.avi,train,170,res400171.png,0d3cb5ec55ecc90277fedf8179a4ca357fdd61744d051cbadc757b143e69a663,96f0a173dd5d6e1449ce4aae772894ff58c432c2835135cc663ff8f7844d3499,res400171.txt,d7ba9757bd4b285c9b73a7aed50a4f8336aced230037ad08c2da295e89d278ad,0,nofall,exact_stem
4,Pick up object,Subject.4/Pick up object/PickupobjectS4.avi,train,171,res400172.png,0d3cb5ec55ecc90277fedf8179a4ca357fdd61744d051cbadc757b143e69a663,96f0a173dd5d6e1449ce4aae772894ff58c432c2835135cc663ff8f7844d3499,res400172.txt,41213dc4455f719af9eed80f227d8133fade1cc6e1f18bb4141b03362f545289,0,nofall,exact_stem
4,Pick up object,Subject.4/Pick up object/PickupobjectS4.avi,train,172,res400173.png,0d3cb5ec55ecc90277fedf8179a4ca357fdd61744d051cbadc757b143e69a663,96f0a173dd5d6e1449ce4aae772894ff58c432c2835135cc663ff8f7844d3499,res400173.txt,ca2c49fe99dbf57a7ca75d2d0fbf95748256e79d2487e70e0093332053344d19,0,nofall,exact_stem
4,Pick up object,Subject.4/Pick up object/PickupobjectS4.avi,train,173,res400174.png,0d3cb5ec55ecc90277fedf8179a4ca357fdd61744d051cbadc757b143e69a663,96f0a173dd5d6e1449ce4aae772894ff58c432c2835135cc663ff8f7844d3499,res400174.txt,4af053976408c746a86a216fdeebde123a4c6941ab9d8523f7386cc94cf9056e,0,nofall,exact_stem
4,Pick up object,Subject.4/Pick up object/PickupobjectS4.avi,train,174,res400175.png,0d3cb5ec55ecc90277fedf8179a4ca357fdd61744d051cbadc757b143e69a663,96f0a173dd5d6e1449ce4aae772894ff58c432c2835135cc663ff8f7844d3499,res400175.txt,7a25e3fbfecacef9503c75d56870ce995e0f88fdf616c26494c991ddc5cae869,0,nofall,exact_stem
4,Pick up object,Subject.4/Pick up object/PickupobjectS4.avi,train,175,res400176.png,0d3cb5ec55ecc90277fedf8179a4ca357fdd61744d051cbadc757b143e69a663,96f0a173dd5d6e1449ce4aae772894ff58c432c2835135cc663ff8f7844d3499,res400176.txt,effd1e8deb6d65e7b798f12b40a7f19bf935300382cf3ca69a5bf80ff6b8fdd5,0,nofall,exact_stem
4,Pick up object,Subject.4/Pick up object/PickupobjectS4.avi,train,176,res400177.png,0d3cb5ec55ecc90277fedf8179a4ca357fdd61744d051cbadc757b143e69a663,96f0a173dd5d6e1449ce4aae772894ff58c432c2835135cc663ff8f7844d3499,res400177.txt,3b0f10fd74a8a8d0e5427a9c2ac25c23a87b5cfd2482289cc54f7bc60bf678a9,0,nofall,exact_stem
4,Pick up object,Subject.4/Pick up object/PickupobjectS4.avi,train,177,res400178.png,0d3cb5ec55ecc90277fedf8179a4ca357fdd61744d051cbadc757b143e69a663,96f0a173dd5d6e1449ce4aae772894ff58c432c2835135cc663ff8f7844d3499,res400178.txt,676eeb754f402bd8ef3c6c7b6eef0e5f7fb7f1a1a44a1e68fbdde5b081e8b09a,0,nofall,exact_stem
4,Pick up object,Subject.4/Pick up object/PickupobjectS4.avi,train,178,res400179.png,0d3cb5ec55ecc90277fedf8179a4ca357fdd61744d051cbadc757b143e69a663,96f0a173dd5d6e1449ce4aae772894ff58c432c2835135cc663ff8f7844d3499,res400179.txt,830839ae36c42c0a4aabaf3f3c2358498ae691d6a2954e3aaad2c99f763cb0e4,0,nofall,exact_stem
4,Pick up object,Subject.4/Pick up object/PickupobjectS4.avi,train,179,res400180.png,0d3cb5ec55ecc90277fedf8179a4ca357fdd61744d051cbadc757b143e69a663,96f0a173dd5d6e1449ce4aae772894ff58c432c2835135cc663ff8f7844d3499,res400180.txt,095610bd22eb83c09f16393d32fbb2608c6ae212af9994751f4c8e53132539b9,0,nofall,exact_stem
8,Fall forward,Subject.8/Fall forward/FallForwardS8.avi,train,0,cfs800001.png,766719cf0e33ad4e09ae426e2a9f5d64f89a862f45acea7153f50cd146940841,4beaa2e08de850397d8863a2fa79387066ffa4e4d8f46416cf477a8968736346,cfs800001.txt,46822b4dd858479ecb17991331c3c5b13a187909331c4892f22d305ea8e2d6f6,0,nofall,exact_stem
8,Fall forward,Subject.8/Fall forward/FallForwardS8.avi,train,1,cfs800002.png,947e60c591b75a651d97ab6efbea4d56021b8fe93e77dc1a0572f6d56d8f7824,cecea602e61e989d245964907a1ff01739b9a4f7cb8bacb59ad9f09593ea64ec,cfs800002.txt,c692464e6ba12cb1e0d45f810a105b14ab0846da503c8d55868773d9d8056daf,0,nofall,exact_stem
8,Fall forward,Subject.8/Fall forward/FallForwardS8.avi,train,2,cfs800003.png,c898e865371b4f669b35783ec503e187511067e2bf2305d8c6c80decbbce2052,4daaa6ceed6d8892a7bfaf1473b8260b9011a439101d03ba990e6866807675bd,cfs800003.txt,8e6392cf7643beef4e9b20b3da3891ae76e5c5a00be0283e16b8583dab8a6258,0,nofall,exact_stem
8,Fall forward,Subject.8/Fall forward/FallForwardS8.avi,train,3,cfs800004.png,a8a10558251f064fd5c0e3656c283863e0d1487718a1174e8a35b9fa7479bd05,d5c3613e137788bfa7c84976ca7608cb8419c7c689e97fe8b822bb24d25a8826,cfs800004.txt,e0297f9f8e0fbd7e7165f2cf6f5302f50957f00889e6dacc563ccb0bf897150c,0,nofall,exact_stem
8,Fall forward,Subject.8/Fall forward/FallForwardS8.avi,train,4,cfs800005.png,5dbb2903344a57ed78e5cf31e5907c06edf9b9373c7668c151f314ab096cb1a9,6f446e248017076a14eb23a3cf66314ff51c5e25266e1107b7e31337f668bcd3,cfs800005.txt,90e3ddab383d7d459f56d7115d91b76e23bcc2d7e1fdf3d342b5b088814a5d7e,0,nofall,exact_stem
8,Fall forward,Subject.8/Fall forward/FallForwardS8.avi,train,5,cfs800006.png,23e13a31aeb797f8202f651fbec8327f1c02f59444e573f64e040763077313d6,24f4e416fe8c6748cf6be03a5753a6e4f0b9a79e9b8c6940be0a64f2cf5407a9,cfs800006.txt,e2726f812a3d21800ed044230b361700cfeb0a66f8349d3bd3afebd13a362445,0,nofall,exact_stem
8,Fall forward,Subject.8/Fall forward/FallForwardS8.avi,train,6,cfs800007.png,d9e268981a87e8a24399eca6801df916de2a73ffc615959f3033e154abd0fbb6,1947f0c50b4d514577312ec6a15f8375344d1fc33c84eac0e9e0317b38ce9466,cfs800007.txt,8a52f1be1c3c07b5c7842dfc531479d7c346de11bf7c61ee4dfffeded9e182ce,0,nofall,exact_stem
8,Fall forward,Subject.8/Fall forward/FallForwardS8.avi,train,7,cfs800008.png,ac64090ddbe3d79c7f00a3e599b109b0179e978263c7d18418472792c1de16b4,9d5e56b059340cc46bdb9e7b1fb73f06e081900516872ce047be0b63e8405cf6,cfs800008.txt,e19a41c665fa5dc6e68eb472ba1c2ae7b407cd698dbac306eb03de0bd3c2a60a,0,nofall,exact_stem
8,Fall forward,Subject.8/Fall forward/FallForwardS8.avi,train,8,cfs800009.png,1050dfce5fd458c881770ab896851f87bed7e933cbbf83de9935423fe43f8e17,113d55ed8b9c479164f902f8ae887c66604b56533b943c322f5759da6903f640,cfs800009.txt,9d378f30f6d4eb5b2f008ff0929bb514e91085917b963dab003e48607542bb4a,0,nofall,exact_stem
8,Fall forward,Subject.8/Fall forward/FallForwardS8.avi,train,9,cfs800010.png,0c81c0a5abbbbf6dcd86f18ef6890e88e4f490c927daaa6715853dcf50e6ca76,184761f0e385f3cb9d00d0acd31adf295088077463ac9ef7915a278feae8e733,cfs800010.txt,ed371f627a5d45d22dfb18ab1fdb9bf2232bda6f98d2ea8d95a51af83c5d89bf,0,nofall,exact_stem
8,Fall forward,Subject.8/Fall forward/FallForwardS8.avi,train,10,cfs800011.png,6fb4f8b3b6a0ff38bba0c6cac363667ae50989b73abcb64bedf70f702b5a59b0,6d6d09d1c1a26b8e304825c2794049f871eea289df46e1627175786aaccd1227,cfs800011.txt,11dd79f950e4fb274fe92a4fe78286c161b8470a637da60c6eb6c0053b87caea,0,nofall,exact_stem
8,Fall forward,Subject.8/Fall forward/FallForwardS8.avi,train,11,cfs800012.png,66a6c597750118042cbfbc50ca97a984963c7f3233992cd49fee9e3a3cc5513c,6e0e8c647cea18c89c9fa9a28e418af114f9fb74647fa3c4c9b1488042a3dd4a,cfs800012.txt,e733ed5494389d43887c447741a43d2afa594f4a4c4a6947a30c8c924c77bb42,0,nofall,exact_stem
8,Fall forward,Subject.8/Fall forward/FallForwardS8.avi,train,12,cfs800013.png,2c844d5faa1d4da450e022cc3c4f4f61c9492100a4160d7a90cfe979244eb961,bebc09924da269c1a23d74a3c3ddbfaa26d558ee9ab4561ecbbf47108c2327e7,cfs800013.txt,8851e4e401326cbbf9b5360124a07332c1ecbac6c952eab03deacee3ba681967,0,nofall,exact_stem
8,Fall forward,Subject.8/Fall forward/FallForwardS8.avi,train,13,cfs800014.png,6ffa8b027c072e937f2ebe6ea4d6c0f02b33fe808a79e6cb16a79099a0b950f5,3dd07f4abcbf6d794d420a3cba44121745b819aa9d3ce4b95970f55c0e45470b,cfs800014.txt,5367685570f8fdf6a48cccd4c80c5cca22c1a5be61c438183e96d09a766648e1,0,nofall,exact_stem
8,Fall forward,Subject.8/Fall forward/FallForwardS8.avi,train,14,cfs800015.png,a09e82d4fa99ff4c60fbf72841d0a732bcf73d6ced79fce51b742a1d7a262ce4,41374c557d9a3030f98787f20a0f141381b428117510d120aa739149b43552f6,cfs800015.txt,b3ea371e71fa9c319f66607b9e17feedf767f137c72692c9d9bde7e655a5433e,0,nofall,exact_stem
8,Fall forward,Subject.8/Fall forward/FallForwardS8.avi,train,15,cfs800016.png,3e95974abd5468861b2009e1a2b1e5c77fc5d4704a12fbccd0f5b06e39176321,77906c3b99fd8ec10d4a9345b5e51cc096e4cb2edce7f193818ab061efcd8b40,cfs800016.txt,d5a9b65603d7b58eb1f6721a2b0c0519dc0c642c2122569985c78818c7ec1d15,0,nofall,exact_stem
8,Fall forward,Subject.8/Fall forward/FallForwardS8.avi,train,16,cfs800017.png,65c821195be79a911453aa5e862e6560ff616a9aa99e64d2cc24fd56ae658958,78cc76bc9b8e26c0fbce3584bf42ac56c8592053db7b20935cfc3fa2b863aec1,cfs800017.txt,19e8a57fec33a3cb5cf68a47aff36302e418fef50ae9dc412534ec774db7d923,0,nofall,exact_stem
8,Fall forward,Subject.8/Fall forward/FallForwardS8.avi,train,17,cfs800018.png,876eb80a2e501abc8eac60b8180632e7365cc55ec555e5411dabf5499711b05a,f48092f08dccd3ec91f2122e6b885db69db59c1e20fe8b457757b24543978456,cfs800018.txt,59a4d44fc0ee03eb78f74054d306cd4e89404850aa0e812e21d087d0b0bcd440,0,nofall,exact_stem
8,Fall forward,Subject.8/Fall forward/FallForwardS8.avi,train,18,cfs800019.png,b505822b55fc145c9c28d4b3600fa9180e4cc890baf9f6da223ebd93b71f3c0b,c24d05e136b43081a17141b17e43df85c55afb81db3d79259f5888d6eb8f9300,cfs800019.txt,f6f27516393c0260ebdb86f437c0fcbe2856326f369b2fb85d7e831771224b50,0,nofall,exact_stem
8,Fall forward,Subject.8/Fall forward/FallForwardS8.avi,train,19,cfs800020.png,cef45dfbd9fb5537fa006fbfd64d2e7c38ccf8aceb205c141ff1cff2d301ae6f,0bda6edccbc6f308a9169cd142a2329df7ee17329b4975b34726fa781ee28edd,cfs800020.txt,a8c958dd36ca7462794bd0b92645dd70b341271f1299f146a48cc9fead5e4a6a,0,nofall,exact_stem
8,Fall forward,Subject.8/Fall forward/FallForwardS8.avi,train,20,cfs800021.png,d69cdc7a0809e7b0b1f2c538318855ed1bb1592d185c84dc74e57a14201719f5,d3b195c99f61912bccd8adbdb5da8c749040c0406b1136a1a7099200a8f4fbfc,cfs800021.txt,7aae395d5ba9eb235c83d89385dd81be2c90f368c417ff89857511498aedc40c,0,nofall,exact_stem
8,Fall forward,Subject.8/Fall forward/FallForwardS8.avi,train,21,cfs800022.png,dbddebd04de8c8b41903908b8f550dd7b8227a423cf8d1dd0e5ea78d10e295e0,ef9ab1aa2dd87ce7084445e08c21fa00f56c8c867fb5a8fde647fadddf0e6ede,cfs800022.txt,8d67c86db3f86600c44fe829ac896afb4ad154233d21dc74455615ad78c5d411,0,nofall,exact_stem
8,Fall forward,Subject.8/Fall forward/FallForwardS8.avi,train,22,cfs800023.png,9fac2a4f95ace5c808de07800aab780245fa139c3d9bfcc27aec854081971fd3,a858a6842bbe49ebc86814fe0ec5be35e32063292fc218609400cdf987c457dc,cfs800023.txt,6b13de3bc33bc0a2f997d6c54a24c16b9512fe7f32ffad97b5ae6104c42bb912,0,nofall,exact_stem
8,Fall forward,Subject.8/Fall forward/FallForwardS8.avi,train,23,cfs800024.png,f7b23ed0bc9c42177478d16b58921043d786c05ab9be8e23b5d3985c3d09dca0,29ca00eee9ca131acecb6732518f5ec7b2cbff19c820290c3a497f327cd4e8e7,cfs800024.txt,0e17cc6cd35072072cc91b1888f8608734ff6eb42175cce5ded366ebbd57ea69,0,nofall,exact_stem
8,Fall forward,Subject.8/Fall forward/FallForwardS8.avi,train,24,cfs800025.png,ae5af1a109dcb6d942279a9d22e2eabe105043f840ea6b6a2a61874b4970a3fc,3a7568cdca261915f890093527ba44dc0ea46585e695c6ce61fd10a29dac6afc,cfs800025.txt,bd56a7474f6ab3be7c6e75c67becea5f8edc8a51c886cfa77fd81b685d3f8ab0,0,nofall,exact_stem
8,Fall forward,Subject.8/Fall forward/FallForwardS8.avi,train,25,cfs800026.png,0a559a1073f5521a6994dbe50eeefd58ad5ebcf6c456f01d9f28a49a2c1cd72a,84eae69a5fdb7dd2220e771cc829b6d4b9a88a661850aa495e1c24ec8f2a32cf,cfs800026.txt,effd17f649c4159718f15a3bfefc9f7ce74987233af856aec151044dedfde9b8,0,nofall,exact_stem
8,Fall forward,Subject.8/Fall forward/FallForwardS8.avi,train,26,cfs800027.png,61727c5bb95cc9dac6cf65eecd45c02a8ba11b66fa6e28da9720eb25e96fab41,6adcf8fa815bf7ec96d8e4884ea88cba777331e2feae1360dc7eeb2b31d1ef9b,cfs800027.txt,701a6eebbd3c5fea87ce82b59358f0944e1a2c02d39e46023b573009bbd0ec35,0,nofall,exact_stem
8,Fall forward,Subject.8/Fall forward/FallForwardS8.avi,train,27,cfs800028.png,a9eaa2e22ecacd33efc23d684f294b28703e207b23c64fdaa6eda89ad06430d9,e060ebfbf64225f343c1448c9e379e3bcecf5140e4d7b6784cb6c1ba8f8f17ff,cfs800028.txt,30e4faf0f9c450153b3ecafb4edae5ba71a5b7e94d7399e284a89811fba4e869,0,nofall,exact_stem
8,Fall forward,Subject.8/Fall forward/FallForwardS8.avi,train,28,cfs800029.png,5b28b88ea48959439cb60e632f56b69bb2a8c51e4400b7b87ebf8ba7bbd958ef,4ad070ca69949af07fde0b5d7e88b27bf872c10fbc6167b142ccd4118f81b843,cfs800029.txt,0abc37c63a39b256ad6728ac9b0c02658304b13132815dfd49d5f2b8e0b5341a,0,nofall,exact_stem
8,Fall forward,Subject.8/Fall forward/FallForwardS8.avi,train,29,cfs800030.png,6b5a720c2f17c49e067cfe69965cb1f23ea957c7cda902101cd7b14f8ad6ab22,cdf9a872395daf25bd94ba2ea6028c7822c23fa3972367fa2ea69a5b249d610c,cfs800030.txt,24431ea6e35de20fdb54931d821289fec28b33994be50a905db213fa302cefc7,0,nofall,exact_stem
8,Fall forward,Subject.8/Fall forward/FallForwardS8.avi,train,30,cfs800031.png,5f0c13f5ffe36a99c95c2a17d9a8d7eba9f31483cfa6d4c6956c9735f6a9e782,b2159df9e6dffb3b0b0dacf5a0695843518313b876a607d642a0f45f4e98353e,cfs800031.txt,75c4cfc7bcdf5325a1d6fe8fb09bc94104664c8f9a97cddbb4a9642c246025bd,0,nofall,exact_stem
8,Fall forward,Subject.8/Fall forward/FallForwardS8.avi,train,31,cfs800032.png,c5b7da810b91cb8147ecd7b13e152c202bb86a76494c0163ec95b8f22904a481,bd99878d1d7bbe5393c9a6bd247274393bca6f8552e01092198a16ef20c3f441,cfs800032.txt,5cc02e7aa66d96062f9de9c89bbadc4b70f438901e02089cf9ac91f19920060d,0,nofall,exact_stem
8,Fall forward,Subject.8/Fall forward/FallForwardS8.avi,train,32,cfs800033.png,1890ed87c0ac7e74dabe05b535bd115ad83a28698c1b65e6e675b4ae243b4121,bd02f1bfe1413fe20e502973d98a8323371f4ac104b78c9113255f9938770a97,cfs800033.txt,40d502b47ac04017efd5c3fadb489ce3dbf7bea88c624ffdea53945f1ba91988,0,nofall,exact_stem
8,Fall forward,Subject.8/Fall forward/FallForwardS8.avi,train,33,cfs800034.png,8ff4dcf56f5097d791b0cb00c7847af5b012449c2983e8cc4228406e4996ebfb,3052159b44dcbef971903e5a228a2f4bafdec14955ca2080c246de88e1c94d01,cfs800034.txt,961f054f22bd8dd521d68a1db4433768af3c4470254fe578d1f4f870439504b9,0,nofall,exact_stem
8,Fall forward,Subject.8/Fall forward/FallForwardS8.avi,train,34,cfs800035.png,cad9044a2a6787a079cb0f0b656ec9a2816a509e1c00296eff00aef5776d24ac,f63ffcd0011d01d1fc71e6f61e51ee5568061d810a97bf875df440c9a7a01057,cfs800035.txt,9ee9559bc30d9254b29dd752d083cf42ec800bfe7a2e429cf2374c7ac55b1caf,0,nofall,exact_stem
8,Fall forward,Subject.8/Fall forward/FallForwardS8.avi,train,35,cfs800036.png,9ce560c44cbed59a3ccef699b503f14d635f9336e1998d045cbec26372f0836e,fef8a50c3054eb388466fdd86e3c974379d4b8f8512982b5e5e13c0cbe00c7fe,cfs800036.txt,d59c24fa88f0c3f392dcdbbe8f38a3f7b18c0b76aebb6d418f82601207d8f3e4,0,nofall,exact_stem
8,Fall forward,Subject.8/Fall forward/FallForwardS8.avi,train,36,cfs800037.png,8514b1262ab88c81417f1d5df705071154e0824c6af304661d8c7a33a438ec7a,1bf4d3e363ead0bcdf990763144f196a9ad7c33e7dfdabd61dc68fbe502a27a4,cfs800037.txt,1ec02afb750d7e16dac4e83f08795e843ea7208f0c2f706dba2877cff5aa9557,0,nofall,exact_stem
8,Fall forward,Subject.8/Fall forward/FallForwardS8.avi,train,37,cfs800038.png,133ebe98157a09a65c548021e23913857914e55f94fb8aa93cd72fa4542e4031,c5c37ef36de79ebefc9fd9ff6c4307382b345e3ed25a5e02fe8984f8db22f0c8,cfs800038.txt,d84dbd8a0266b3450a48f55c40f37ee1a080631c48c6651ee7d0baed474467d0,0,nofall,exact_stem
8,Fall forward,Subject.8/Fall forward/FallForwardS8.avi,train,38,cfs800039.png,99f4b6cfb39a7ac4a0fd25bbf3ee5aba282f8306989a98acc2c893fe83f97fc3,de55ae0ab4665d3f5809ba867e69175176d25152cc7187c149f311ebf2248212,cfs800039.txt,8b47a3d58329299351a5bbe89db18e1e0cf1dfff4687b9cca59335bd58097afe,0,nofall,exact_stem
8,Fall forward,Subject.8/Fall forward/FallForwardS8.avi,train,39,cfs800040.png,49a2ed1ed14192d4939aa4f2e34cf9c9e9a9302c4bbdc32ef7fcc47b41f6a732,a5a0f09f7583a6aa1c304eb56c880761f0169d3c744db247a61f6d5363608894,cfs800040.txt,e09ff6836a6bcc4ad36996fab7aa10aa030b31ea0ebc9ee973220afae38b2be5,0,nofall,exact_stem
8,Fall forward,Subject.8/Fall forward/FallForwardS8.avi,train,40,cfs800041.png,c0364111d6824655fa82ed8cfec12033b3a6e365387c186003266a6b9c838b3b,c35803a44d7d578d85ac6ce5c4edb61f31017dd3881d25e4155774f6e4ccd762,cfs800041.txt,c66692ad6cc0a70bfe8958496b05ee11d2e4e1c6926613a863d2c4c239d867c1,1,grounded_fall_state,exact_stem
8,Fall forward,Subject.8/Fall forward/FallForwardS8.avi,train,41,cfs800042.png,6702c1b2bad6175cda7d8941d7dfcd1f79fcb49f9fccf8a6ff2be8734929c1d6,7370e511f091082fd510e798e5588a5d1b6f23c21cebb3cae5446bb9c54cc9c7,cfs800042.txt,5610dea13589423bbc1ba2562ae072ae59decc16c5f85a409b6838a3c9b013a0,1,grounded_fall_state,exact_stem
8,Fall forward,Subject.8/Fall forward/FallForwardS8.avi,train,42,cfs800043.png,5d6cb8fb363123cc955f159f5e39d44c18e5ac766e43556a4839cc98e3148d8c,7b639787661ee9551ed4c93875d8e9ddc6c3d6c6f5f5dc8e784b90e0c4ce6365,cfs800043.txt,58e719f896d9f7a776cd7c29b741d2b34615a3b2ac0ae24e667e123a4278e256,1,grounded_fall_state,exact_stem
8,Fall forward,Subject.8/Fall forward/FallForwardS8.avi,train,43,cfs800044.png,c1433ab5d816d26815962d5d57a29d9cd3673821324a30d602ccf12c25179b9b,f40897cecaaa8ff9282e84c50cba6404c3d389a8f9fa2b1cc978920c4b826611,cfs800044.txt,0abcebc7fe79e754de982c28a3d851aa3c289fb62401438c4bae940bcabf13cf,1,grounded_fall_state,exact_stem
8,Fall forward,Subject.8/Fall forward/FallForwardS8.avi,train,44,cfs800045.png,f86ec5363d14ea8295449b89642217237708aa6ec6c3c07bd6db5faa936a413c,7e13c41cfd6f06f355485ccec4d12afb1428b4ebd0023711e36202f1f9606c9d,cfs800045.txt,8e1abcbeb5e79981de92b84a221607cbd70a917274ab9799a713a813035a18c6,1,grounded_fall_state,exact_stem
8,Fall forward,Subject.8/Fall forward/FallForwardS8.avi,train,45,cfs800046.png,e6a2fede97e3fbc5d4943d88c1405bc1e9bb864d58ffd169657ddf8364d3ae7b,ed1013959e6197f94592c47e7225e367a13efc7736e9192bde61acea885222c1,cfs800046.txt,e390926e66f34cfd5d72b0e0f53060731f9ca6b6a0a2ca2c517231f949f5cec0,1,grounded_fall_state,exact_stem
8,Fall forward,Subject.8/Fall forward/FallForwardS8.avi,train,46,cfs800047.png,ceb6b8d69aae594229ded6d6787ac738c7c7c9753408876dd0cb65eebacf9aff,204937745f1274cf308d149ab44d52811419d5604ef06c2b6c08e80e18b89177,cfs800047.txt,08d6925fc579927c136a45fdac1a62ab988ad6cac71ee76448268abdcb466188,1,grounded_fall_state,exact_stem
8,Fall forward,Subject.8/Fall forward/FallForwardS8.avi,train,47,cfs800048.png,6b724af7952ea86d1c01da83aaa2f3fdca87e8ba24452ac384c2a2f6249e02a5,d4163c9239ef2ddeb0f64cfd38525c47f3b31fe991039fe0107a0b6eb47c449e,cfs800048.txt,b452e9d8f1ecc3b5ec972c8ded5334f2fa7f7945ef5f497f0ff9e554c6388274,1,grounded_fall_state,exact_stem
8,Fall forward,Subject.8/Fall forward/FallForwardS8.avi,train,48,cfs800049.png,0bb358dde1f8625b4d1c59d8215dd5c59abf902b9eeaee4689f6ffd7d4acd352,a7903b754fdb7479cd29fc0793bdc8093f68208fbadcfdd47df0ebbad1511aac,cfs800049.txt,79629925e265fc0080a5e41e466710ae1c4e6503c581bccff070aee80556aee5,1,grounded_fall_state,exact_stem
8,Fall forward,Subject.8/Fall forward/FallForwardS8.avi,train,49,cfs800050.png,17d4b4fd4c490c9a0307879f4246fcefec01943919116f880d91b91b06655761,942f4483d5662fd69021bb2ab825524ec969884d5d73b76aa47d1a21737914c3,cfs800050.txt,c8c5fda06701ebb2260c070db5eca00e98672acf420fee2fdf36fdcc408aa27f,1,grounded_fall_state,exact_stem
8,Fall forward,Subject.8/Fall forward/FallForwardS8.avi,train,50,cfs800051.png,32a93045b3a9e0e9cf9b03c78a6f6670f44dd3c019c345b8896888b115f1bb50,00fdb8cb07259aba81d92f760d32f038e119b968a21b97c2df507841ecefcf96,cfs800051.txt,e67f8c8553a46ee776a8ce7eb1650e86a709bed5e71e3c41fd794661dfad3a23,1,grounded_fall_state,exact_stem
8,Fall forward,Subject.8/Fall forward/FallForwardS8.avi,train,51,cfs800052.png,4e3a690b48f8d1462cd0f898e24dbbbf90bf486fba38e3ca018e8c24f3a7a427,4ff489524eb3a9bd0cf169794832fafa0ec13c49b9712b280cc2473ab1524adf,cfs800052.txt,416a50f081b3c3b3bae4da6e135e17f1198fe0fb1b7c13c7cc4465f08b6ff09f,1,grounded_fall_state,exact_stem
8,Fall forward,Subject.8/Fall forward/FallForwardS8.avi,train,52,cfs800053.png,59c1a63753aeec16e2868f102852074889c85e7bccb7440de42c777f91a1072b,b3c5e744b1ecef6ea63fa7b8392284ef1474143d8b8f7ff0553a4f023144cd63,cfs800053.txt,09f8b74733a08cccbeae8d64becf682af202ee458f17ee73bf07aae1617ca747,1,grounded_fall_state,exact_stem
8,Fall forward,Subject.8/Fall forward/FallForwardS8.avi,train,53,cfs800054.png,02f3668c44a10428da83dc1b2db4ae4d61a085eb0023f4872aa6d9c169ae4052,2a5efe17ade81f439b293f9514efc0f95b3ce4e2b693d8525363deb5d6c163be,cfs800054.txt,695466a5d05ef9cda58eff16f9b336dfa61aefc3354db40fb42cf21eb77e2575,1,grounded_fall_state,exact_stem
8,Fall forward,Subject.8/Fall forward/FallForwardS8.avi,train,54,cfs800055.png,6514816ca2109480e4082fa815179e290c56d99fdce3ee7136013ab0c8f94cd2,7dd73823f2676c6657fa621657f512a19b7b141d335f7a4141ff2355a901ffb2,cfs800055.txt,00af40c5781090bcad9a38d92e560c5a3dc0b4cd475389e5b7dd67a92e7d3e30,1,grounded_fall_state,exact_stem
8,Fall forward,Subject.8/Fall forward/FallForwardS8.avi,train,55,cfs800056.png,b3bafaf3b78b02bdfcf4e097b937b7d2eb3794625cacdf6bca7c4947b8753f76,3eb4f593d0a1bb6d135b5a241613a04fc1e6dbe896878f32731e7af681eaf9ea,cfs800056.txt,ac4604cd2d1318d61964a73afd755e1907718184e8f017649711d36965aada2c,1,grounded_fall_state,exact_stem
8,Fall forward,Subject.8/Fall forward/FallForwardS8.avi,train,56,cfs800057.png,54f3d08ca95c7b9e2c1affd426d529424ab8f97c364f6e3ec8283174c60918d9,18bdf79d9374127da89ed8552197ba043ad307328c20f24a0698f0e8faa3f72b,cfs800057.txt,beb2fb3e49b156ecfa57d5a01f183da0da1979c07a1c3f53a3ba395a3eb5925c,1,grounded_fall_state,exact_stem
8,Fall forward,Subject.8/Fall forward/FallForwardS8.avi,train,57,cfs800058.png,076d4f8e7209f1ee2f33dd06852fc549870e27f6f193b72e1dc331cb6134dab5,3b3302bcbd12cc1eadd0cc1f4817159864360cde38902cc15651b4cb744fda64,cfs800058.txt,cc54afe2139025548b4d96ee250ebc38eb27ac765a7e1bd72c75ce0e2f28263e,1,grounded_fall_state,exact_stem
8,Fall forward,Subject.8/Fall forward/FallForwardS8.avi,train,58,cfs800059.png,4bcc2da803db99ca14323925f5d9a514cf166634674e8404e02b9df3910c346d,5fb101f1c429909b82a32165fb7deb690d5980d66e4f7cf1641fb2a354f04df9,cfs800059.txt,214d442f9aa60dfc3559f302ce1ccbf309926fcee184c1854e59edba880c6a97,1,grounded_fall_state,exact_stem
8,Fall forward,Subject.8/Fall forward/FallForwardS8.avi,train,59,cfs800060.png,c0d6b061cc9ab4f52f7aedf38d2aaeeb19ecc54c94d9c899dc9c6b8ef338e4fb,11ec789f1c95fa14c99da257829ea62b8e7d675a441ae1e3b09f0fb929d32d0d,cfs800060.txt,23ac807c048e7687144c6b598c73203cb3d6b2248f59d38e05ce82dc7e7934ea,1,grounded_fall_state,exact_stem
8,Fall forward,Subject.8/Fall forward/FallForwardS8.avi,train,60,cfs800061.png,179ef3e58b3698108d8fb93c43ee7803ba4f72c8b907f8fb7bad3fd7fd929a7c,4304e24799f16f62fe42a9a3020c4cdf9e10c3d4f40c1e68246785396d6877f9,cfs800061.txt,9b50b1369e70eda7ef190b13083379834d8d5112331efd23913e2b5e6356f31f,1,grounded_fall_state,exact_stem
8,Fall forward,Subject.8/Fall forward/FallForwardS8.avi,train,61,cfs800062.png,72b19c220bb098261757d6bc2930f04f488fcf6d1eac3d8dfc8e5f75837d03d3,56e6a4ae64cb9059df97b96bae389a905d0dde83a53342dfad9ef6224736575f,cfs800062.txt,a5b67119cc0ff94de3c6f17a447efc2e0214cb59c82a33e4a4aa342a83a98307,1,grounded_fall_state,exact_stem
8,Fall forward,Subject.8/Fall forward/FallForwardS8.avi,train,62,cfs800063.png,96ad5a204b1057fbd7847d9a375061192d70622299cb1ab98494ce7699221f4a,014b4debaa3b21324c2d84267278fbaa35b806eccd3f81afca5a29768d5472d2,cfs800063.txt,1d5d59196f747bf2f7df5e2fb573399e567534d48b2130e79bd7d23ddea6ed22,1,grounded_fall_state,exact_stem
8,Fall forward,Subject.8/Fall forward/FallForwardS8.avi,train,63,cfs800064.png,d611538bc5a20184984c24f32c2f679dbea24b59605d60a4d58f69497d05fae0,7ec5fbdca555e5dedb267bcc87e1970dbba516b32769837747a66190296b7927,cfs800064.txt,99eaa8a0295c1929b3030e2097439ad82090539bacd08e743d1ac8c4d66bda10,1,grounded_fall_state,exact_stem
8,Fall forward,Subject.8/Fall forward/FallForwardS8.avi,train,64,cfs800065.png,7741c26d746468e8687c90b5feabf3ce41b811f9cf09c2cc56ffd987833ae565,b09bf162a5170a9dd776fea67b0519ebad6c4a959976bd7a16fb4a6a4c6be0d0,cfs800065.txt,ec65c1a9f67dd5caebd12eb98fdc9a663a55b9a7ac12075445b9b8de858049b2,1,grounded_fall_state,exact_stem
8,Fall forward,Subject.8/Fall forward/FallForwardS8.avi,train,65,cfs800066.png,d6494ba4c4bffd27abbc0935c2b7d3836f1d7aaaab588a4edd3984832d4189cd,e5a8d26e264b6934c3f2792bd3d29a0e0733c6edb3e8af85c34fb465083a6e49,cfs800066.txt,a033eab784292246d481b0675bf9df0d9f62c32dbac6060a1bca7bf99c999231,1,grounded_fall_state,exact_stem
8,Fall forward,Subject.8/Fall forward/FallForwardS8.avi,train,66,cfs800067.png,28ff43446aa25aee2c821345b0201a464701eeedbaf560b6118a1821cbedeed4,d52fe48aca5649ea7290976110a9a304315b0f570a35fba7ad11b9a019e83f51,cfs800067.txt,d7b7dd848811b7e875ab120d9034cafeeb5dcf178ccf3f3dadf37acd62dc446b,1,grounded_fall_state,exact_stem
8,Fall forward,Subject.8/Fall forward/FallForwardS8.avi,train,67,cfs800068.png,fc2a9e30354e87a3557ca9ebad7017cfd566450a5d8237db6a1b613d8f836618,ac22f7ac1f16c26f78b7989a775bc138af78a9bd19868dc1e92338fd19565d99,cfs800068.txt,fc9184696af51e9cdbf00ef326adbea162607e175360272b3fb2a28f061b1d2f,1,grounded_fall_state,exact_stem
8,Fall forward,Subject.8/Fall forward/FallForwardS8.avi,train,68,cfs800069.png,99c8f27c5f51379194588a411e48afde9dcc7300b831fafc9b1d93f8f2c4acaf,ce10c4e7dd72a6c6d7262f8771cbfff39153ee4de42ab11813660e923cfd73d0,cfs800069.txt,3c2f1e881aa4ac8d52a64fb74d2fa55a8b583cea9539b7141cbd132371fae4f5,1,grounded_fall_state,exact_stem
8,Fall forward,Subject.8/Fall forward/FallForwardS8.avi,train,69,cfs800070.png,df5fdeda3130a7199397c24dbe20a96d599445a541865485273083cb9fca6c02,9b877774b8a7fec7a52643ca8668bb84bbc84a113ecb1fcf95bdeaf28455bfb9,cfs800070.txt,1234eaaa6cbe2e88e2cc9c9ff72c77889071039402dadc6070ba2af579d99a43,1,grounded_fall_state,exact_stem
8,Fall forward,Subject.8/Fall forward/FallForwardS8.avi,train,70,cfs800071.png,e8f8a1620f3458b43f546728eee04880deeab3251427bc98301e04bfdbabc7bb,d4d36911eeae39b434119823e248b6111b654c804145943a3220e708e9bd7bf3,cfs800071.txt,ce4700a786a6725024426f43f62a7eda35d235934df032d28e510974d52f0717,1,grounded_fall_state,exact_stem
8,Fall forward,Subject.8/Fall forward/FallForwardS8.avi,train,71,cfs800072.png,df20d2e43ce589cd9ee1441cfbc28642b03be67752dc8275716bbe1bb009884d,85c872ff54e896e4a34014f49be44ed28b0d42594e21ced1974e5ad67c1b23a1,cfs800072.txt,91d271b026566ef1a1bd06d961744b4153d753489a3b04fabc3b66635a67701f,1,grounded_fall_state,exact_stem
8,Fall forward,Subject.8/Fall forward/FallForwardS8.avi,train,72,cfs800073.png,42a958f8db3e6b6e61f14072da47a97379488b1ab9d3c22d41f4e28a91fe9959,327336d88ce5faa2718c2ce8aff48dced33a52cdb806d3cfe6a868ed2c094b95,cfs800073.txt,9823f6d082543526fc54fd51571d5ce8ca68f6bfc845c95709efea986389c52b,1,grounded_fall_state,exact_stem
8,Fall forward,Subject.8/Fall forward/FallForwardS8.avi,train,73,cfs800074.png,62440c9915ff26a2c5a7c37cf87059431768e30b3cab960c323947987bda2de3,3e5457c165a6b3149e1a9b907f23a8303e78091e48f479c79f4776e2be58d373,cfs800074.txt,bdea3c02bf69f9e392575244574a2dfeae27127db413194882205140d71b575e,1,grounded_fall_state,exact_stem
8,Fall forward,Subject.8/Fall forward/FallForwardS8.avi,train,74,cfs800075.png,60005f64863e94cedd2c2280823b5b1ba452c7c7654f0c4f20c86d82531359d3,930c6bc0c6a7481e41cfa48ff97fd6a3e4fb03bf9f997d0f886a6c209684d826,cfs800075.txt,9b5a3c436dfeac66dddae0a326f20cb8ece9480658b2a8ba5a4d7f65fb4f65d1,1,grounded_fall_state,exact_stem
8,Fall forward,Subject.8/Fall forward/FallForwardS8.avi,train,75,cfs800076.png,51631cf72d7e5fb986b07273ce74038c69adb5b112e9703bb7d1ed83aaefed86,b091f65974559eaa0dfd1e1d22d9e5e3ade8464b9079a639692ee67bb0b0b3c7,cfs800076.txt,8e11514ba68056ed4938aa3435844e22bbd62251d0dd85b7e35615876b79c8d0,1,grounded_fall_state,exact_stem
8,Fall forward,Subject.8/Fall forward/FallForwardS8.avi,train,76,cfs800077.png,302524b2078ed99ac221df3602d41d7aa8bedf1d170f5257695f83ac98b4c421,8ee0cf5e409e79307dbe4b196e0916c6afede4166bc2a31d9a7efb8e65a5d9b9,cfs800077.txt,ebaab6fb12ce8bc5d24558313046a6dabda137a6a5d316a19bb11e01253deb7e,1,grounded_fall_state,exact_stem
8,Fall forward,Subject.8/Fall forward/FallForwardS8.avi,train,77,cfs800078.png,e0b5d2b13bc2b65da11578a5c5fe5c7d7de91d6747de59e5bc87c2c01db4313d,27d9e9455ff1160f42249fe078f9207496f235ec9bdedaba4dcaae579b3953cf,cfs800078.txt,c735a4dc73f4af8563b39d14d334fe0e430e0ff12bd27fd65345cce0d0f4fffa,1,grounded_fall_state,exact_stem
8,Fall forward,Subject.8/Fall forward/FallForwardS8.avi,train,78,cfs800079.png,5424f29943285c468be5e5508681e45ee41d9f004a1d01642943de9f26b59fab,9dcb2fcbcc420a245718dbdb62d18329f9417aed32d9e5bf8fa86dcee38d7da5,cfs800079.txt,2ce4354e98d2491980ee95e43379cc1a8ef0458a44515432763ab991aca3bd74,1,grounded_fall_state,exact_stem
8,Fall forward,Subject.8/Fall forward/FallForwardS8.avi,train,79,cfs800080.png,f2ab57494d79f80ef8ac209dad10f65b84ecccd6886a6efb15e5711b851b06c5,578958b8b4e5dbe57bfea802afbaaa0dd1348d242e1701e32c5678aac4fb7d41,cfs800080.txt,c532de7ce8049859f90f3c7af618889537f7f8035b25520ec2006ea85d31de68,1,grounded_fall_state,exact_stem
8,Fall forward,Subject.8/Fall forward/FallForwardS8.avi,train,80,cfs800081.png,cdc778128a092c916f12abd1335d0ba555077c124e0d206666e3277f41547ce1,4a699976d43f64b6bb5aa68da092bd65f984762e4ee361afdc828072e1538d0f,cfs800081.txt,a2666295d41a2a0088f42293beb6208278988ce906247dc206d61e7fe5c56ddf,1,grounded_fall_state,exact_stem
8,Fall forward,Subject.8/Fall forward/FallForwardS8.avi,train,81,cfs800082.png,a740e4767ea6f7eacfe4eef2c1ecef99f8d905eb2955692018498e9dd39d1e10,e39b5edaff644f0b48574e554a0854cc3ad984812c2af8235f300809d0797bd0,cfs800082.txt,4cc704e33a432860490b591245356b84d37bef7f8a021cb853e4571b53f6aaf1,1,grounded_fall_state,exact_stem
8,Fall forward,Subject.8/Fall forward/FallForwardS8.avi,train,82,cfs800083.png,77574293c4d452ef526eda57aab58b5bcb5adfce41f25efbdd25352e333cf6b5,78f6aa7c628b921b36d682168d594f812354a66b7eac3038d8a7457ff0327d65,cfs800083.txt,9cdc9f2e123fc28ab57d72a36be19d5b25b728eabaca4185562900144df03767,1,grounded_fall_state,exact_stem
8,Fall forward,Subject.8/Fall forward/FallForwardS8.avi,train,83,cfs800084.png,c42e326396a06cf36496eaa8e0e3af9fabd4d5ab8efab465d9b0d1dd8c17f222,c2b0690224360edae25cebd2315fee222a15c1f62870c7b077314a55037e40a7,cfs800084.txt,403f83d897c9a14b590ff7a48493e5bdda3add9498eb226e825baa524d6848b1,1,grounded_fall_state,exact_stem
8,Fall forward,Subject.8/Fall forward/FallForwardS8.avi,train,84,cfs800085.png,a7867fb11caee4596d7425a6c9e91f7343a1796b95fd883e092784101a251f21,bb01899cd8a3316b323220d4db12e682b7fdffb93c20a9cb4772f3d539a4c0c8,cfs800085.txt,698530c112414f36aaa9dab88cc3cbb530e1742a1a016b98fad2e76d2f8b671c,1,grounded_fall_state,exact_stem
8,Fall forward,Subject.8/Fall forward/FallForwardS8.avi,train,85,cfs800086.png,b7cd90932611fe6a13171cfcc12dd1644b8260e66815130f271866a2a78a4af3,bc55b5937f85612a6d2f605d8bdfef910bd4cf6a60f33d7b3d83797bb85a910e,cfs800086.txt,35739e0fc6c4e41153b85fee90cbb6ef1df2bd9c49c8a8f34624766dbf398d37,1,grounded_fall_state,exact_stem
8,Fall forward,Subject.8/Fall forward/FallForwardS8.avi,train,86,cfs800087.png,9d427b7f6f8bc957014a27648d825b327929252b59de5cf30c294825c1e8e82a,9b743022578f2535c94c177ee33410385c07282b8457590213ee84e71fc5a495,cfs800087.txt,72bbfdb56a73550093590dc1d679c1ee3668edb499d869fee14a6e5f9282e875,1,grounded_fall_state,exact_stem
8,Fall forward,Subject.8/Fall forward/FallForwardS8.avi,train,87,cfs800088.png,a2fa64297ade2fc490b688bdd6db3435c125177292d508e9b8def1764b4f99bf,f7d0d05cbbf205a435566ffd182c70e5c25141c2f6488cefc22b4e0d4b10e658,cfs800088.txt,fa5507a6888e128e90dacb1cf71ceb8b4f6b997065216e58261ae0fcea84f48e,1,grounded_fall_state,exact_stem
8,Fall forward,Subject.8/Fall forward/FallForwardS8.avi,train,88,cfs800089.png,46046bbe2a84aace978c6d3674f38608707c493f25220efeabf335e198b379ce,daa887aa2a2a2ec85ee458015d880253ccacf9817fbfb139e08e7be212758c7f,cfs800089.txt,d586ff649abb3fd5e50191defbdc0331acae7735723c2d0bcf03fc354c5146b2,1,grounded_fall_state,exact_stem
8,Fall forward,Subject.8/Fall forward/FallForwardS8.avi,train,89,cfs800090.png,6fafa93c219c4c9b26211cbe1b610c266b6a2b852d7de3b1b0c851035b304891,960c48ce097033b3a9ac544cd9fcbb2bc4dd2b46d1544c23ae209e272a34307b,cfs800090.txt,f5bc614ae2338734381bcd742c32db1c156559276ea8a212283c9d6c8f210681,1,grounded_fall_state,exact_stem
8,Fall forward,Subject.8/Fall forward/FallForwardS8.avi,train,90,cfs800091.png,2f220b4ea9ecbd3a4ec866f070a468cf41840b9d9e58a73f1958e53f3d0302b1,dffe4bf8d00cfaee029a43dc3ca4664d527e438f650cbe8d59a12859a4ae1782,cfs800091.txt,9b653d1fba0a3949d05389521a1d61e0b7ae6a805585740de8e4508017b59cfc,1,grounded_fall_state,exact_stem
8,Fall forward,Subject.8/Fall forward/FallForwardS8.avi,train,91,cfs800092.png,05330a7694644fbbc80710b797247df86399c8e1ec484d7bc0b9ff086d909b64,9733b157b7ad3526aef22a35a27514359ff326309438e58b8b57429bfb0bfdab,cfs800092.txt,b5a0ab6c20a0fd97e56c13d4036e30e725649d4666933c75e2b684c5f502ed79,1,grounded_fall_state,exact_stem
8,Fall forward,Subject.8/Fall forward/FallForwardS8.avi,train,92,cfs800093.png,58d69749c610fc20729d2b7264e57e6ee11c510295e81c0a072ed23693dae470,5a05625e3ba9f93d2f67d8a48e647181a302755a022eb218a072d610247324d5,cfs800093.txt,e6b6875e1e01bdb2141ffaab28008f64ca990ba4601bf5fcb742910cd9a4870d,1,grounded_fall_state,exact_stem
8,Fall forward,Subject.8/Fall forward/FallForwardS8.avi,train,93,cfs800094.png,546cc014242fce1192c20c2b2bf84233123d2419dc8dc49c062332f629bafad6,e86f005b7c9550de96ce47cfab3d8fed60d74589a88c452d6c63d0f73612f464,cfs800094.txt,160aa12ae03747d6a0fc7616c2760f6b2bddb4f6defa76cc23c4c3931ea34e02,1,grounded_fall_state,exact_stem
8,Fall forward,Subject.8/Fall forward/FallForwardS8.avi,train,94,cfs800095.png,7d8e901980567652df972c415814e0b7528fbde04bea05f8398fc36111bc8e7f,a3996d62ba027aadebec069648a4f3bbc657166c2910a4b7dcbd56267d4571b9,cfs800095.txt,86b76c74e76bf52e515b891c8e63e4ce8b5712376ad90bbbd79667eeacbf9b56,1,grounded_fall_state,exact_stem
8,Fall forward,Subject.8/Fall forward/FallForwardS8.avi,train,95,cfs800096.png,f06248be32183e3f47cec4cb4f9754077cef061b9b36cb2884fec082b0e47cef,0f3fecb7519b27523962c70f0e7085ec6dd8f950ddca6adce411d7bee1184443,cfs800096.txt,25caa94b6a0d7beab2b0e98d484c174d6c9c0ed9ac979c359be1ddc736ec6d5f,1,grounded_fall_state,exact_stem
8,Fall forward,Subject.8/Fall forward/FallForwardS8.avi,train,96,cfs800097.png,7e78b25714c6d478a1e44cdf02ff5599c3f0185448fb3003ff8480252f3b1681,3582e82a1e73e307277993d3abd042f6b18ba8944f65f8136a1523991b52b84b,cfs800097.txt,3c88a688b47d0da9d7f98949a2b2b304644abfe72028b5778c04e69437fd5c5e,1,grounded_fall_state,exact_stem
8,Fall forward,Subject.8/Fall forward/FallForwardS8.avi,train,97,cfs800098.png,cf2ed69ce41075f8e884d61074bacda36dc0c834e5e653b4f899e528625d01be,cf0e0fb130c979752404016e205150a2a4437b2e6e344d5a024c4264ef25da55,cfs800098.txt,e47c4474ce4a8100e59e7fb5a5315fe06b73a1f775500af1ee10427c0907ff13,1,grounded_fall_state,exact_stem
8,Fall forward,Subject.8/Fall forward/FallForwardS8.avi,train,98,cfs800099.png,b9dced41fce497d5d0eadb400124cd7ca07ca70a02832eb0588accf08db7bba7,8cb66a78f9285c6c44e7115da5b92c951ecc7276a226235dda64146112c6805c,cfs800099.txt,b896012b9d0fc5429a7613ba6ee80fd4f278e26ae6e3421ad15213407619e65a,1,grounded_fall_state,exact_stem
8,Fall forward,Subject.8/Fall forward/FallForwardS8.avi,train,99,cfs800100.png,1634e75f21d43f1ae24c01e7c533d1ea744ff9667d0e9663814346a222a4e4a9,fa2b3212563c39b805838ed66a752b5c293af1cfdddd7ed09749201ce6747c65,cfs800100.txt,8b1c700261c09f6eb533dccd84a8f0695535f796b0d515fb748fb4392392db28,1,grounded_fall_state,exact_stem
8,Fall forward,Subject.8/Fall forward/FallForwardS8.avi,train,100,cfs800101.png,2625094de3a2d12928c311e7396e528e3c4610e8240dd52b921f016384fb2906,958c40133ffff9e60c020759b5a40654c6248b38a1e8f9515437d6dd169d77ca,cfs800101.txt,60d12ab32f938f12646cf4d262dc30a553c3434360b20dd5be4f8f5d3b668bb2,1,grounded_fall_state,exact_stem
8,Fall forward,Subject.8/Fall forward/FallForwardS8.avi,train,101,cfs800102.png,91057aef0da2dc40739f94b2722e8653e9c560cc8988b04d16d4561d2487523b,d901a3f89c7973bc4fc9720fc7c5ede5c613c4927cc48a2b9728ea17aa71e754,cfs800102.txt,b6a991b74f46bdcb9b77f0c71fc76ff2da2e9723620f077d2aae43b4a51b2ef9,1,grounded_fall_state,exact_stem
8,Fall forward,Subject.8/Fall forward/FallForwardS8.avi,train,102,cfs800103.png,3fc40a9c1b9ac41dcdfb43646c75374f9e513e30cdef50baa35e7a8cf134de38,1f6376030c740efab09a92804785a97937800cbb48cda9a2350d49efe437d10a,cfs800103.txt,a2dc3758c759d7eda49e0ac7a46ddf415e7d70d1a427e9f3586dfa12026bb203,1,grounded_fall_state,exact_stem
8,Fall forward,Subject.8/Fall forward/FallForwardS8.avi,train,103,cfs800104.png,184bf0710cdfe5afca72c5b5201013747d9883badb406c94ebd85cb676a28d1a,5282a9b357e1a9eea31b6690415c6dbcdc2c25adb3c4f3069f7f10e24ddfdf23,cfs800104.txt,8d348658f6a0bfe0a8dae4d7da22de8e2b5316f92412165fd8edf23c84cabb50,1,grounded_fall_state,exact_stem
8,Fall forward,Subject.8/Fall forward/FallForwardS8.avi,train,104,cfs800105.png,0a9abc98d9dcadb99d4812244909bb4b11ecbd9ce650eacbdc9396c028f3568a,3669b1ff70864bb2c70eb6afced1d43d5033a099058a0c43a1f855934c5f5a90,cfs800105.txt,59c42e9a1b2addf95a034e0191cb610c00b5cbac6fd61527dcad3172f867ffcf,1,grounded_fall_state,exact_stem
8,Fall forward,Subject.8/Fall forward/FallForwardS8.avi,train,105,cfs800106.png,075169915220f2ebde0e71d4fa54764c48d6c0d4c70bb0640355553890371bbf,f7b044722bffc3469f3ade82f6828f8d34c18624e7e8a3a5f76d37a6514a4e74,cfs800106.txt,82870af3cd657aa5ec77710344831329ce2003f0ed04c834a85e14bfa4b990ae,1,grounded_fall_state,exact_stem
8,Fall forward,Subject.8/Fall forward/FallForwardS8.avi,train,106,cfs800107.png,15ffe7f8f7372d9c703bae72328969a62f862dcde54e46f24a976f8674aad33b,0d66ee41a90c2259f938e3d327685dcd21f6898acb0313f79f78feebb9e78993,cfs800107.txt,9a5dfb88b1d8816685ef0739d54379a60ef72c10c53d1d84be13dd67d44465db,1,grounded_fall_state,exact_stem
8,Fall forward,Subject.8/Fall forward/FallForwardS8.avi,train,107,cfs800108.png,71476536caf902a0ab01f458a0a36c077d9575efd6b0e12a7378e93e0a6c93a8,8118baebcead45d5d063b09bd2008f8fb720b41cef59eb068c849c8b915b002a,cfs800108.txt,ab32c38990d89532556be17c185f41d11f8746477c44c4c6d82c7674e85ba9c0,1,grounded_fall_state,exact_stem
8,Fall forward,Subject.8/Fall forward/FallForwardS8.avi,train,108,cfs800109.png,a916f1a78b67bf1f8c746ce1f97f1029a6e2720f7ce3eb4404397a61443b174a,41320113792d72e1a0d3882c5547362749ca1bcd0d97448d41bb12d0addd0086,cfs800109.txt,06908fbca143730e90d496be39934dadf4b47a1cf99f0ab8711ae923f350f698,1,grounded_fall_state,exact_stem
8,Fall forward,Subject.8/Fall forward/FallForwardS8.avi,train,109,cfs800110.png,aa84f9288b8d5396f616562aa6f155df94be8885cc23a3e45527379e61eaeafb,4bad08801b91fe2403ca07539edba78f08f9568092e442bd9ee7b0cafa5a5cd1,cfs800110.txt,cd4f71174ec309a9e7c2e52e613980a40b25853ca0b0e2441fb13058a78be347,1,grounded_fall_state,exact_stem
8,Fall forward,Subject.8/Fall forward/FallForwardS8.avi,train,110,cfs800111.png,da5a9ca75d332a1ae54579afba3a9fe7e4cc8e266e1996f9e049b377bbe412f6,dd243bb4b1d39eecc247fb7e8c6699912f51735e9e23cad2185ba3b1eb72f137,cfs800111.txt,d221ca5324f40e7c7e844061a9a342ca9180614011a42e2731b157ee0f78dc30,1,grounded_fall_state,exact_stem
8,Fall forward,Subject.8/Fall forward/FallForwardS8.avi,train,111,cfs800112.png,05d7e90327252e529c6f1cd1b367a7982b6c36b5aef8313444e7cb2e2a80ff83,d91cc5854b844064da78e064871248f8d732e4246acfc716bf9a237ecfe0b1df,cfs800112.txt,8ea8c008c8b158a484e88fd84cf7469ac669b34e275ced277a8d14d2a4e4d3b1,1,grounded_fall_state,exact_stem
8,Fall forward,Subject.8/Fall forward/FallForwardS8.avi,train,112,cfs800113.png,e861f27c3f491ae234ad1501941e1017b8d20e39b593580d8a2627eb4a1756a1,6d42aac38efee31d5171d246613ca7c7e4632ed34303809ee69242342dcd879c,cfs800113.txt,1a9926353b773ec94c89ab9057bc7474dada0ad20531d480b446a11ef0ab101b,1,grounded_fall_state,exact_stem
8,Fall forward,Subject.8/Fall forward/FallForwardS8.avi,train,113,cfs800114.png,e8ab2973d730d6d3d826cfbe5ed52da5692e7b8da9cb98cc7ef1463916ab4226,6bba71189da6a76ac05db41353dcc6133a488abe1839fddb2623614032014ff8,cfs800114.txt,652c151e6358f4a39be0ea6f27d59549890d7d92e7e84a1278b05f57a84fe8c9,1,grounded_fall_state,exact_stem
8,Fall forward,Subject.8/Fall forward/FallForwardS8.avi,train,114,cfs800115.png,0cec24ec78f163907bae74fd8e1b69215e50f7bdcbe2fd1cee308b97f3d214e7,dde6920b9282603d5d94a166eac45a3ea1b95b6cd511363fcb0770a7f3d5810e,cfs800115.txt,9205db44879fb51a4e6a8436710ce798c55e822ddb337bf7345d24f4879e2a48,1,grounded_fall_state,exact_stem
8,Fall forward,Subject.8/Fall forward/FallForwardS8.avi,train,115,cfs800116.png,953fb985fa90812e4758491dbccf6269c51ba6aa268d5102082f40f03f60e4be,799973594870864fb9bb71aed03b6fcf86607cde5c5a1f361eb3bb84a1c3da82,cfs800116.txt,313cd9d73b41dc371c2a435e6c0f5fe45e00f4e9ad1378143f7ad3573416c399,1,grounded_fall_state,exact_stem
8,Fall forward,Subject.8/Fall forward/FallForwardS8.avi,train,116,cfs800117.png,13631e42267a566a4160c1441fcf56a50ef5755bffeb006bdcfa1eb3bd4b132a,94cd56bf24fd7390c54c6dbe19e1b5f93d7a298a6f67882424dc073e0e119daa,cfs800117.txt,9b998877f20b625a296c3d0495fda9bbed8d2eecbc42af4aaeb55b3ded51fb03,1,grounded_fall_state,exact_stem
8,Fall forward,Subject.8/Fall forward/FallForwardS8.avi,train,117,cfs800118.png,a2d9217342f35458d430c803d249f3cb702fe393ac29017d96a25c57f605a451,21019e7cd152cd25ecbc1a13a4e7477de3d8992cefe3078a30ffdf18522d78b3,cfs800118.txt,8352dd8932bef27d61b01fb49796f04e35ff6c7ce90ea4fe979bf4ca9f9b9417,1,grounded_fall_state,exact_stem
8,Fall forward,Subject.8/Fall forward/FallForwardS8.avi,train,118,cfs800119.png,276b88ba409467008077f8802ece3fbf79243a0add9aad4da6ff4e3762db231b,8e71bffac36fa339c6e40ebf9e363f54463662278bc2722f8aa4d9bd782749a6,cfs800119.txt,d66240c0b9549f7a4b1da9332e9a3d310cefad1db837a3b51806a361439a5da4,1,grounded_fall_state,exact_stem
8,Fall forward,Subject.8/Fall forward/FallForwardS8.avi,train,119,cfs800120.png,05200404e25e1dfea07a9d47569b894404cee91ffc2a3a82e0427f312fffc2bf,ee00d900175c3441f04020897299ab7bcd7e34ececb89bc3f4261d55b6e1f28d,cfs800120.txt,72b206792de2dcc6f09e22a37e70306c38c025ec998e7181a92dfac524aff944,1,grounded_fall_state,exact_stem
8,Fall forward,Subject.8/Fall forward/FallForwardS8.avi,train,120,cfs800121.png,816fd561ee4a8728fb31f0f1944f18c2af359365f21828a7bc4529adf96d860b,62b447e3eb7d5f04a5be8d2d732669f4243f83afae2bd6687945cfb313182c07,cfs800121.txt,928cbfbbdeada760bef3c101711df79cb29a578082e3c3e27f57f1d9da74067e,1,grounded_fall_state,exact_stem
8,Fall forward,Subject.8/Fall forward/FallForwardS8.avi,train,121,cfs800122.png,d4bfdc649a4c9896f8d754407520496e6783963e3b72b9e5b77ecbaf50fbd85e,48bcad729321b1cf918aef214c17cbec0a602ea5225d33e8ffaec0996c73a4c4,cfs800122.txt,1599df45c7b2b4c7477f8aeb3b0f9d89f5bad222766009d6e5ddc1314abfa0cc,1,grounded_fall_state,exact_stem
8,Fall forward,Subject.8/Fall forward/FallForwardS8.avi,train,122,cfs800123.png,75c2f7e445a7df05bde3d8185d1f7fda4316f2e9fe20e1512bdab4461e2353ac,e0fe0e4348b268c66a3700c556030dd97e01cb7f01191760d0f6975965bf5116,cfs800123.txt,a79cc801d5f7f6bb432ff27603c71b64dedc6432883f986e63a296a7b7c57bc7,1,grounded_fall_state,exact_stem
8,Hop,Subject.8/Hop/HopS8.avi,train,0,sals800001.png,0c399e4f06c00fe5569ea37e153a2c159a7f353f0940d5e2cccfb8bc5201df43,7e3a2dbd65c8c8d6f351aefe04245beea8e2cbca9e7c4bc3c70207ab1578b47f,sals800001.txt,c7836fb19c1e4e6b847fa6a4246325473ce0a748b60439281089b5525dfd8d85,0,nofall,exact_stem
8,Hop,Subject.8/Hop/HopS8.avi,train,1,sals800002.png,aff76e6d19c8706263638dcf92af63450ac7f4beb939642ad50e5f8440841142,717776d69536a27f61a533820c540231e5a6007cb23e8b3d6b03a43c33078aa4,sals800002.txt,5ab7d9f0c098186443bf30d5d231080f9552f05c69b32eeac310a4ddafce4103,0,nofall,exact_stem
8,Hop,Subject.8/Hop/HopS8.avi,train,2,sals800003.png,27dcf3faab7235c5bade9a39290f698e72eb05b374000caad88347812659490f,2846eec3b430c9f93967606a871e42ad2ce4eae6f92129a547f875dfd59087db,sals800003.txt,035037fd478cf12a9653fdbec19742bca23ccf6da5cdb1fdb48835dcdf5ad5ce,0,nofall,exact_stem
8,Hop,Subject.8/Hop/HopS8.avi,train,3,sals800004.png,e7fb5e2026f2b2108f273633048bcd376afdf7cb4dc55d5a889f21a5a4a0ac28,f32007cf0496c5a9cd49f2dc9120379d2611c20bfd6a9bf50d38518ab7425f64,sals800004.txt,9b371404a65bf84a203e15e852101fdbd85a541362301ea10538a1bc999a418e,0,nofall,exact_stem
8,Hop,Subject.8/Hop/HopS8.avi,train,4,sals800005.png,43255d151dd5492f397e46e563f2c4139c9d2766f8980711fb106962ef15f0f5,1d3a3dc4c91206d7befe3aac8ed6502951539927cda1263d51c460cd91d08619,sals800005.txt,504179a08b87e36a021067439cc1f30e6b7c6801564cc32072fb084e69928908,0,nofall,exact_stem
8,Hop,Subject.8/Hop/HopS8.avi,train,5,sals800006.png,8c5e93e559ed9d0d08b217a047c5fd241822c8e03417b54f75acb4e4c624fb83,13a61564bc17f4d1db0894b36293aced205cd55407788c42d60c51ac8baa1e03,sals800006.txt,3ef3f97fbd830f6f735c29d76c7175d079dd8bddd2eb63d2250e7230b38542bb,0,nofall,exact_stem
8,Hop,Subject.8/Hop/HopS8.avi,train,6,sals800007.png,0a7173572a7badda447830fd26da229b07c48b5282fe2f78c91bdadd7b5d8fdb,91413d3fe568d7951c7f387cb9a4e01dbe440c44d017c6e650a5549b10a1b9ca,sals800007.txt,2fcf5cc68979fb6bfdc4268f71e54aa7bc596a6d0ec1fb49bd138e569e65f968,0,nofall,exact_stem
8,Hop,Subject.8/Hop/HopS8.avi,train,7,sals800008.png,48daaf02b57f91d6efc4928f32d7eec6b260aa03e2df372b112e581cc0903878,bfcd17d5af51d9bbc9e422c9266635be791c78d249d048bf0d36941e90ddb3e6,sals800008.txt,ef4134cb3548549a7abfc0c44ae53f36c93cc3ed5a35634be5477c69a4003f98,0,nofall,exact_stem
8,Hop,Subject.8/Hop/HopS8.avi,train,8,sals800009.png,404864c3eec9adbb3f467ef96e901ce7fb11439774976a271982d21691d175fd,45119acc4c02e48b24d37980e8a2d7fedd5fe8a062a46b613e5acb625fc064b5,sals800009.txt,10b0e9a21ab98b203b8a856a045e3c551aeab33c3318a6647b4dcd64a1deb68f,0,nofall,exact_stem
8,Hop,Subject.8/Hop/HopS8.avi,train,9,sals800010.png,6677cea7bb2310b102323a865360943fce1468e623e5a0e0aea21b74dce79825,ebf7685a853b6599ce569bd64ec008f584f0bd848268d96ffd3fdc4ecd96ef54,sals800010.txt,bde257bb5f20976e1b9ef02dbba71ab812ad8c574167256099781ee478768770,0,nofall,exact_stem
8,Hop,Subject.8/Hop/HopS8.avi,train,10,sals800011.png,f2c977af99e417c88011e5b65742b33162611d4b87178e2dcd702153c239f2b6,81bd4a752167e2d3d42869bde3a3010413cbcb10c26761253110cfe3795b9e84,sals800011.txt,aedb6ad96d251ddf952b04d74f6a409952391ac0fcdeb1376eb069d05cba7bc3,0,nofall,exact_stem
8,Hop,Subject.8/Hop/HopS8.avi,train,11,sals800012.png,037e7452c513313a64e51589b4fc088b4ed9fb95e4f4d388605096ec2750a095,9eb660bb65d3492aedd4dbaf17d039a0b1384bdcbe14e80efc910c61dc679d2f,sals800012.txt,56c9f6401854ca789701be769430403b73b015c8497bae04ffc7237e759e4671,0,nofall,exact_stem
8,Hop,Subject.8/Hop/HopS8.avi,train,12,sals800013.png,9a667c93a4357d090e5d7c1b0f1f82c8cb5d3912e6ac505e3ad347b0ad4ad5ff,0e08dc8b8e38cf2eb735596e1a0999cead79b87c15dba0a57326d7c1bc6ece08,sals800013.txt,7a04864416fe31d935603c2ab326a5c09aa9b6be9e673a24ffb6ff41d698ac01,0,nofall,exact_stem
8,Hop,Subject.8/Hop/HopS8.avi,train,13,sals800014.png,49f9b45b03bb17a6227a611ac91b9733dbee56824633f5d822844112dff67d38,0704deeb3bc541f8d55be8e445e476113b91b4ad8206db9082d6562de35de885,sals800014.txt,f609ef08a30c94baeb00ca25e303c2ca69991b3f884357d5b64d930307856715,0,nofall,exact_stem
8,Hop,Subject.8/Hop/HopS8.avi,train,14,sals800015.png,f1d12404417c83e44eec6f7ff82d0beb751ab262a9d597fd9709a3f32eccf633,f7cafe2fea939abf5f3e07bc7b7d99b750fe46e29d689f1e69204546c4d49474,sals800015.txt,8f7dba698a36ce5586409834f16ae58aed33da42e12d2cd828f20a33375e106d,0,nofall,exact_stem
8,Hop,Subject.8/Hop/HopS8.avi,train,15,sals800016.png,7dde9b28b43b77586f9108acfe053e3b2b64c9420399b69890b8ef73442c0878,a3939b1fef8808aa687aabcb839f33684708183da40494ded88d845bde4bc17d,sals800016.txt,9a3aae79cf95a6929b7c578da760e148057fe476bc9aee54323519d38f3c2b06,0,nofall,exact_stem
8,Hop,Subject.8/Hop/HopS8.avi,train,16,sals800017.png,09187fb06304aac1e2a1c0cc541f9812d4a7e95e5261a506ab5ab905be9d0790,c3daee8e05b7cc053e3525b10a050d754302abc0cb8e5581a3815afe2b8e3988,sals800017.txt,6b0ac2b561b84023eda237e6b3f1a8a3517a4b0e78658bd1bf11473ec0ce7cd4,0,nofall,exact_stem
8,Hop,Subject.8/Hop/HopS8.avi,train,17,sals800018.png,91af7087f0ee15a16eda3de0e0dcc13523eea75a4a76dba246dc7a0d2ff76c20,3806eab61205de0c5c7912eabbf2de609ed88e44966295b9f5b3fa14428833fc,sals800018.txt,808cb3542a5f7cc430cd12f6d63d891ab1bf414f1322e637e6ef0c76d8e8bf7b,0,nofall,exact_stem
8,Hop,Subject.8/Hop/HopS8.avi,train,18,sals800019.png,fb1f30ffabb7a02770f929f22b9075b156122c0bcdee9ec5ed292ea368c3af6d,df488c3223dc9e507255c1c8011cb30fba19b233503903ea32e989f91aded757,sals800019.txt,61fdbcb23358c1e11bb2ee2c5c387b584255cd6e553c34ddb137ea3137e04cea,0,nofall,exact_stem
8,Hop,Subject.8/Hop/HopS8.avi,train,19,sals800020.png,34d188a8dcfe7f1d1ea8fa6bf7dcc3be36370cc23969fd5ec062422ff9d4aeed,ba2a237c809fa5eba556535f165ae156692977f58704a313cd75685ee93793fb,sals800020.txt,e4ba5759c0a802b36a037479673729b79bc8891ecfc896f03702b449b6e0cf3a,0,nofall,exact_stem
8,Hop,Subject.8/Hop/HopS8.avi,train,20,sals800021.png,5635b0584f9ba2f011bb5abf7834bd2a46a461f4aa574f49ffd81663bdb40c82,e6925f1c0df5931f705420c94990e2a964cad8a6ef926f48e7cbe6123068a980,sals800021.txt,4174e2ca636d395f1f4d1cfc0747fe0bf0ff65eb24b3b55c13c0b6348b20055b,0,nofall,exact_stem
8,Hop,Subject.8/Hop/HopS8.avi,train,21,sals800022.png,10f894feec720b77358f76b41dff208bf182c1d2382b32375feddcc484d2faa6,09268f0dc6e21d8d26995617aa522fc05f417082f18b029b125d1912a63e7a67,sals800022.txt,57decd164ceceee3caa37e41bf7d8f375cd4a2bed486e949a21885925fee123f,0,nofall,exact_stem
8,Hop,Subject.8/Hop/HopS8.avi,train,22,sals800023.png,26920b7aa56ed20a899452241bcb27a6d5b7800d339675a28309c5d6acc3321d,976287465e1f64627bfc47038c9c846cbd65bfeed4ebeebd5c88ae0b217acb8d,sals800023.txt,8e2992730b6ead5fe3605315bfc4f312989ccdcea86ecef918a367323f55351d,0,nofall,exact_stem
8,Hop,Subject.8/Hop/HopS8.avi,train,23,sals800024.png,d0f82ec13385ead935eb39c0c597ba54ab3d8b738ea5a6543a367e18a415b029,4be635690569952c596424ebd8b6a6d7e241bf9081a4f8667239b83ea6fe0cef,sals800024.txt,5143c7146055c61ea47a40fb9823a00f77d281d4bca1e3935b0f54a91fef4e97,0,nofall,exact_stem
8,Hop,Subject.8/Hop/HopS8.avi,train,24,sals800025.png,0124a0ad1af79dbd09a23e3248eda0f36b8c42499c8da6dfb2e3b32620a727cb,5bff3318a345d919b8f285b5009442d7542ae5b50b4d3d6d4ec8e6a386953e71,sals800025.txt,93c8437ee94ddebf22920c3d84850d480dd1fd6244e4c4dcb6145604e11eeac7,0,nofall,exact_stem
8,Hop,Subject.8/Hop/HopS8.avi,train,25,sals800026.png,2c22dce8ec81dcdb4c1dcb6f54fa2db97d9dd440eb99edd697488ab620e794ac,3433837e46dd9daee08e535ae59f97d130d421f060b27eb741d7fd7b04cb9748,sals800026.txt,c97f2f7a464c81f9946836147328eaed478645d668f0099aad3699b04bf0dc89,0,nofall,exact_stem
8,Hop,Subject.8/Hop/HopS8.avi,train,26,sals800027.png,180108d1353c110445a0c17e95742f5c36ab5494fee656975c2cac31009c401e,866123759d88e9c33522ba0b3e420e8020cb01300452320d643b18e6ae5fd970,sals800027.txt,62ccf21d26373846cee27b5d5a29be037bd2d8e08613b0e4ad81b767ef6fe1f4,0,nofall,exact_stem
8,Hop,Subject.8/Hop/HopS8.avi,train,27,sals800028.png,710566b0928c934134f937281423a8703c9f2a6cafbb78c96f1d7b386cedd0de,a26b5b10c4f639661c0543a77781e6276b76e35200ac21d1e632eb49e9535799,sals800028.txt,7a85f7e33e839926889d6d09aed358d08fe82d397e56cca28216b14efe9238f7,0,nofall,exact_stem
8,Hop,Subject.8/Hop/HopS8.avi,train,28,sals800029.png,dcfd72747ae9b5993cf6ca42348e925b44f9da0419000920b4a6ec3745e48a18,57f2730aaf42c7b3b632610207b043ebb52e2289f8f501139b56449e62873a22,sals800029.txt,3e158e05f08e073c7897f10023bc6e56373c5a3766c5b5fd755ae79ab8ea0605,0,nofall,exact_stem
8,Hop,Subject.8/Hop/HopS8.avi,train,29,sals800030.png,98202c5ccc07d63e963e6fe0bc88e5b4bb14fccb45e552e91134c2678bc7271d,effd9db49ecd7023a112dde9f2f233fee74d13902e59a94b806c56fbcfe8491e,sals800030.txt,8fd0a6410aa377ed340665df82ae00de4b6eb0a46ac2c955b3c6132061ae01ed,0,nofall,exact_stem
8,Hop,Subject.8/Hop/HopS8.avi,train,30,sals800031.png,6743265c0338ab4aa4660f27265890fb4844ace08c4c924cc27a8ab097379db0,f32ed2b92266f7478a906ba87efcf2799d8f37856124c23a0f66da320c9d0fda,sals800031.txt,63c5debc4376140c3daf8868061e6cd2f77f150bb8ac4b957040d5e6f4078edb,0,nofall,exact_stem
8,Hop,Subject.8/Hop/HopS8.avi,train,31,sals800032.png,3fe33ee20bf2776750d23c549f25ab8cb84d47579c744fac6a2afa6d36a3ef97,748aaaa9aff4b2ea4f2325917d0b7811ecaafe9b570d837852ab5fc599ac44d8,sals800032.txt,5f1bcbb90bcaab64bcfb3f541c0640792dd4ead9ec6875026aa38f3d26935576,0,nofall,exact_stem
8,Hop,Subject.8/Hop/HopS8.avi,train,32,sals800033.png,cc6642901b18e34b4365004b2d6caf57ddcf04eaf4e39b69b5ca4725213d66e2,31d76ea6c9587f3c264d938b7187c148bfcb012b71e4073bb2c369758485bcaa,sals800033.txt,90fa27eb1afda81e52faf9a27987d32f50c68a382c4a4b04ae92ff4982f344dc,0,nofall,exact_stem
8,Hop,Subject.8/Hop/HopS8.avi,train,33,sals800034.png,eb89d84410eac5b600bc2c8cf16f058462c04867a0f3046039db7aaccfeb9277,02fd5ff53943cf9de74fa097b3152513890cc41cfc206ba3ba014194f537b8f4,sals800034.txt,24a68d02119a8e127ce963a2d82b30be38e5f533180c7eabef8e6faa3525c65c,0,nofall,exact_stem
8,Hop,Subject.8/Hop/HopS8.avi,train,34,sals800035.png,df9297a89efce8c9c79fbf3845c6b3c40a62036dae92d972b4e7a980a889b5c8,9fa87cdae8448ec281a6b9c3055f226442415ad8ddd1027ab8de23b1cf9d7790,sals800035.txt,2becdf4c9bf3d4415715b20441b07d7160ed61bf9d7e8ba264949b32fdb74049,0,nofall,exact_stem
8,Hop,Subject.8/Hop/HopS8.avi,train,35,sals800036.png,acff2d76a287f97a138a707e00e81bc19a8bdc56f2380fcd245d6dc2db039adb,79ab74211061f8cfe16436586fed6ac8537bc674ee9169d12db7a33e25124e74,sals800036.txt,08d2f70814d840b9367dbf62b447ad6d2feb467c15aab017349fd27086ecfc27,0,nofall,exact_stem
8,Hop,Subject.8/Hop/HopS8.avi,train,36,sals800037.png,88c495ca9cd21e1c0a31b5b2eb42dcac4c12ebf7c81ea2cb2e320960725a8b34,518bb1f6dfc2dab0d1330d88708e29378ffcf1346605d0e08096cbc8e9ff2688,sals800037.txt,cbd2e07e87dde6424d87eefcd495a72a133c2ea5e20b4b518a46626724f34631,0,nofall,exact_stem
8,Hop,Subject.8/Hop/HopS8.avi,train,37,sals800038.png,184b01b106e6535f85921ad22cad5894c69411986e086d3741ed33a57d9476cd,69ed018ec6e6f1a8c4e259dfcc782205ca7cf582aba91a8572c03ffdb0a42031,sals800038.txt,9f657f018e21eb6bceef7b2ae5cfe236d4299ee5769aa37860098ef058aab1d4,0,nofall,exact_stem
8,Hop,Subject.8/Hop/HopS8.avi,train,38,sals800039.png,8b37149dbc9990bfb261e11f66bd258ef94af3d64a17ef497e7e3294ed1f42ca,8ff666dc1dc3f3f3a248d66fd26e7fd44c054ce404d9796f1e657ada2bcee98b,sals800039.txt,e35d5c1a44ae296f130881a69d9ee6a324d94f508f52194db2a2d8d570546c1c,0,nofall,exact_stem
8,Hop,Subject.8/Hop/HopS8.avi,train,39,sals800040.png,d8afa51bc7529838383de04774b9b0c9c613f2ec5cfa58f12f4ace98ceaec450,7ca1b36fc28441b0c3b952dcb1262935b8f60e819e711b897e1065d5bfc3d73e,sals800040.txt,f3fffb15d255b86fa044bb5dc272eb6ff55b6660eef3324aedca3ec1a9234457,0,nofall,exact_stem
8,Hop,Subject.8/Hop/HopS8.avi,train,40,sals800041.png,07b2e3768fc360cc92faa1bcceb5f132765cfb1fe12d3775ba021cbb2f1eda18,d3b36df1b0ad3bcb77c51b4cd1a61eb4cfe1f394a720b8b39958a5d5f59b254e,sals800041.txt,d4bfff9a30fc5335d9ad23a4c3524419ec3e282aa8d756ba4f1f39feb4347ce9,0,nofall,exact_stem
8,Hop,Subject.8/Hop/HopS8.avi,train,41,sals800042.png,b56694e93bdb9c55ae0aaa95e468ac747a8f2196c94542c3c0a84455b2d6c073,28bd93951fa19242f830e1b9c46bf8acdeb67594f53039e5ef48d787ae0d230c,sals800042.txt,f11ef33701bafe44519b0232ef76d98a52eef01246958e79dc427b6276409e17,0,nofall,exact_stem
8,Hop,Subject.8/Hop/HopS8.avi,train,42,sals800043.png,bb73b51fe3b8f9fe5af8f1d21a304027b65d3c1006c5ba120c0a1b84913a507b,73770e1cdd65a4f4eab04c10c1a73a04998f9d2057cbea11242ee79ee0294c79,sals800043.txt,fdfd93197229424ce5ae67793a18096791e41b18bc67323a7f4ba06c917396bf,0,nofall,exact_stem
8,Hop,Subject.8/Hop/HopS8.avi,train,43,sals800044.png,3d0fccc7b6d7a18e52e6cd7891b5e129799a25718384c1bf14cda5474e306878,8e29e59dadf429033839d16328a098adc9abed87da0be5200057f0725a3315e4,sals800044.txt,7cd5cf4c5f6968e431c340076eae8e4c06920f37892e397585553809e645d198,0,nofall,exact_stem
8,Hop,Subject.8/Hop/HopS8.avi,train,44,sals800045.png,8dc02eea34b520b22acd48c6b394256c8d54970769b5d7bf38a59202365ab734,2b8d0867b067ea222e044c08012b2f4eaca03829f79fb4c99d770c1208eea5b9,sals800045.txt,cae8654dd41ecb3d06e55c1ce43336cc526ac1f694e907acb314e15715c7939a,0,nofall,exact_stem
8,Hop,Subject.8/Hop/HopS8.avi,train,45,sals800046.png,f108b665a126096e8afd42f5d858f522ac893a60ec04bcb60262dccff07c1abb,94bf8522118e705b3835fb184e2bd52c686027b224d22bd91a3a89d21c287bac,sals800046.txt,a36f375ab7c0caeca6f3626b0d3a2ad08fbf70af007fe7fcf5eea3dbff0ec60d,0,nofall,exact_stem
8,Hop,Subject.8/Hop/HopS8.avi,train,46,sals800047.png,7e689e934ceb211799a8d735e94d5dd3976b1d5a43ff03a0c338f7014c733f10,f70cc91979d7d1a9f887bc8673a1c18eb7fec4bebd323a1cf8a65c615c84ef58,sals800047.txt,f30807dcba925cf8359c79a1273b54d3920615436aaa2158e07b46e32b732fe0,0,nofall,exact_stem
8,Hop,Subject.8/Hop/HopS8.avi,train,47,sals800048.png,b29a36c5dd8865864f97559f71ae10023c57017d034bbf1c578938389727d0a1,b4333914d48a544c88293699a271300a9691fdfcf8026f858447a7807331d33e,sals800048.txt,2a4a45a65eb78f93a3c1f2869d05b95c8586278db93c30b2767c848c6f05d96c,0,nofall,exact_stem
8,Hop,Subject.8/Hop/HopS8.avi,train,48,sals800049.png,9dead547b898ff035d6085869b6819469eb2dab2f072ec2e8af3a713e163862f,d531204708d518c99c49c6e00d1e1d8181b4cad89aa04511b1ead5a30ada92c0,sals800049.txt,5f0577b2c27151fc63acbb9364fafafd0254cafe2c0a7afe75716358cf3ec076,0,nofall,exact_stem
8,Hop,Subject.8/Hop/HopS8.avi,train,49,sals800050.png,b58fa84a5293a2820140e221c8e1338d38121b104601f5d420b1b64980a0cc9c,f824dc65375c3acef604498af343f73cddc606b5427173f3262fa5a031f458dc,sals800050.txt,d4ab5c8eec6455ef88049b6a641db015b0d808ddc57cda2e74521885ed05c79a,0,nofall,exact_stem
8,Hop,Subject.8/Hop/HopS8.avi,train,50,sals800051.png,1fd3c0d5d5bfad707d6610e9222ab3420794c28b5c17974cacd2bc077f59fa7f,23135705739c0719e29820b623ee4a74b91a52704893b46e5ca0daa61357ea55,sals800051.txt,8f536066d729e976a5dc384052a1198f454ee9c2dc1d39b2b719ffa7724d4600,0,nofall,exact_stem
8,Hop,Subject.8/Hop/HopS8.avi,train,51,sals800052.png,27796a3e633d3ce8193ae506bba38d4bca4ac53e0b05012bed1a8646fde7a642,759e2990539054733e6d79a3d43882dbd4e565d7232389c39bc647e8112c9a68,sals800052.txt,52539d20df1c356a2b554a35af1fbe7b556ff46faa3f28d0d910855d59a7c8b9,0,nofall,exact_stem
8,Hop,Subject.8/Hop/HopS8.avi,train,52,sals800053.png,ec9a8e692822827193e212fedd1901b1c2008c45b81dd4ffa3161d95ffa40af6,c3a85232aff1e788621e7a3c73eafef5f058f83afde918152d5e37470f4b33e4,sals800053.txt,87278f61fd886e0cee4de97143e95ee1ce866fbdea76922c80c85ff1c477c891,0,nofall,exact_stem
8,Hop,Subject.8/Hop/HopS8.avi,train,53,sals800054.png,dad2b49d520b3ed24c74ced4b556c212e7620753a16b5c7307f4bb6a7151d403,867d3d6f2f8b9c3850e80d2833402250db922e36bb44840e60211d5a964878b2,sals800054.txt,d09a70936e061986f3ad37f5c9bffe1a1141947bfd36279afdfaf6f923e0b9ed,0,nofall,exact_stem
8,Hop,Subject.8/Hop/HopS8.avi,train,54,sals800055.png,a0dbc910c1622a66476d2275a46868f61dd4f76b7a3281e359cb95075b681fef,7c9b16d663ddd7042c3d9f82498fc1654b82b2d6a93f5a247e0da03062045cb9,sals800055.txt,0a6128c65809bfbe47e6c3ed0b75b6827604a45d4f8deedace67ed16166ad18c,0,nofall,exact_stem
8,Hop,Subject.8/Hop/HopS8.avi,train,55,sals800056.png,eb3cf194d14d9931c016b03f939a54121d1f5775a72c2364489f5a02dd352186,af29e9a241bff52e31ca07d0e4e252a6d37270b64b16d2bad327a220e37e3850,sals800056.txt,dc601be858e3b790e7c098b4ddc409b86dca77069868c6c57b7e987507930544,0,nofall,exact_stem
8,Hop,Subject.8/Hop/HopS8.avi,train,56,sals800057.png,f818a532fe0d052a66eba34d091a1a652e08d8af22900acd31155c77d05ec6ad,4059441ee489a111e403962b265791097d234c452ebc9513fc8795eceb46e501,sals800057.txt,96f56283e6a02f14dbb833a98fbb06c6f54e9f9fb1c6a26e59fbae4444328701,0,nofall,exact_stem
8,Hop,Subject.8/Hop/HopS8.avi,train,57,sals800058.png,e9e67f8aeb25a955d13284a368beecf09328aece3ac8f9a82bddec75b2ad702d,b3d023ba5d46fe7644680890245a8ddc8eb99c283656459229c9e96292de477c,sals800058.txt,44b80f270a5656e90d1a49f6d7354f970da086554f0276522716511690f15192,0,nofall,exact_stem
8,Hop,Subject.8/Hop/HopS8.avi,train,58,sals800059.png,bd404ee72cb1e5a97cb37b0c1c36bbb0483018547210a32410e913814e2f7fc8,c80744fac081c683e28533c9cd0ae6a87dfb368c2aa4c18035eb14df1857db0b,sals800059.txt,e63a04cac2469852b995440e8e171b4f5a155e9da0e0cfa21b5e5a9d2479dfe0,0,nofall,exact_stem
8,Hop,Subject.8/Hop/HopS8.avi,train,59,sals800060.png,bbe0817e67e2b053893ced500ffdc2157d25dde1d2bbac1e86f9b2ab714158db,c348a563a8073f243bd1ecf961b71a312f1593ece6cdf2981f88141a87c165a8,sals800060.txt,5263b9b18bd5d72b236b17d94b7033b5d4f2902e07b85b89b3776a723f06c06f,0,nofall,exact_stem
8,Hop,Subject.8/Hop/HopS8.avi,train,60,sals800061.png,58e9f4587fa8a5b3c9673299735b819cb4187616b68268a4a512e1815cd8bf90,be03cf19b9438e2fd7624cf57fcec996b40c18a11868729cdb8887d8833400b8,sals800061.txt,26dfbe2526749b1238d6c862823174182e0a9968cf65a839b9dabc41fff7ca9f,0,nofall,exact_stem
8,Hop,Subject.8/Hop/HopS8.avi,train,61,sals800062.png,2b6cd57d85083858b36f3a3b75c379c200961e152935f3d0e393ac9c2980fce0,8f66119418291395e4e86d25906e47a1de34181a159b147492990dad5aa7c047,sals800062.txt,bbef016b976ab4b4ae7e0127a414d5f8fd4705ec6f56e952c0bfb27ad5776238,0,nofall,exact_stem
8,Hop,Subject.8/Hop/HopS8.avi,train,62,sals800063.png,9ebab5eafb13b79eed2b8e535c88c336603d377f962f0c7ccb4d68a60189f896,9a30da5f6389837d39884fd59b52791d8f891ae5420805193c3fd0c2e1529c9e,sals800063.txt,067b1268a1e76ae040ab34b7f8f57fed6faf5864a5395990baa61d16ce19db0a,0,nofall,exact_stem
8,Hop,Subject.8/Hop/HopS8.avi,train,63,sals800064.png,2349e01bfab60abd195ce175dad88b3fe12e281e75c9916e0319da40df06f3fd,30ea007cca301e69748c7ca5c4e02daead36af349c44d3394ec3ce6dceb48d22,sals800064.txt,90cf7997efe7b7cef7417285732c1994c5116435befb6e6b059e3a53a76c9dc0,0,nofall,exact_stem
8,Hop,Subject.8/Hop/HopS8.avi,train,64,sals800065.png,02830d1a798cdb0f9748d83ec01da651ba98474660ff4a6393069f2bef904210,cdacda4b843868dd495cbe183ddf66f82878afddea3b7b22908846da698fe869,sals800065.txt,7b9ce181f7536edd099d58a0553d85ac7885f0c0b1e25d428765d59ec4d08916,0,nofall,exact_stem
8,Hop,Subject.8/Hop/HopS8.avi,train,65,sals800066.png,0764e447ae702bf13a0bebd8781d5b62f23f8eede6a9004f4e388878fffd65b0,5a503809e964f2ce76af80f108ee1bcb082f486ca8fd91002baf5c7305c0da50,sals800066.txt,a25a3a63d875b4cc759a84536752b9cfb21c1bb4b904e42c6ff38fb1cef7df57,0,nofall,exact_stem
8,Hop,Subject.8/Hop/HopS8.avi,train,66,sals800067.png,b9036b18fa3272a4603b920cab0b0a7df7904a1dfcb441501afbe5cfcecc411b,52e4272d1674c303e438211075062355b2eaaa0530a0aed337b67eb01afe4dda,sals800067.txt,409434157244eaba3504742d3fec6f2af92afc5f76ae05cf1d1ac9518a064f57,0,nofall,exact_stem
8,Hop,Subject.8/Hop/HopS8.avi,train,67,sals800068.png,bfb18690391e0d988ef77fcde754b14024397e964d875cdfb78d620b4933b3bb,da688ad54d02e5691cff280c9d6920ae718ae3cc7422ef9566eb112f4ddb0539,sals800068.txt,fc56538af6e523793b0fef68eb325d6bc251b56f321d1997d582cee10a55fd05,0,nofall,exact_stem
8,Hop,Subject.8/Hop/HopS8.avi,train,68,sals800069.png,23ad6a5807430f0a9ee80552e87e26254b4027694ca1d00185edcdc193f83030,1b7694811b4eb2aa98cc9ce0f9d596fead56f293c9b376590ebbcebd377b8bd7,sals800069.txt,8fbbedff25ce5dfabc8a88a4b0b6894b306b20e70e1e94a5dd5fb7710da230c1,0,nofall,exact_stem
8,Hop,Subject.8/Hop/HopS8.avi,train,69,sals800070.png,b34cbed49df5ccdc90ccb9b8ef65738d914dd7e8dbb48681788f73c4ec26fcbd,9a190eb958361a14838d587b03c441e594c44272effe66bbf232060138eaebb6,sals800070.txt,6d45cb249bde42d54fa24a86a1b2547d920e76a93f8988f258cf382fb89554ed,0,nofall,exact_stem
8,Hop,Subject.8/Hop/HopS8.avi,train,70,sals800071.png,cc68baa435ea503e0ed05db33111cd621184e3adfd6eedd64564562c0bac4139,518c3d13f05e5dbb83720a359babf0f4970573a5ddb405239d56b8fdebb7d018,sals800071.txt,b4c940d316c3d6aebbfeb98586607333609e714525af433762f73287f77083f0,0,nofall,exact_stem
8,Hop,Subject.8/Hop/HopS8.avi,train,71,sals800072.png,5567610e7afe54fc5cba7a9664ec6f55a963c58f09683b66890e1fbfd3b4d37d,9105c61c08bdc336dd7d02d13938ed32e6b38bebfe8c7c2bf68a85b5d339dbaa,sals800072.txt,0b93b4d368ff5ed26498ea7811707abfb0cbafc1ea5d54caf82207b26bfef739,0,nofall,exact_stem
8,Hop,Subject.8/Hop/HopS8.avi,train,72,sals800073.png,0dffeaece3c110e136925cd3c659dda3a686968e3c417a3fe608a582a2c21e4e,ad29632d52da8f63c288e1368d98989472f0541d959a8d64893b24dfc79b9509,sals800073.txt,c08d8f47d77369cf381be89f56b76dc1f15d6884ef8f2fb6c1cf1e18249fb875,0,nofall,exact_stem
8,Hop,Subject.8/Hop/HopS8.avi,train,73,sals800074.png,e30d84672ffa88be152df892828cca9e2eb7a3a321c72fdca73fae44b0c225bc,cc14433d6f0906930a36c8ee68f0c1b3fa7db5bef137732fe7388b9135c11025,sals800074.txt,0320794539cf93c8adf6996fcb20b87910d3974bb5e75d2d2e4a8b33fd1b6d38,0,nofall,exact_stem
8,Hop,Subject.8/Hop/HopS8.avi,train,74,sals800075.png,c834376a63aa7073312607e7f9c5a52d6053e4f33d1d3ef384c1bad4ee67d36a,d93178c20c40814573a3c7a69b22d56c210080984f9f1dd003bd4e40a05da2e8,sals800075.txt,cfe96c428f643fe22d374db32205b3c62d8e45eceecc84a0448a423b6a2ae71b,0,nofall,exact_stem
8,Hop,Subject.8/Hop/HopS8.avi,train,75,sals800076.png,68918e911696f2a0d1333c2bace576ac2728e2eabf44f718fda594eaccb3fd7e,d80d6acf07fb307ba3ab8be25afdb0a9f69e997029dc9c2bbcb4294f95a198f8,sals800076.txt,3781b9da3320b4f594bf10b4f18988422c215e376499b4e453ed6cb9618d0185,0,nofall,exact_stem
8,Hop,Subject.8/Hop/HopS8.avi,train,76,sals800077.png,1c732e74f41f3fbc8a2b462619536bba2865a77a6e2617a19af08e66bbec5421,ad3d52fd16cfc79b0dd64ffa639ed5836a12e55ed835879719c13ca1c74fc11f,sals800077.txt,3fc477306bf3a82bf3aefffe6e55fe8cad4ba43b2313b662afc4edc94abefc69,0,nofall,exact_stem
8,Hop,Subject.8/Hop/HopS8.avi,train,77,sals800078.png,eeaa1315a78ebe593aaa6d7b1bbf328e81f20279af6c029ebdeb294a05d6540f,02b43fc6242fbd00c2c1b859a8f9c12bfa9e3c8f4de309773843e8e206f9a495,sals800078.txt,fdcf22ba535c1f43ccebc1b3da459a395d2ddef642c5cc841a51d208f854cad1,0,nofall,exact_stem
8,Hop,Subject.8/Hop/HopS8.avi,train,78,sals800079.png,6f7b76f6726b26e4a4ba19631e8bb717b10a6ac921c6e9548664bbc8ad0d99f4,7e0946844ef61534a634ebaf467483f14867b47bc36be50d25e26796fe737ba7,sals800079.txt,4b10f9c2c501f4b7644fc5164432de80ddf07fd565d00b8ab40d593fe7bb8262,0,nofall,exact_stem
8,Hop,Subject.8/Hop/HopS8.avi,train,79,sals800080.png,56e487b3bbb452da881a20c4423c2bd881ed265f2d8abc44655e5eb02780c758,49dfbc10021182fe8c0d16c18379b0f0228fc130f3512ec85247c7b195ceecc3,sals800080.txt,170ae6b562db6e4dc5d3abb29a7bbe5b36fd16b1d65a70e1221fdde93e5734f0,0,nofall,exact_stem
8,Hop,Subject.8/Hop/HopS8.avi,train,80,sals800081.png,3b5ce7c7f329dcea76f90dc1d565a0e459cacde76e223b76e0163999fb3bd304,4815cc4d6d3f877306caddaaff1d6bdba4ce5976738968bc6d7e4c4ccee47f71,sals800081.txt,6f1f5dc65d3e47ef8b7866e0f833d005d07934103527d017b36636ff96328b26,0,nofall,exact_stem
8,Hop,Subject.8/Hop/HopS8.avi,train,81,sals800082.png,64c1c6f65729c0799e5570c45c17305e2d0958bdacae4b50551f4c788e987822,ffa1457b769e4e5a308ad4946a500063e5f9a2fc50b19950883488d05add65bd,sals800082.txt,8c16da5c20e4eb6ac6d5e37f0c6c648573e40c93d65e2fbbc11146fd240d7f74,0,nofall,exact_stem
8,Hop,Subject.8/Hop/HopS8.avi,train,82,sals800083.png,0678b12ae36f8fa02224126e4f61ad33fa28b8a24b1b6a077791a3b47d898dd9,e1080be9a81a6114587133f0c4ed03bb1d33ef42fb530b2f84059879274cf31d,sals800083.txt,32115eefde2efde579d7fcb10269d852fbd0c4946809ce3d365a9812b2569c23,0,nofall,exact_stem
8,Hop,Subject.8/Hop/HopS8.avi,train,83,sals800084.png,21a22eaaac018dca3e0e1b26d8b3361e210c6c107c1d9c9f6576b5484d669df2,0b3fc88cbe8c1e2a294d6d6940715d5b7148114c8f9cc969ec784cf2e71e6bff,sals800084.txt,d6d40df65836b4e3f99fc10c447e50d637b418190d3f930cc9eff191243968e5,0,nofall,exact_stem
8,Hop,Subject.8/Hop/HopS8.avi,train,84,sals800085.png,909fcf5d07678a9682567ccf40b300b0f27f4673c4fc661e90383631d87aa54e,a2849c5a0451ab29fb1789d8c73be2d5e7c0dc40bc9a8a086579953967b0274d,sals800085.txt,9f8979471188aa65680c5e746e1a479e87ea6fff7351c1a373e7a0222641a848,0,nofall,exact_stem
8,Hop,Subject.8/Hop/HopS8.avi,train,85,sals800086.png,f48ffcf1b68cad8b84023bcd35610efce2f847fcce87e9ffb26050c8b242ab49,45c51a077bf5365c40ad7eea28f2cd3194ae2b29e9c89d4c19e31f73870f3f1d,sals800086.txt,019ec33c96882fb715a3f63636c27d32995bcf5e218555b60b373efd236144b0,0,nofall,exact_stem
8,Hop,Subject.8/Hop/HopS8.avi,train,86,sals800087.png,5fe76df7a998743fd58ee049dd36d6554e2cb7a07516ca16744e0ad8191ac7e6,629150c505e8c4f469ed753aca383e3f416d95cce9de5151fc631df89ab9ffb8,sals800087.txt,fc29a9ff35696ddfd34aac4616d800ba0539309e1c8de5d04ae14f286c246549,0,nofall,exact_stem
8,Hop,Subject.8/Hop/HopS8.avi,train,87,sals800088.png,7e88ecddaecc1075b2efe4bd20045f7c4e45e9c156dfb5eb8450a5d122ed9316,730f0c94e9b55e65c6c034b43a6c91174da69ed13cb963b7274ee3a667506792,sals800088.txt,ea23e2b94126ea09ad90ff14ea21ec81f838f43400cc03a523ff72f8932b99b3,0,nofall,exact_stem
8,Hop,Subject.8/Hop/HopS8.avi,train,88,sals800089.png,77cbb9be2af79af153815deec9e4596b9169dcdf2a6e1c368ba958236c66a985,4b343e5c659dad4e3762f76550acc3996f9369ac9d83506390e2407d065a0267,sals800089.txt,572dc1c885004824a3fd6b002758a17fd0d5972719ee28a07dca37f2a443f153,0,nofall,exact_stem
8,Hop,Subject.8/Hop/HopS8.avi,train,89,sals800090.png,9208344516d6c34e325863e926d07dbd8fd96b03d005e26610745cbab0af53cf,9428d96898016bb672ac05b975da52e25fe1ed9ead93f36ee6a2f45c24b4811c,sals800090.txt,20dc67cc45ecf25a7dfdc3c4285b8e74a76287b333cd59e379c5adb40eb9e994,0,nofall,exact_stem
8,Hop,Subject.8/Hop/HopS8.avi,train,90,sals800091.png,a10a1ab7c065bcaeffc6f2f1711c5f3234f926271a713fa9b390eef0afdfb229,d683486a1008034e56f08a67d50a9a43008deba70cb7af09d21bfdd2b7631d8a,sals800091.txt,7da278d819b5ee874e6a325f88c6aa77245e855ba5c01b6efc8337bbd80071b0,0,nofall,exact_stem
8,Hop,Subject.8/Hop/HopS8.avi,train,91,sals800092.png,3cdaef4690325eb00209248730bf10d35151eb96a4b75f187fe79c108ce22b1d,c12504198e4e5054df00bce74191ff2c1a3dba0a6cecc1960b300d08eb1528cf,sals800092.txt,edb53f77dd89d97c29c08e800b6b2d91c792c67c23cc894196cdb9990892c229,0,nofall,exact_stem
8,Hop,Subject.8/Hop/HopS8.avi,train,92,sals800093.png,fb4cfd41070ed2cb1d820ce547df3148cf6e75283a07aff3cfe0e86ae35c0ebd,ec80bb7ea2e01eed171edce702a9d00cae99eecdc99017c827e0436f11329d75,sals800093.txt,03b53772e3e09dd314581352dfa67e56e628a8456eed3c57cdff5c751b2d2e14,0,nofall,exact_stem
8,Hop,Subject.8/Hop/HopS8.avi,train,93,sals800094.png,7b9e73bac23c0ee6c95afbd8f5e64dc409c9b53a2e633a54286cbe27fd5dc774,29ef43b12f19d9ba19d5f56e481fd109da34f83da9fd0417bb58258fe16d19d6,sals800094.txt,8f255ab85789ebf1722f1a748c0e808b7b7ccd36cd1f0f87797e325c1844bad2,0,nofall,exact_stem
8,Hop,Subject.8/Hop/HopS8.avi,train,94,sals800095.png,9152a9084d684e743bcdbde66a3f076b38f0853c37ca8956aaa34d82dcdd6fdc,6123be9604a4b18028d35d7f5dbc69083ef8755e88b5992037b4e467b35394ea,sals800095.txt,9d4e703002c3f0e73b6fcff5dd35a2a89ec3c6ded37c4ac6b5a8a5241953b0c9,0,nofall,exact_stem
8,Hop,Subject.8/Hop/HopS8.avi,train,95,sals800096.png,0aff1376744469c061f99cb6624dc18534cfdd0ca85fda2057c63147d1e42ab0,3359f34ec3f9773396d87ef16bdba9ef8073ced4384bc22892d93317850baf84,sals800096a.txt,33b1731a91c4f44191a5836fc5b1a6e10041b919f13351a16a54c0c355e0428b,0,nofall,verified_explicit_sequence_alias
8,Hop,Subject.8/Hop/HopS8.avi,train,96,sals800097.png,3ee4284c11aa795ea1edf5537b855a01efd6c5043a97d90c60ae928d1f2529fa,a2b16edb9ffee1f44c6a63bd1dd5e76bf9d6e7d291d9e91f3105b5153d690f6f,sals800097.txt,1468b5fa1b94be245a921a1702163feafe22e722356bddeea446079b55a331ff,0,nofall,exact_stem
8,Hop,Subject.8/Hop/HopS8.avi,train,97,sals800098.png,6d300d10951299a49853dc0d1a1c5cd747a23ae5914e6c83cca6be4835bb7c40,2215aa7ff9cd49e36b2ab1a7060e9b9da866f88486a2b8a0ee179b0ecf8efc6d,sals800098.txt,80641b40edd9cc086d72e9e9c592b0123ee01926d6cb51b2ec5289c51de96853,0,nofall,exact_stem
8,Hop,Subject.8/Hop/HopS8.avi,train,98,sals800099.png,c8ae83420a2586726751dbb33d9a1db4973d6dfafeb4eddae018ded5d52f66da,229adabe56abe3cd01d35133d9caf9025fa079b343941585c7e55e5763fd16bb,sals800099.txt,c1dbd242cdb80c22956c819eb425d363e0267d86c00a111b4df6a521fd1c0749,0,nofall,exact_stem
8,Hop,Subject.8/Hop/HopS8.avi,train,99,sals800100.png,1fdd4f65d773a5fee0cf9fe7886ea17d0352c08e1b1aa21a630dff9ae47baf1c,87b8929acfcd0a8b80d7e017dae048c730ffd49e4359f442818678fe63131558,sals800100.txt,e45d3591f043e257dd31e19ba8aea087fab7866f1368197e8db25f0ee515d549,0,nofall,exact_stem
8,Hop,Subject.8/Hop/HopS8.avi,train,100,sals800101.png,93f5b3b55f440fd17167474f617be1fec5ea5d73682d25372579e4d761d6ba36,5d11ce5c06e74edbd4ce5cff86fb8554dad807eb37c9376ae2687499e5e0de38,sals800101.txt,b74d881a005802121fd4ce4c1d8bbc742fa8cc372d86555a2aa7bd9a75885140,0,nofall,exact_stem
8,Hop,Subject.8/Hop/HopS8.avi,train,101,sals800102.png,ee024d07731115aed5e96db891f75416ec5c609b78b90f30da617a18ff20fea7,604eb6c2b7a9a8402e387fba45fac0275dadc8021f9698ddba0e2506f0c20eba,sals800102.txt,a143f36d5d34e4f38af773c9d75c958564a92d7673e433e513a3b45adc00a108,0,nofall,exact_stem
8,Hop,Subject.8/Hop/HopS8.avi,train,102,sals800103.png,e582c129b5ed3a08837e792da41ce278e80d412ff8748a9d636a43d8329a6171,69f47ef176968c25db328f90bb5760f84f10475e3ccab22cd60cb182a4afb6c9,sals800103.txt,a4e645698f71faafcedc2ba0708a6674c51e1757f2545ddbaddacacea392b7e2,0,nofall,exact_stem
8,Hop,Subject.8/Hop/HopS8.avi,train,103,sals800104.png,b3924178855807844ecc36e0429aea1e26396704f0223b5bec05321c06397b5d,dc422302a0b473f14ff29e4d0c6b49be4d0962ad61aafd7aba61e5b0bcc1e9f2,sals800104.txt,bee9d745273b7f2e3b7840ae118f061b93cb43b69530b5b03cbb412a8d07be63,0,nofall,exact_stem
8,Hop,Subject.8/Hop/HopS8.avi,train,104,sals800105.png,ba781b90054d9e77cfc8e8dfe522064c10cec1461861f531e0de29cb0eaaedef,9a7bec75ef01691076013b198a2d5192c08c7167bb4db63cb8e78b2dce1a6cd5,sals800105.txt,f8e14e826fe73fcef257ae8292a12123bc901151022ab17124be687507aa8807,0,nofall,exact_stem
8,Hop,Subject.8/Hop/HopS8.avi,train,105,sals800106.png,db972e3229d1a9888f6ab8be3f4cffbe69859ead0d923cfff8669c480a08b92e,10014f5281953eb8a9516ab046d8a2893154474cf0d058614fca3afb749640cf,sals800106.txt,0a57b62ae1aef696da197c57d69d203a133efd9d33ec8dd9586fc8f99137b1bf,0,nofall,exact_stem
8,Hop,Subject.8/Hop/HopS8.avi,train,106,sals800107.png,e1f23fa9c39808b9c6dbf9b7e1eac7b24b0be122cf22166e5739b12fde858618,bffc1c12ebe22da1b7a1a630491e0490202a32efc129d6e068234d22ad84ad9c,sals800107.txt,2a6dd06904e4919118c0777001d4e3db7b4ce48cad7bed02437fecc9b907d641,0,nofall,exact_stem
8,Hop,Subject.8/Hop/HopS8.avi,train,107,sals800108.png,e01d4ba7089f72736a622cc05645c8c163d5b7a394572e8bd710163b29942fbf,35bff77a20ccc1a3fc089de37d6a9f929657b84b69981cb3e8973903f024c747,sals800108.txt,60392a7847fa12da95f3b156a17695c16a57d298daa82a084194249b5f0a471f,0,nofall,exact_stem
8,Hop,Subject.8/Hop/HopS8.avi,train,108,sals800109.png,a8177d45f0fb39f42e09aa2f66a0e3b893f62578cbe63059c32306d4f983e48a,30e668eaf6a3fff3534f9fca75233db84716a4fe7a56fa5dc3099af6f02673f0,sals800109.txt,2c45bbd22b70913d2aca379b70cae1217036647f2897a48677689d8637cc742c,0,nofall,exact_stem
8,Hop,Subject.8/Hop/HopS8.avi,train,109,sals800110.png,9ad6b893bfeb735d34c37bc4b86e10e1fc5ab65f1a02c3319ea96ce088759fc6,d4d8d547645698fd4f99499a0947457510e234057eef11856515ef793c67c2c2,sals800110.txt,d1dff86c0aff7c8d8593bc770640561f3cba37d2eec5296ad071cb617df26d19,0,nofall,exact_stem
8,Hop,Subject.8/Hop/HopS8.avi,train,110,sals800111.png,e02c2517409cf663d796a2fb8ea11b129cec9d78a8e5765e8b3a6c17679e8f53,ed6cdcebdfbb566926de165ee6ed9732af22c5f4ea54815c9f9a20d13c200c8e,sals800111.txt,1176ce4170849bbeef038959479d70c6217190b46807058eb3a678f951f0d5dd,0,nofall,exact_stem
8,Hop,Subject.8/Hop/HopS8.avi,train,111,sals800112.png,07a257ccb7f9e90489ec014f3b29fc2fb1aa5e686fcbab5105ba7ca2a5cfc3f9,f90fd86ff561391c79ae7d613c6f7a854e7d5db36b272c89e4d316d0ce6e62c9,sals800112.txt,32dba57de26b2109f7af07723f46d30dede2634fff7231df096d3caac350b0e3,0,nofall,exact_stem
8,Hop,Subject.8/Hop/HopS8.avi,train,112,sals800113.png,3648726204d9696920da2ae919ff6fdd129c800db56883944f2ae2bdaeec970e,0371e9c8af24e6864b7309ca01aa0d65909e1666e584f2adb2526c46688fbd26,sals800113.txt,04570800e693423c1dd4f4c678b01d87b31d07afaf85e386a7cb6d8a30cb12f0,0,nofall,exact_stem
8,Hop,Subject.8/Hop/HopS8.avi,train,113,sals800114.png,eee04995e9237da328c434f82bf667f705a81ef570a929c56553d075766656b6,39a5c945c429ff5bb474fbd504968acebc126c14c2a65013cd5260c481ab1937,sals800114.txt,2f6781a62eb6104d797c0c51222eacb9c00f18d2c856d05f67b0519fafdebd90,0,nofall,exact_stem
8,Hop,Subject.8/Hop/HopS8.avi,train,114,sals800115.png,276e0bf1e865248a93bf1592373301281f00dbe2e6be80ec82e732c7fe3eab5b,ddbcc8afe708d2e3dc7635b5b71ab613dbeeb6c5605238f00ca69d50c117b06b,sals800115.txt,aa58cff12f42329d125be60b64046def8c7a5931f015aa6a4f1306bc497c8ccb,0,nofall,exact_stem
8,Hop,Subject.8/Hop/HopS8.avi,train,115,sals800116.png,7e8c290871d2d12624f2f730c6d741a8913bb7484cdf6ce2bb7238b4b168c328,d60fd9ec4b1e254c8df795d3dfee4ba188a2bfd9fd94040b52d79ad24a48bfaf,sals800116.txt,f8d6c9d079b634168823194e1fa0a8dbf1398f9556b56460d954e30d3cd68f4b,0,nofall,exact_stem
8,Hop,Subject.8/Hop/HopS8.avi,train,116,sals800117.png,7f9a103822ded9774b93841958857ebc0f104df18ca829f9d2751bfad17502f7,e391bbf24847a551b899b52fe2786b01416735307679c4954710e2999fc98ed9,sals800117.txt,473c2daa826022c8ebba041ae05d9078a6be44cef0e3adfbd2d1a8074d74f5f5,0,nofall,exact_stem
8,Hop,Subject.8/Hop/HopS8.avi,train,117,sals800118.png,57881305c130fc73618f89a8af458a9227288c326f9b2caf3d7d699cd26a125a,802b94e336904593684ba6d1234f9cca4632f4dc9262b5e06f39f909aca447b8,sals800118.txt,12c31607bb47ab46068a746cf6bd3ff6fb8e75b896f59050f6022b2fddf97a10,0,nofall,exact_stem
8,Hop,Subject.8/Hop/HopS8.avi,train,118,sals800119.png,3c34068576474fa98768b7622345fa447bc678be3992076b8de303c7195e310f,0558dc4ecd73f241bda6732be29811d67ac68ce45e89b256f530df93fbf36760,sals800119.txt,3d32b70d3be4315b84f09f36493abd82a82297ffe15a99b863fd8c4768c1e966,0,nofall,exact_stem
8,Hop,Subject.8/Hop/HopS8.avi,train,119,sals800120.png,c367e1b54a61564e38d27a649cf406d1feafa992379a6b9ba1255ad6d6fee01d,439ea520e10eb01655cac69659df4d1bc72c91b179eab1cb9c5e2ea034fc9d5e,sals800120.txt,c6cdb3298f1ad3a5d721fc7651d82893d29cc9b3e3c123f67da34a78522b48ba,0,nofall,exact_stem
8,Hop,Subject.8/Hop/HopS8.avi,train,120,sals800121.png,e9cc980564916787eacfa6636e86127e35f48110ca29cbe1ee33a218ad4b42ca,a215f7224206faf19767ee568f01b7df9be87b3d36a247e117ea0722fcf194a7,sals800121.txt,29fe28f8c0ce384cd8317982971ebe4e6c01d845e1fda46d68ed49919d4bd708,0,nofall,exact_stem
8,Hop,Subject.8/Hop/HopS8.avi,train,121,sals800122.png,aa26637538314eb60b66e1bcdc2386a8f9429e48a506b48877ff0fcd9a5758f5,be27c5f58fd82504fca5f2549f809b3c6a79fe7a81a347035d9f765c9b2504c6,sals800122.txt,272e3e1399a0855c1269980015341a6122f5bb32c2b02d023257979aa20d7e52,0,nofall,exact_stem
8,Hop,Subject.8/Hop/HopS8.avi,train,122,sals800123.png,034efd6add9923b6885ba623502b30c1d2471bfcadcc3ef1b26947e833c3d5df,b50e44c4074928a32f5b986ff550b1829e460cc5949b979a37ccbb07d7bd9050,sals800123.txt,c1bcd290bf49a19891989a34a0b1b96585d31ddcf1fa07e472fe86d83aad6837,0,nofall,exact_stem
8,Hop,Subject.8/Hop/HopS8.avi,train,123,sals800124.png,e2967a8da056e042ea7373fffc3e7fbf320d3439bd5caaa130ed74b3578ca5b4,28853353e2c6fd90a588df74a7ef059bbd392746eb352b2f1202b0642e1fdb07,sals800124.txt,b9a8da767d3960d748f04195857cd344844ffbc0f53892e72547e5c6cd16a383,0,nofall,exact_stem
8,Hop,Subject.8/Hop/HopS8.avi,train,124,sals800125.png,7ba40667529648ef0428b89d478f430903630cdf16474390cd62664bff56d98f,5f7cbc34d3e1f8a18b570958a10f3120a1266badcda1470c2846f645e01c93ba,sals800125.txt,5e16130f11a4793b03b05de617fb341d1b12ed430fa1f58622eb2c5263430a74,0,nofall,exact_stem
8,Hop,Subject.8/Hop/HopS8.avi,train,125,sals800126.png,e869fae8bf48e24c013e6c9aafd25a78d076276a80f4d275ab088024234bf9e7,0626dfbe0803a665caf0e09f5e9dfa8f2cabb6868eb1725cbe10cc3aa0bfca2d,sals800126.txt,823c5a6a1fef995c3de52989b7969c390a3a1d637d6d52a84a6dcabf5a14b4b9,0,nofall,exact_stem
8,Hop,Subject.8/Hop/HopS8.avi,train,126,sals800127.png,dc86f7ed2568a463afdced1371b0d38d438a6145358e21beb761b297e1e8a9fa,cfa3f5c74103b6f858a6d66b3abdbeea00844a1765363ec45d2dbfcf3149d85d,sals800127.txt,96243acc075d7882e8b92d62878bc2db3dbe9796c100463bfb44a69ac4ef3db0,0,nofall,exact_stem
8,Hop,Subject.8/Hop/HopS8.avi,train,127,sals800128.png,0e22f480c2f8945ab2ff50a0c2c74b3191c98cfdc5791dfd1a95cd6f412e2dbc,7122eb6799149d923a7eae65a74f7f876c789b0cf37d5dc8603d6d0ef75a4907,sals800128.txt,a27a790c4bcdd6c6f569bffae025d393c257efc58b6f9cab0d8b92e95ec8a71a,0,nofall,exact_stem
8,Hop,Subject.8/Hop/HopS8.avi,train,128,sals800129.png,7244b27b1387212297caf474de5e39563b55d6c3c73adc00e5e266e647d0b165,1c1fd576b888ec4f5e279532aefef407d014e3732278261bbe362dcfdaefefe8,sals800129.txt,981e7af015c62c40a0eb478ed875270c457021f9535164bf852c3ad90775696b,0,nofall,exact_stem
8,Hop,Subject.8/Hop/HopS8.avi,train,129,sals800130.png,f9e7d4f56a9ac929c13df37e6a2f1c8a3f013d992bfd97ed2f7012cb3fcd44a8,959d7f26f922c79eae1b704e3448c197533db5044179a089f1be79cd387fe517,sals800130.txt,f3159c7eb9f9ef010e2097183e3e07837eb77ce853f064d40c48dc748d80113a,0,nofall,exact_stem
8,Hop,Subject.8/Hop/HopS8.avi,train,130,sals800131.png,1d7d4d19f51310b9493d136bd1afb9b7868284f4c943ab2475e54a8236cec0ad,792e94dc56b47723b25f4d9387fbcba3f094f915f5dc58e4724665eb9e02c2f4,sals800131.txt,54938ed28145c09b36d67774ab566270aa22be0a8f31e6e99ebe201e9b9cf21f,0,nofall,exact_stem
8,Hop,Subject.8/Hop/HopS8.avi,train,131,sals800132.png,0a0fa5a1a723ac2d8b4383943aff249c924db651c415af6f95088f484b803677,3f63c68cfbf6f294a96fe6e32a71889762eb5bf1ddcd364bbaedb3f999897045,sals800132.txt,b3bf0187c57ad20183d21dad8bd2dac8df3299c255a9a48cc2f5e5f204f4216b,0,nofall,exact_stem
8,Hop,Subject.8/Hop/HopS8.avi,train,132,sals800133.png,2813ae69cd4bca4c9cdce509044c0a779116d4e83d5f5098fc536f2ee33ee668,2e776e67f684d39e6744afecacb63628129288bd541043a9ecb58edc81b8da3d,sals800133.txt,7cbd1d14c481d27a87244695ef2e7269cf18358aa3e8ca7a4f83991d26dadd10,0,nofall,exact_stem
8,Hop,Subject.8/Hop/HopS8.avi,train,133,sals800134.png,befe73a24565420e9284d99964fc26dc9398e81a6ddaf677f75b5c4111a71bc6,6e9b5690da526c0792524cc4138620e03381be87492ea86f9d43011b290c90e1,sals800134.txt,12efa5cd10fbc7c3ff5ad72c9c336c5d14adc4c46a4a4097ea74cbf28445df64,0,nofall,exact_stem
8,Hop,Subject.8/Hop/HopS8.avi,train,134,sals800135.png,b63ecd296fcc5ef8546e24c81239a33b8f69e50bd01109e9a863e4527059fb3f,3a6b38c2581f35bb622406c125b8b3bd0747304da26b53b1a9367b25bf208bda,sals800135.txt,7d88b5ba3f810ed1cff68cc4f46339eb053febd00c0365b3ce94f0d86434a8e2,0,nofall,exact_stem
8,Hop,Subject.8/Hop/HopS8.avi,train,135,sals800136.png,5aee3d9309d965db738d1bb16fe589e993d0ac83990a885bc082f3e9d8d97837,4d1b23a25cbfdce984041926d3ae9fe6eaeb9a38145e1a8ad456a3ed4b20c552,sals800136.txt,85877319b48aa264d0a475709cdf4656cfd40a7d638d1f379182b60495a9be50,0,nofall,exact_stem
8,Hop,Subject.8/Hop/HopS8.avi,train,136,sals800137.png,204341157c207153e60f7e90a4ab97c0598ffec4b655794a92a45a50412ea242,2da4cecf299570abc0e53d4da201b54fa089b6164d2cc4ab4e14568be24c8419,sals800137.txt,bf62cf7e7043fc9fcdb849e169f13e2b1879bbdab2279b7498895d71f293e014,0,nofall,exact_stem
8,Hop,Subject.8/Hop/HopS8.avi,train,137,sals800138.png,721d4e3c048d9ca2bdb5d2f01fc9c6c6724c70e790834691c06b034b327bcdc1,0ca38c8b1af232e3de1d02b5c2894a712e6de87a0bd2f1d6d27940ac44ec8b86,sals800138.txt,06b5bc3b23f595f144b7be09eb503067fec3534f56bf292ea3381384eecb7996,0,nofall,exact_stem
8,Hop,Subject.8/Hop/HopS8.avi,train,138,sals800139.png,9e71cf43fa0e87962083ddca0e2ed3ab025471b326139361d2a63908e0f32544,2e40f4f5591a53726f9861e84f44417dee088ce3b38a3affaabf6553efcc3bf0,sals800139.txt,b248449a314d9d1f36e82e047c453bd59a64509de952392c5725e7a1a060b000,0,nofall,exact_stem
8,Hop,Subject.8/Hop/HopS8.avi,train,139,sals800140.png,a4f81ef117470ca4877ca4d5e87b0998510180b26a989fce4e08ae289751e85d,901dea644efd38d01c242a0b8c19f5330c787aecf6d7fe3af2718efb3a4c5ac5,sals800140.txt,4acdb46ae9c899ffde8aa6f6513f3e28eceb9a2837a519a3a52899218003f769,0,nofall,exact_stem
8,Hop,Subject.8/Hop/HopS8.avi,train,140,sals800141.png,e237fa6bef1ff7ec943c5b08d95299898da84fb8bf34fdba2ad04a9428f93e0d,5b48e5eddcd65e47265575bbaa8fdc9f404177cb88a66941d212e14098a5ae51,sals800141.txt,d95d4eadb0ff140bed30a8de85d9a3bb58027dc3f3b229b8d2877461d5fccad4,0,nofall,exact_stem
8,Hop,Subject.8/Hop/HopS8.avi,train,141,sals800142.png,0052d0091f46ec7d428b323456e00f5f8a3eb05aae0ef430367a08b153d45f92,5b4cd102f1fc4a000abe7b01a7c45174b500a84b65e923686e375e49ba270e6c,sals800142.txt,9c24d7d86ad5a14389d6faaf3bda852538942587e6de59049b71bc8ca97ee19a,0,nofall,exact_stem
8,Hop,Subject.8/Hop/HopS8.avi,train,142,sals800143.png,70f2ba72fdc934a896695be73c07825fe14330e6b9d4fe1a22163a7a1d88a455,9f5a57df4c7b429d8e42c7d57034ccad06f7c284fbc232e56e683595bfb49c94,sals800143.txt,846d42b11661dc2fcae9350d923c711f6cf2811cb4303aed3099233770e63c5f,0,nofall,exact_stem
8,Hop,Subject.8/Hop/HopS8.avi,train,143,sals800144.png,20a14a4e982765bb4e9ddfe7a166440dc2c2c3be8935ca2ece823ea988d2be2d,e96de5e77e0a9b9c7918a630fe96104b7aff3da697db026fd9c579915c1289e2,sals800144.txt,4fbd48fce1832026bdc5338197502daf499cfde5ebd6acd1487c092f7b4666f2,0,nofall,exact_stem
8,Hop,Subject.8/Hop/HopS8.avi,train,144,sals800145.png,59bd608350c967db081153591903ba290e0474243b6d185bf9b531feba24ffd7,05800cb02ebf5f7ab59e755cace3ae617e15315cd04847ee8e01d191d0675df5,sals800145.txt,2a23dbfed5251d8f6bc890342e5bad01be4be7d3a79f96f507c54574bc5beafa,0,nofall,exact_stem
8,Hop,Subject.8/Hop/HopS8.avi,train,145,sals800146.png,f5c5b3384c5ebb473a0b1d5875ac0c7bba6b798fb6cec3b0600c726e18874fae,636bd04a62fa4cf12915b553213e48a423447025724892967d75c1dbb1c2daa1,sals800146.txt,1d12109efcf3a73feedd01ce243ce1f8a065a30019c539d50fdd3e43a492035f,0,nofall,exact_stem
8,Hop,Subject.8/Hop/HopS8.avi,train,146,sals800147.png,961ca3e03c78ad78a73be2392ad5254c95a8893041beb1a986cf86983a5f151e,acf6f36503e59da991a0eb05663252762d8680a93f8bbd8d21abd1c2b75285f3,sals800147.txt,658eb93d8a27c1575c96c095b075bd15894d76704b663cb697ff0219395d11bb,0,nofall,exact_stem
8,Hop,Subject.8/Hop/HopS8.avi,train,147,sals800148.png,d2ddd416d6b9834db1109288e8dac6b294ec48171fe924d6b59efd6419b30702,15b86abaf86d2731905aa3a3f1841c7410350c207bac691a0a4d2bed6071ea71,sals800148.txt,1e176e61726bacb98c7bd2b9682ea3854c46b2ce077525eb0c54b09097b47442,0,nofall,exact_stem
8,Hop,Subject.8/Hop/HopS8.avi,train,148,sals800149.png,fb3f2778b6dda0d3abbfe2892f6bae39642f834a8c9f02d3eda063954e2b12a9,e4cbb3afe17b273aa1575fe81abf9cf561b95643c48d9843c54548f1f91e9bf4,sals800149.txt,c68fc16fdce5861a67a304224f6d18e3b7f57ead3988fbbba009060864fca105,0,nofall,exact_stem
8,Hop,Subject.8/Hop/HopS8.avi,train,149,sals800150.png,4205345dae9a6c92b795895498437329cba8d086f023190d45a1ddd8e5f21830,57bb28857d0d3656ba092e689bccfdd2c844c1cee1e47e113533e868a30a4c1f,sals800150.txt,39392b21432e3275513530d60586f29c03215916b22398083fd1fac2280ad478,0,nofall,exact_stem
8,Hop,Subject.8/Hop/HopS8.avi,train,150,sals800151.png,d2a9675c2a262b18226c153932d66224f2b05c841fe1caaf8f5f7339102ef0c1,c84069b29273f0ad51cb3836be87e1e3a28563e30445d420b5ff34138506f7cf,sals800151.txt,a53ad8e55b5ce38eac1431e7a1bd8d9078add05692acf420fdd2da44ffc1f562,0,nofall,exact_stem
8,Hop,Subject.8/Hop/HopS8.avi,train,151,sals800152.png,88eabf4dd6c81e241960bb72fdc3b5e10fbfd9491c80662366c037d60fc77c36,7dacc034cf8dbc793d21d337c779cb2e343a5a6a5dd1554f6942ed064f85e258,sals800152.txt,89e2326ffa424da74d39c357b463121224c8eafb5eeab4af6e2469e80531c5cd,0,nofall,exact_stem
8,Hop,Subject.8/Hop/HopS8.avi,train,152,sals800153.png,abf5279fe83b84b6d05c3114c1af1c741b22789d3ce00101f47f172563951e00,0cf35da7fc9d89f1639bd5414a6d8aea6cda049ab957227820d53a18b2de4277,sals800153.txt,751614dc0991fdc33db0d2b0768379181bdc0f24530e1e1252e2218b96143617,0,nofall,exact_stem
8,Hop,Subject.8/Hop/HopS8.avi,train,153,sals800154.png,249b56dce9e038c5a8184c1b089ba644daa7419591468edd873f7dce9379d6af,a56c4e9a08b0b434d24a8747f8264b9a6e753a36782f5085e1452eed89b1934a,sals800154.txt,a5694f1183a58e60161911e2478de7656f888d1b9feb0094078df88eb6a4f496,0,nofall,exact_stem
8,Hop,Subject.8/Hop/HopS8.avi,train,154,sals800155.png,d4e77a04fd74938724f1f4f27b3cce9c6170abe182698dde9f4604e49e673fc5,ca8e8d444932f4113a37b2e90d935f052837b6041e4bb19f84611822647a78a7,sals800155.txt,c0943c9d5a2b63d2d5d26a817ba4dcb4413ad75c173b0714999f030674311478,0,nofall,exact_stem
8,Hop,Subject.8/Hop/HopS8.avi,train,155,sals800156.png,82ae0e30f481a3465c19f1c652103c0d03c15463a6f2551703cf5f8d804dd46f,dea911fb1ad3e3d11ad9cfc726cb04bf52221e806fde4f47ed7ff816954fbf2c,sals800156.txt,67668d4c3dcbc98ff6b0385935d44cf36885fc20ab96f1bf0fbc635f6592cb12,0,nofall,exact_stem
8,Hop,Subject.8/Hop/HopS8.avi,train,156,sals800157.png,9850a2782ffb6c7249fc427c571c644e0c576aaa4de1a4652f2d971f62320a71,e8d050042a3195cab15ee45ec0614dd2986cea6ce1b5c6d77e715c7efbe57870,sals800157.txt,6e10e416bde87ea74ec69c722f9584513b11e7fe326c38a5935f6cca6e5d3cbb,0,nofall,exact_stem
8,Hop,Subject.8/Hop/HopS8.avi,train,157,sals800158.png,4ac2946061570e3db53a487afb9fb92d9301a0efa8bb05618361c532fff5de69,08d3b7be02b9e6b765e7804d2f2e68d2a14f3334e22ef59762fb315dfb21efa2,sals800158.txt,7566eee4645b53e9aa0c26fa15adfc4c1822d559e7b466fe40affea5ed73b0e7,0,nofall,exact_stem
8,Hop,Subject.8/Hop/HopS8.avi,train,158,sals800159.png,03a0e676faad957855b6b183edf9a2443c9abb49e8bec517654e6aab0e2ab376,83a8e4349fe98d2b54a80bc01aaa367096f4bf0ace6ebeda4cab24500d0c0e22,sals800159.txt,0cb12a8b92b96e8f1b500b957c1ea6309a2d2c5f81650226dfb6ea02be3336ca,0,nofall,exact_stem
8,Hop,Subject.8/Hop/HopS8.avi,train,159,sals800160.png,755d60818c3c4bdd1f9ccea2aa46280dcf23ae68d99246cd2a6b9fd5a36e99c2,f240b04db86cd69db4fccf3e4752cbf49a05ea3d68690a0459ccddf242a2988e,sals800160.txt,53add23475698ba981d900b2564528334e35487ba83d58e3661d084761bb2ac6,0,nofall,exact_stem
8,Hop,Subject.8/Hop/HopS8.avi,train,160,sals800161.png,e34f8cbdc77ceb08db676d79d701b1541c77b08a5cf929466787d44f1feb165c,c48429bdc94bfae23aeb651de9e94c1eab7a80685b2b566743f9ad4ff727c8bb,sals800161.txt,00bd47f3c44693f0a401640eccb799effb34aaf41c809f2473eb71aa372da407,0,nofall,exact_stem
8,Hop,Subject.8/Hop/HopS8.avi,train,161,sals800162.png,e7dfcd6929ae84d2b7ed01998897d38c546834212bfb452438ff44b1066a9e25,92eeabf233caa4a4fe17756577998fdebd3adc5fd03381132226b9a380af7d40,sals800162.txt,cb46570597e7b4aeaaf40da4121a8f40f91357aece111b0baa5c2b8ea2821eb8,0,nofall,exact_stem
8,Hop,Subject.8/Hop/HopS8.avi,train,162,sals800163.png,68ee2f14d19bc1727d5cd47ddfd667fc53a3cf74ea2b6cc586425c4c7f1864d2,0e531e803cac9890e196bf09d336df3dc4966e353c278be80bfdda00beac462d,sals800163.txt,7e67d1b69dd007249b6506b62a38c7fd933451ae8ec1a4d50539edf5c0409f17,0,nofall,exact_stem
8,Hop,Subject.8/Hop/HopS8.avi,train,163,sals800164.png,13cf54e67470b9646eb7a1968f45323a13ebf0a42b846cd7ffd910bacdc236fd,6c57d60845331fb2d72a471fefd7ac85ddb28d5145d7c3005323fb1f2c604b0f,sals800164.txt,04c206013cd3665bef477a0789f7c70c773806f925f92526b345c7a290c173de,0,nofall,exact_stem
8,Hop,Subject.8/Hop/HopS8.avi,train,164,sals800165.png,cc15309aaaf95a42484c6f0e30f21757f421bbc493dcb20cd491f55341923760,f982bbc458d134fcc66ce120bec63a8d1fabbc4b197046f1e63808d38260504e,sals800165.txt,b56b3a437141504bbd5478fca492fd47238f667c19ab9626b8bc0ed1f9d2def4,0,nofall,exact_stem
8,Hop,Subject.8/Hop/HopS8.avi,train,165,sals800166.png,3121bb001aa466ba7c072dff2feb5eeb6133a9439f8988ed0b6aaaa38892e4e9,4c6bbbe83fd75e4920343ae48fd8642549ea67f1978df772982024326eaa39fb,sals800166.txt,c1b77f95100c979b4fa822c14c61a9892dde5bd13bbd635704fe6871ddafd17e,0,nofall,exact_stem
8,Hop,Subject.8/Hop/HopS8.avi,train,166,sals800167.png,dd7c8b26e86c68133f193851daed1c4451742708ed26f96e969740c6a31b424e,6c5911e730f8ae9523c83e3161743622f643ce315b7c0fbfc32839b0433f0fac,sals800167.txt,d8fc1d61c6ec87a5520286c56f7a300b7b1c75ba88e20c582f918ee5b36ad54b,0,nofall,exact_stem
8,Pick up object,Subject.8/Pick up object/PickupobjectS8.avi,train,0,res800001.png,0a86ffe93b1a7df342d9536b761f28702ab6943359a195fe2bb48f902a76c8cc,eb2aa551aa67c567d1fc5ca9928df057128f4fa9c6a27d5c20ae2675cd07cea9,res800001.txt,7478e13e3f5d044854372d64209bacb06a76785e7c8b090d5b1ad7d38d9f3ea7,0,nofall,exact_stem
8,Pick up object,Subject.8/Pick up object/PickupobjectS8.avi,train,1,res800002.png,32e20e4f7f3eeee83b1ecfb8653de3156011cd407798a3421078806b845a4748,67de22276a8e9186707c5b60e93fd7808a18a1d24a61d1a729221a9f078fe218,res800002.txt,a7ef4d887d03237b867fa93ac17b7713e59a619564b37abc2915052e8332b25f,0,nofall,exact_stem
8,Pick up object,Subject.8/Pick up object/PickupobjectS8.avi,train,2,res800003.png,768a45b669503be6cb3a2ac967f3895930b7e1a4ee8c487ea04e1ce45d3c38a5,f268bd8f9ef82a0611d5ab9e59ffb56bd4cefe4d89cfb14613132a0df350b318,res800003.txt,4b5033d23fe11efea0b9f9864978ce9db682871cee62704a848114da9f13a484,0,nofall,exact_stem
8,Pick up object,Subject.8/Pick up object/PickupobjectS8.avi,train,3,res800004.png,1e7f7f4b9972d4700c4337f71a9289452195e80a380512724c72a749da9fc9ee,0ecd67b6a37656091717ffe2a8a8663862d5d5bc2cb83739a8b5601f9e037ab3,res800004.txt,98f4ddc0157934f0f6ed16723071743665b3609930ee5b559ab8b09573889857,0,nofall,exact_stem
8,Pick up object,Subject.8/Pick up object/PickupobjectS8.avi,train,4,res800005.png,2a6dadeb3816361654e352ffb195c87a7e160ad5890663b968b41cb24db78d99,000c132dd8c36e4b6fdb53f726ae5dcecbb10a66a28d0183f32c3f2e0eca7b84,res800005.txt,d9f60fe64a9153b5628db472b7f57afc71f380d72d8a19b6661deb403757b941,0,nofall,exact_stem
8,Pick up object,Subject.8/Pick up object/PickupobjectS8.avi,train,5,res800006.png,c64ecbcafd02d05d8f63bdfcce01aafebc5283bf11bcfb128c78dcc950f579d9,ebe7e71d6a80d49d3aafacc9632092a3a917be6dea130dcaf9b9eab10bbcbfd1,res800006.txt,ed44e7a1bef455fef0554aa1ab87764dab22c6d9da4960192da79d0ceb0ccf92,0,nofall,exact_stem
8,Pick up object,Subject.8/Pick up object/PickupobjectS8.avi,train,6,res800007.png,a4d30d1314a9f196e44cffb0a593f490673c95fd8d8ee130f74f8fa03020b9f9,2ed199ce092869e4f89ae6108123db908f0ebba5c7b873b7df6bb903d80b5357,res800007.txt,547bce6006d445972387899b7869fbae255578af925bb106345e9fc2e265513f,0,nofall,exact_stem
8,Pick up object,Subject.8/Pick up object/PickupobjectS8.avi,train,7,res800008.png,85312df152d5f63d998011fe77513b1a44964a15e89fd3004200ad92be564a44,285b840e798d1f20503e59976d514f84989de7efb07979647d411778eeec31e2,res800008.txt,07f7470c68beff7ab336485fe35307ce8c4f24a96a664fc981d1afa5152d7707,0,nofall,exact_stem
8,Pick up object,Subject.8/Pick up object/PickupobjectS8.avi,train,8,res800009.png,dd18aee4050aaa57f312ece9352d2f1492ba16cb9ac0a25eab36e9fb0a7dbc32,2dfa8becfa58625e193f3755cb716260fedb8d7d0043d5f52e3a3414f20e12c4,res800009.txt,94efaa270806195a29e873e0413b7d4bbcebf896f35f16087b3443dca309a09e,0,nofall,exact_stem
8,Pick up object,Subject.8/Pick up object/PickupobjectS8.avi,train,9,res800010.png,071fb7afd661ee557c05f30df8db6bf65a03a5b30ab55ef010a4c8ef680c064d,25e503101a66f2dfc16c760be2c067205de8e102c46fe71663126c3f840bf925,res800010.txt,565e8b45667b126f4fee48e9dfeca68f06192da6371aa4488915c12a246b3524,0,nofall,exact_stem
8,Pick up object,Subject.8/Pick up object/PickupobjectS8.avi,train,10,res800011.png,9a55295e76022033e0f3397bbe607ff3e5d5badeb98a299665dcaf6c60cc0430,28679d5a17c80231902b70994bac597332d4cf3f16d0bb919203c716224fe059,res800011.txt,dcdb61cb26bacedeed1f6607d58fb8cc55f70238f80474530855d8f44f220576,0,nofall,exact_stem
8,Pick up object,Subject.8/Pick up object/PickupobjectS8.avi,train,11,res800012.png,351ff30eea4b0112e36948527f9b1458e0c14a7f512ddaa4930a3de6a3d609f2,5b511a3fc6ca18bf969508355d3e251c79315cff581cced174ca12a278b77a12,res800012.txt,8e3ba02bd62f1b1e1ecedbb5c32be348219e012a4bd83ba59b425052c4b06938,0,nofall,exact_stem
8,Pick up object,Subject.8/Pick up object/PickupobjectS8.avi,train,12,res800013.png,230e6214ea1378901091c45460fb3a0999440cfe0137c5b2ba66792a419e92de,a4927832f0f268902afff38e83962464e724118b2e4e022ea7992524acd4d2a1,res800013.txt,13daa4b84854218a43cb0902766ac8b75e177006840329c03127f44e6a0f918c,0,nofall,exact_stem
8,Pick up object,Subject.8/Pick up object/PickupobjectS8.avi,train,13,res800014.png,85d4713a4160d8c43ccb7e2f1ef1f6571002030fd51a2ece0a77502f29bd08fd,e6bc3b548dd665d3464e9e783f079d69c9d8ab5ab17ee6f4f9e484baf3655c9d,res800014.txt,f94fff09409c667721abfb8a8a1d62016f760ffac67deb944dca86c43e267e6a,0,nofall,exact_stem
8,Pick up object,Subject.8/Pick up object/PickupobjectS8.avi,train,14,res800015.png,7517098bfe38655a1cc3ef00f784b48751f20d89778cf25344f5aba7af267430,0a9831879431a4952bb5594a15c27eaa740088dc6cce6d9feace7ce92aae9da4,res800015.txt,195f3ef0e1d837fc1c0cd4a6fb04a4bcff1adf0fb2e7242b8fb99ba15f694c64,0,nofall,exact_stem
8,Pick up object,Subject.8/Pick up object/PickupobjectS8.avi,train,15,res800016.png,3f6511410efe040ed65dd856943ec528bf6ed057683b289728bc601be7b89db3,1f3a2dcc7f0f25f7b73ee48f7ca9f67715456d07992a697a07f9f90ea80e3a8a,res800016.txt,3d0bf2213671a3ce13b4e601f1e37a1bf4b929d45f2a62b6404b000c0b5434d4,0,nofall,exact_stem
8,Pick up object,Subject.8/Pick up object/PickupobjectS8.avi,train,16,res800017.png,dd8841b8cb44a2118ba79b657dea977b3c5ee8334d896a0b6848a7e34cfceb8a,e91fdd4b822e61677868f8d01a7165d436ae98d8e5695d2942ed63e818bd97c8,res800017.txt,ac6484e93d0ec27667cd58af687bc7eb92e15533a4fa37f8b2a4a5c4c19c6d64,0,nofall,exact_stem
8,Pick up object,Subject.8/Pick up object/PickupobjectS8.avi,train,17,res800018.png,681a47c88e3f7181aa19811c2756eb841a771228057a08819425c0e531709a91,68964c7bddde408185bdd749f4c1ad503356fe5233a0250867d22e74dfa6b287,res800018.txt,6c5ec9f4db1968368ec780fd57ab7ea8663b2993d4734c45a5024ab8e345125a,0,nofall,exact_stem
8,Pick up object,Subject.8/Pick up object/PickupobjectS8.avi,train,18,res800019.png,d6986853e0d2b6765cf80d86d5519ddf7e1a25da21fe109f4e2f6265ee455b91,1effbfea9f9c5e0c60c2637998083c68988a7adbc6b7bc4070a41a1a4022da28,res800019.txt,621d17ee22e746582158ab4018e17e75fc653fb1e804fbc06ab1d434e31e9d1f,0,nofall,exact_stem
8,Pick up object,Subject.8/Pick up object/PickupobjectS8.avi,train,19,res800020.png,34f8030198b2429444666285f6df98eaea2523e715b96a01bd7998068100166a,483671aba698021fe5db0c662d6a65fd504078f63cc904fb403efc54665984db,res800020.txt,345b19e669ef7567d95ff5b965bbf5241dc1b11cd179318405eb90a4bb683b4c,0,nofall,exact_stem
8,Pick up object,Subject.8/Pick up object/PickupobjectS8.avi,train,20,res800021.png,df687cd98a9cdac3083f1584e378d21ce78299b7313b2e834f5706811402659f,fd77b0cd0f8e9b16de3f6b68c9bae5abb81e4e45ed0694cf15a7cc83e43750f9,res800021.txt,9901c46e079b1ddf83c8ed22d6d47972a2481308d217dd7d2970c3d88e5dd402,0,nofall,exact_stem
8,Pick up object,Subject.8/Pick up object/PickupobjectS8.avi,train,21,res800022.png,e0f498a743316d06bc42c511034b8a3028c8bc619e74256fc7c09e69fcaeaa0c,ce5599d712140522eb8f7f8de54097c9b73d9ac604472493f84d1e86e13ea0a2,res800022.txt,53e47f29dd1f7b09d5c305774781b6b22e4c9235d9157cd7ade8f44f94f949d9,0,nofall,exact_stem
8,Pick up object,Subject.8/Pick up object/PickupobjectS8.avi,train,22,res800023.png,bb05d098cad170881c913fc910efd6ca851fa26331b0a973f25cdd599e520eb0,8ab6a3ab05fcc7c84a6608c34cb317d1acf64dc309e24da9adb88c5a0a0ce678,res800023.txt,103887bc1e7f82943005121da374c0f3520b7bbf7bbc1d74cfc0d91ae2fd5d22,0,nofall,exact_stem
8,Pick up object,Subject.8/Pick up object/PickupobjectS8.avi,train,23,res800024.png,989d75d572495c8581ba941f42a15f3b145d718948beee621104f07f2d04967a,046887fad8fe95d865e026bdab9a7eeac8fe5b65067bea98de4fc0ed3494d6d5,res800024.txt,a4616eae502a78177c716d2e87752d245b821742dee31ded04d05ab54908d9a2,0,nofall,exact_stem
8,Pick up object,Subject.8/Pick up object/PickupobjectS8.avi,train,24,res800025.png,fae96ac8b8f977f0af48c35a0ca65b84dd945f592725afd4f120530e1076a9c8,f1f35244d9fef3def8440e905ed27af36b0250ba24840b8bb6134bb3360ac33c,res800025.txt,3859132ad3d6b874a1402d56e3544683227a28677368cc9dd9f9857e4b57a6ff,0,nofall,exact_stem
8,Pick up object,Subject.8/Pick up object/PickupobjectS8.avi,train,25,res800026.png,81737577e3322ef387646be3d73e248166cd9fe3acfa31008c7f16881b470446,0f1d80af5c4dbeb38d662be215f98d5967111ca7cf2c8ca7b45ad5e693e172cd,res800026.txt,d1614359fc7b96d2cae94672fda424928a98019e8714c1d2efa2e2310a3645c4,0,nofall,exact_stem
8,Pick up object,Subject.8/Pick up object/PickupobjectS8.avi,train,26,res800027.png,4b8644c7760c48b85c4d5b6bd271b840709343913037fabc28d51ec1a3a94c9f,8f45e22e0d6c7819b9c832a39f94c4c058ac947b76137d274ebf9766ee1f8d82,res800027.txt,743e9413f42c390107d29ac2fc01b2283ab9bfc47948822e547800ecc78dfdaf,0,nofall,exact_stem
8,Pick up object,Subject.8/Pick up object/PickupobjectS8.avi,train,27,res800028.png,a8f5b3dce3d5ef48bd6a0b200764870d116a178ba585a1c24b42113b5b90e283,94b27c929fe2ec5c16790c7ca46a038212eddd877f28b7866ff4d95dc7017fd0,res800028.txt,d1f9107023afa9ecc26657fb72cae5e902a9b7504c90768f7ec4f84eaa0d6ae7,0,nofall,exact_stem
8,Pick up object,Subject.8/Pick up object/PickupobjectS8.avi,train,28,res800029.png,e30bcf3c55bbe0602a4b68d2564bf604950cfe2c460185a37d05a051514098db,9cdd88d441e550916943232fed3be154ad5c9153e2fe8a3869a9c27983e31b5f,res800029.txt,33c33687de93831180aea758c630fff88df9562be730a483ad6dd39696ab769a,0,nofall,exact_stem
8,Pick up object,Subject.8/Pick up object/PickupobjectS8.avi,train,29,res800030.png,188679467be05ed34a64dae9b9a8f8811c90c693ba228765f7ae9ac975add957,112806c63873e0d451cb2937e59f9e74908335bcea92c6624d0de1110a81ac4c,res800030.txt,7c4e126f199af1edd0a3f2a87bba29dcb9e67544fc4565c4d20f48dde9eb9053,0,nofall,exact_stem
8,Pick up object,Subject.8/Pick up object/PickupobjectS8.avi,train,30,res800031.png,39b5523c350537a8f9783ccc78cfb2658f26b4262910a1599e081598c0819d3a,a820c8a0a40c1c58bae95630cfc99868e88d1385dee1a47173f759ff9c50c41d,res800031.txt,557d6cf419c713f137dcf9d65baa6844550bee2f595e29da8fcd5117a331fc89,0,nofall,exact_stem
8,Pick up object,Subject.8/Pick up object/PickupobjectS8.avi,train,31,res800032.png,790f41f17407c95e1652202bc574f531cb3949e84394f2df71e87c4e02c9dbd8,013e61d5c2a55ef2d0a5bdde7c6368f0361c628d2136a6e92bf967f18de6dd73,res800032.txt,3ea252eee5cb20e4bc0d0251c6f5edb072275a96b98a72e0c3502a78a953de1f,0,nofall,exact_stem
8,Pick up object,Subject.8/Pick up object/PickupobjectS8.avi,train,32,res800033.png,569f2fe49a4e1c3e41929b298cea91c8a3dcba6b14a89752d15c0d9ed850882b,c64d9ab6b7e9b0c0592d666194f95458c202d3aa13e48397dda5a7b9196068ea,res800033.txt,370f61ae2a77875771571258eb0308c26212a9e07999e240f53df64b0612e850,0,nofall,exact_stem
8,Pick up object,Subject.8/Pick up object/PickupobjectS8.avi,train,33,res800034.png,056b761563f0fea3514c7df3ffc2d4deac6da5d921a4837f67bfb6aa1d3f2bb1,8dfaa1a8b24f49cadfdbc6e85369061547ec6ef6c7c87ab32c2b2551b6f42abb,res800034.txt,d6899ab67d03a9b865578d0e957a04465811b9f94f27f4c27564ce023ec11504,0,nofall,exact_stem
8,Pick up object,Subject.8/Pick up object/PickupobjectS8.avi,train,34,res800035.png,bb7401f726e74a87fb8bbbb861b7b73bd98f837b3d978ccad0947beab4d767ac,c5758e0bd1e89bbec5d2c6ac36536cf14baf07d5310d34aaea50b9fffbc665ed,res800035.txt,d2f783c28a27f5ed852e1599d5d879595f9199581f2b78d9573c0fc617d89769,0,nofall,exact_stem
8,Pick up object,Subject.8/Pick up object/PickupobjectS8.avi,train,35,res800036.png,27951fe59e557b6674e8839e84d9bb3a4fc134d286abed1d9dba5bd59a4840c3,e9fc1a8b65dcaf487e6b38e91812f944cc7f163775cac5c93f4a16e8b2c37a03,res800036.txt,d3449ceadee18c0d72e3101f593897423dc094e6ea17ecde8ba3bb83f684666f,0,nofall,exact_stem
8,Pick up object,Subject.8/Pick up object/PickupobjectS8.avi,train,36,res800037.png,76fe52ed162ff3c5d9e48fc0bbeaa06d66edf71a2adaff3dc792f3250a249320,c3ef3962bfdcd847cfb401d3a6523fd352e67348904547dd2d7121d43ce0c806,res800037.txt,9cb48dcad5b556a08f9211594efbd3597e4ae7f1995facf8a21c7c7225c88c5b,0,nofall,exact_stem
8,Pick up object,Subject.8/Pick up object/PickupobjectS8.avi,train,37,res800038.png,d7b0e43867e355d0def2167f59c3d6a2be0cdd6d3dfd92eb019015f7bf60c4be,bc243d9fef8e2542d89a8f1b46ef75b3e23b42b108dca38dd007c9ff7cedd232,res800038.txt,0768ce87da7ed3c7f670e834c65a5a631ead624ecdbbb3a00bfa38bc6a3a3b63,0,nofall,exact_stem
8,Pick up object,Subject.8/Pick up object/PickupobjectS8.avi,train,38,res800039.png,8ed8220ce8a7ff41c9db0be3ef4ef16d71e50b8441a97b53aa90976e97a73021,185c44495c6c7652d8df25878ed1642933053a363d0979ba57ddd480490886ec,res800039.txt,a6f5177833a013509815221591c5dc51199b38ef5fbe3f6219f3ac910b76bb63,0,nofall,exact_stem
8,Pick up object,Subject.8/Pick up object/PickupobjectS8.avi,train,39,res800040.png,5ca57754524321b65bbf696b679cf45acf1b9ceebed295f9583c1c889812c83f,1c388cefff4cda2312f753363b80d05840e5752f2eac1a549b21353a2e3cf0ca,res800040.txt,8c030cda526fde862d3cce4a545c378657c945a6b6939406a0af458f3781c04b,0,nofall,exact_stem
8,Pick up object,Subject.8/Pick up object/PickupobjectS8.avi,train,40,res800041.png,43df8faabeb4f1310f0d0e81b117e5046fbf80d47917460056449c3f5113a8c1,14b5be856269eb518afe73c5a8ae127142b43568b85739467bc0150edee8259e,res800041.txt,84a59ddc95d81eb3ff81609659aaca8a13c49c45a37a47a9b113823e8f6d60a8,0,nofall,exact_stem
8,Pick up object,Subject.8/Pick up object/PickupobjectS8.avi,train,41,res800042.png,ff519001d59c96caee8f11fa47bb4c96d3932c8ae1598c4003c35d56bd1851d2,78248b34a45d6d77af57512adf3dd8389c1d75bafe0c67de9848feaba6193578,res800042.txt,c9c84273bbe3f7465e616e58ffabf0b0eaf5119c1234143286acd459d9ae17c0,0,nofall,exact_stem
8,Pick up object,Subject.8/Pick up object/PickupobjectS8.avi,train,42,res800043.png,39a57e4add8f26caf20a243e1bb34b18cd8729003d1c86e652b80b0354e33757,01575127926c5bfa38bf5b597cda4849cdc3c83706fd18ce1a10708195f00e28,res800043.txt,48bedb0adc9b70694bbaa7c5e723c11e5b73cff38c1700bcef48adb60fafc25c,0,nofall,exact_stem
8,Pick up object,Subject.8/Pick up object/PickupobjectS8.avi,train,43,res800044.png,6a83872cf7725951b46a74eeb3222ea746480b1d97f4b95ab6973976ff706183,8fbf0123c425f10367b09a033f9480e8dec5df9f527dbf7addcc11e25f97ad21,res800044.txt,db1177cae7f4f4494881091ca14441f8fa9cafc3e31c5b5a9855371071c881ae,0,nofall,exact_stem
8,Pick up object,Subject.8/Pick up object/PickupobjectS8.avi,train,44,res800045.png,7b1a8be8d4cfc26b443cfb7ba8689ecc145177f860961b0aa4808fa9da3c0f53,ec5bdf0440517302973a1a11be9db4afe0716007e1542904d73f3ac248270751,res800045.txt,9c6a2252c4522a49fcfe12fbc293f11b4fbafe1fea935a357dec2c88453f81bf,0,nofall,exact_stem
8,Pick up object,Subject.8/Pick up object/PickupobjectS8.avi,train,45,res800046.png,a1facededd5ffdf9cdb26e9f3eac1f48c720e06425f07659c253c31d61b67f9b,53e5a453947bacee318fcda5d6691ff5f7a6888d55c19e8f31561ed253bcb1d9,res800046.txt,9c6a2252c4522a49fcfe12fbc293f11b4fbafe1fea935a357dec2c88453f81bf,0,nofall,exact_stem
8,Pick up object,Subject.8/Pick up object/PickupobjectS8.avi,train,46,res800047.png,175a844f0adbc40f02404ab1c32c18a485b04374b0f2f75cbcd574a05b524d28,cbced127e7b507b85bc3453cbdace8fed2728a37ffa8bf4b08662355b9a4fcfc,res800047.txt,762469c8de498412f9b55edff0a59d69d29acfab235a1d7298858db752717512,0,nofall,exact_stem
8,Pick up object,Subject.8/Pick up object/PickupobjectS8.avi,train,47,res800048.png,17ab38c038feb3a94540391e34c60726729f5dcf33408eec913d871e2c49e123,90eab68fa6e101d8ecb6455992e488774f2501a35e9e0990a6ee2af18b38ca50,res800048.txt,896d7fad7ec78e95cb77572de6a9a087dd2ef44353a5ad9608553f1cbb57fea6,0,nofall,exact_stem
8,Pick up object,Subject.8/Pick up object/PickupobjectS8.avi,train,48,res800049.png,cf0945c571f2ded1b165ec6e1a5e881298e28954bc6bfaf5b4fbe6ec6032c530,450f39a36d8c1bcbf34f81cae6e9f5ae5830f8b2a74f5c12a0ee0694f130dd69,res800049.txt,f12a7fbe50b3960adfa7cc52d57b980c286894ddd5a8f5ba08035eea1c3dfa44,0,nofall,exact_stem
8,Pick up object,Subject.8/Pick up object/PickupobjectS8.avi,train,49,res800050.png,148062712b3fb682d6c179cb93d50242bd0b8782eba8315bca857ecc3b24550e,c4a5d5c6962ebdc609ce7f26a0eb29e66eac9ea48b0780bda53c52fe0cb2b924,res800050.txt,9f0149cac2ac57e1b8a6ed919e00e807c22293bb7f5ee6dc69b6ef4dada60e78,0,nofall,exact_stem
8,Pick up object,Subject.8/Pick up object/PickupobjectS8.avi,train,50,res800051.png,07e546c55c594948e9da94889024979a0f66ddd67c0e1c8662fb80c4bbbf1d86,60b6fab82715f5f7ab67537332762ffa926fb21ea4de8b7aec6b29550d96c240,res800051.txt,f3e9761a2d5cd4b425a840be9033e4f0258fdb8e37f6bd29329fb745c6192577,0,nofall,exact_stem
8,Pick up object,Subject.8/Pick up object/PickupobjectS8.avi,train,51,res800052.png,50381a0b14df71739cafc7bdb165b8e2463af4a3f1199ff36fac36c5f1ad6f82,db8bc0a983b8ef270b2950530fa1b61d7bfb57ea65e19730905cdb5fc16b57fa,res800052.txt,c3dae662410e5220344d6e4a64ba905398773c22d555b1fda007df8d47c60ca7,0,nofall,exact_stem
8,Pick up object,Subject.8/Pick up object/PickupobjectS8.avi,train,52,res800053.png,69e0aada2f4814af25a9cfa8c0746a14360f47871671ad029e9f61c58737f354,5ba2a251bbeb41b30e476f1b9d0f49c5385d4f288e4d383d0219646775db14df,res800053.txt,def114b479d6bbd7933dc4f61b6d245041dea3ecae002778eba862e42a1e7582,0,nofall,exact_stem
8,Pick up object,Subject.8/Pick up object/PickupobjectS8.avi,train,53,res800054.png,4e02bda006aeadf2527889bb470b9ee44f58f97612b08d595a0ff0ca4dab1cec,1370141bebad4ae799e80ae58b641b5361e94d59dd0fa51cfd823b42d27acc9c,res800054.txt,9481ae0be50b1d6e32b98f0ba8259fa8f98a260b90d26f681583ce57fe368830,0,nofall,exact_stem
8,Pick up object,Subject.8/Pick up object/PickupobjectS8.avi,train,54,res800055.png,b5a7d0a83b9e9a22a2f05a55cf36be30c3d2762b64a0119a181926e85c3c34fc,75a2b0d4547b1b8e4c1c01fc3219ccf76c52d8c807ddd54a5f6c0aeb79999f6c,res800055.txt,81e0d29f223e0f11883d0e6c1139a63c6a3ae8cb4fb42e0676dc8172778bbae2,0,nofall,exact_stem
8,Pick up object,Subject.8/Pick up object/PickupobjectS8.avi,train,55,res800056.png,3a68e41b1b358cf4ad4986deee0745636595222371dfab8974831fddb97e1b7d,d5188e786e3e5fd9c534991e6ded89c504d8ce31f4d07d19c096dac9725366ea,res800056.txt,48b0d3bd38e826c29c15694d230cb2ad47c171cd05a85267c75dcc269651f629,0,nofall,exact_stem
8,Pick up object,Subject.8/Pick up object/PickupobjectS8.avi,train,56,res800057.png,3fe625855813019db593e0e83cf25ccdbb6679df293d36125d829b4c7cc1a40a,268a8d354fc06cea013379334f4942f308da6ce6412ab440d076de0797414573,res800057.txt,4c1b79a4d5bf39fb81ada709f756f4332a0cb7e8298027f28bc048206296a80b,0,nofall,exact_stem
8,Pick up object,Subject.8/Pick up object/PickupobjectS8.avi,train,57,res800058.png,1d5d6262b2d859bfd09127dc8327b8948b58a09b1f2ac614a72146c84e424b7d,d429f8026d9fddb375e1594e225faadc6034a251db175e3746840152d1b6525f,res800058.txt,6a68e2b9b30577259b7bbaaa9d1fbfc0e47a469c5710955941c56bfb5a46758d,0,nofall,exact_stem
8,Pick up object,Subject.8/Pick up object/PickupobjectS8.avi,train,58,res800059.png,2ab3a2d8f1bc1572af34aaaed9ed61ad40fdce6c626d1b5fc415ac4758ee9f86,f72b5264d1f379fe07552b78c4413d2fa9faa24bbb8f48cece37ff799837ed27,res800059.txt,2f74199e412c57c5c2ab9c0ec2f46630e2fc6f35285cb3c38f4a636723e1de91,0,nofall,exact_stem
8,Pick up object,Subject.8/Pick up object/PickupobjectS8.avi,train,59,res800060.png,18875944e6a9180c76069d2995859f3c91fc821a9661fe37328ed2190ef50107,7d20b9356d476dfc6721a52f8e1ab190317a418102308f64d23c8a5a99b83dfc,res800060.txt,bdfd00aa700063046d19fb5be916bdf289e2d312cd51b07ad906e13bcb2596fb,0,nofall,exact_stem
8,Pick up object,Subject.8/Pick up object/PickupobjectS8.avi,train,60,res800061.png,fac4fe07042393660516302caf3fe417f7d1e75691e0e867f94b63e6f39ea4d4,625907b76c51c7cf55198dcfef01d134efc7ca5378edcbc34af0f096d98b83b0,res800061.txt,cb8e83ad0a6367407bcd1c092e0806d89f7adf3987184c201848fd14a12caba7,0,nofall,exact_stem
8,Pick up object,Subject.8/Pick up object/PickupobjectS8.avi,train,61,res800062.png,d193cbd6ce1928b1d652ba81d64c42b4968e665c84b6022718621b9bfc5a2a48,f38d6b1378cd52cd04b8d9f2b2512ad6688af25e52df92d6e357f0591b4b9e5b,res800062.txt,5f2256d52df5043a4bd65ed11dd9db22844adf6d13497182b2e4dbf56999f050,0,nofall,exact_stem
8,Pick up object,Subject.8/Pick up object/PickupobjectS8.avi,train,62,res800063.png,cfec87a045ae1cd0c64f9035e6a20fa8bf5b2d86e89cc730ae128ff7d62d8b8c,8f36533e4693f5cf65ed4bed5006c3ca420b1053683aefbeab2b861a7a520ad2,res800063.txt,210dc2044a405079f9fe060bde954677183592d7105766458ce8c434fb436112,0,nofall,exact_stem
8,Pick up object,Subject.8/Pick up object/PickupobjectS8.avi,train,63,res800064.png,870c4140262c2cd07732d76c56fb943b92cb7c544cee04270207d4761de62efd,478755b832689ad728880538cbd73fc9f00e85bb9ee41c9f7e5724b95fe0f7fc,res800064.txt,e5be5fef446d3ac5d24089a16326631ba1d7affd3056f98fa3067c74461c9999,0,nofall,exact_stem
8,Pick up object,Subject.8/Pick up object/PickupobjectS8.avi,train,64,res800065.png,b0284ab0375fa4c53929b5db1d7c07ce1704c582e0b455de63e1c5516f78f9a8,e42fd6215e36c161d19b1a2c2518dc363c153d6422f039eabb809138cec2b6a3,res800065.txt,b05605e6f5698a46a696ecdd1c61f0ec0c4bf68573d01cc32bdc8166b483fae5,0,nofall,exact_stem
8,Pick up object,Subject.8/Pick up object/PickupobjectS8.avi,train,65,res800066.png,376969f2fa19499dedab59612d83819270ccdbf8ddfdb06c4e69e8f5f755b126,88cd4a11df91cd6968f2946bbe0c982473d1ee29f513256d62ef157f571a2c18,res800066.txt,86522596f4fd343a599a88e9c6f685a648496e23ce78bedfbcdb201f2215682a,0,nofall,exact_stem
8,Pick up object,Subject.8/Pick up object/PickupobjectS8.avi,train,66,res800067.png,4f9631b6eed2d0e6a1f9cb69e10f586933ac1361fa6f5815b7f442e22e5ab81f,79a14e28caba0166d7e9794e401d741c67da665d37f3865cfc4fcb1a1b4e08ca,res800067.txt,11a42af468489b30646159a99d965560b63ed486388b6afb2e34c368bd597dca,0,nofall,exact_stem
8,Pick up object,Subject.8/Pick up object/PickupobjectS8.avi,train,67,res800068.png,fb407ed343b97dee15a27a3e657384789043b5d9e7c3fbf39a0fdc205d973ed5,b6dd9ebd51d49f719a8e66010b7962388a54a51de8ab879ff07c6da4dec55f6f,res800068.txt,ff9f31af3bdab012cd287a404724d4b98b5119254a7d46739862184261303d78,0,nofall,exact_stem
8,Pick up object,Subject.8/Pick up object/PickupobjectS8.avi,train,68,res800069.png,7d1605715bf98e7b4073634e5ae9716a6635f6e105508b2a50af68e4a293937f,31f1abaca45be488ef294a642b570ba5746c594cda29f8d5e981ecc1eec92710,res800069.txt,ec7b4a5ad3fbc732712bc1ad3d32a17755a50a73361d774f463d4970a5389f56,0,nofall,exact_stem
8,Pick up object,Subject.8/Pick up object/PickupobjectS8.avi,train,69,res800070.png,616428b9755a7060ed77f72ba89d5c7f4c24b79bf4d7148df510cc41b26457a2,2d005845a931aefc56c3cdce9c8edc8dd8976c038aca0e38044a531324b93056,res800070.txt,b2350de35bb1d545ab9cea0969323af977e3c1ea7b4a46861b785951abcf06df,0,nofall,exact_stem
8,Pick up object,Subject.8/Pick up object/PickupobjectS8.avi,train,70,res800071.png,dee4d3b3195604dce20fc5c8b230d8b5cbea2392e2869aa00d59d4132c9fa3ec,bda593e52bf6457672fc5f8581e2183936816f35e7ed53bf2b0483a4bfa1a743,res800071.txt,6340c5507e9c8a75872b12f66340c4c51fee29d0828693025f39ea67eba9686a,0,nofall,exact_stem
8,Pick up object,Subject.8/Pick up object/PickupobjectS8.avi,train,71,res800072.png,05b362c2d84a47845cb6c50c0939848d094ea9978ae79a71639b1f705d1e05db,09032eb4fdd4e339a75f75b63597a3bc23b3eb98ae399745e58a8d8439826b3a,res800072.txt,0ba6eb6d97420d9ba5c89dcee5423a72aa1da7d3710fbe484555fa15caf2477a,0,nofall,exact_stem
8,Pick up object,Subject.8/Pick up object/PickupobjectS8.avi,train,72,res800073.png,97f6dfb480e1abce22ba82b4624b80c7dfb5e57d03db5d1db8659d4d53223652,d7d186d25627bee2c35e0afffeda5bfa6576d92c0045ecf2bd5ed0bf9ee826e1,res800073.txt,d69314ff1f252c1088379bac16c4ae499c2259336c8255f81d1b08f75d787869,0,nofall,exact_stem
8,Pick up object,Subject.8/Pick up object/PickupobjectS8.avi,train,73,res800074.png,9d4937fae31ce67875eac632872df99a4c8678d70ff828d5402b28928b1eab32,1a19d28dfa6d85c1167f8f676b531de7e48452ef00a2fdb6c67e177ee37cda27,res800074.txt,990d0e0369450262ae543c0ef70e7d7881a488c872c613354795d2a52fa0e8d0,0,nofall,exact_stem
8,Pick up object,Subject.8/Pick up object/PickupobjectS8.avi,train,74,res800075.png,a8d3aa765778fd2860d12fc457538e73f3b596489abaebd8e3749d6a770cb833,e5dc43b351dc278714c801198c14fb915c7cf9fcd98e92d1902fd16d0db16859,res800075.txt,727a02a3788d34c429e91e501d653ba123839d94e3db3ff697fc8448f2f3eed2,0,nofall,exact_stem
8,Pick up object,Subject.8/Pick up object/PickupobjectS8.avi,train,75,res800076.png,51bf37162597b956ae030cfc3e44353b3d17ae3bf0b72e15e790c57111279c5f,26c6d16bba04c7645a0ca9651679908cf9b9be191f7acbd343ce0bcf7ef4d29f,res800076.txt,c7bf423fd5d3e63ea867734370056f6b0807bcb6a071fa256be518dd5eda545b,0,nofall,exact_stem
8,Pick up object,Subject.8/Pick up object/PickupobjectS8.avi,train,76,res800077.png,e8539515a5418decb396688f561dc4030fda44e3c6d5e3469bd4b37803f9a813,abf21063babe8ae803581469e33c33d4bc8a67d9ad306ff98915d31c5974f8f0,res800077.txt,ca6177ca979bc4dff1541ad17ef2d15cc3ed87d86f3e22f53bf879da651f22da,0,nofall,exact_stem
8,Pick up object,Subject.8/Pick up object/PickupobjectS8.avi,train,77,res800078.png,c96df3f75a3239c11c61a14167512541643d34f9e0f36495a3fb8ef3d2c41948,68692c33f3bec26bdbcce808f5e254e0b09f8ee21bf763a1e5cb6d4e89fdf328,res800078.txt,cb975ba8465de43d893853611bfc5b392ece75106bcda5aa82fb0bddb268ae65,0,nofall,exact_stem
8,Pick up object,Subject.8/Pick up object/PickupobjectS8.avi,train,78,res800079.png,f9a976e4d23fe2b34fc22dd0fdb5aca3d9274db20e4682b32f30cf7c295d5a05,be2e62d5fceeeae49b68d2229e892e7a82914b9c0e486f771283ec3a4a110c5e,res800079.txt,460fda66e94907ef0318cf88f1e69729ccdae4e114adb70e4d2cdb7334b22047,0,nofall,exact_stem
8,Pick up object,Subject.8/Pick up object/PickupobjectS8.avi,train,79,res800080.png,7c3e3e81038c636a630fc39590e5c6ab3b6faa106cd9dcf939df82d9ff8a9391,14f4bd5f1cf640ef2bead2ac63da8b58a5d1d2c2fe6c4b95017b6aa6d1ab5d84,res800080.txt,143e8756e5f127d6f247d27797d8ad1fcc27aa2c068273e64815b4ca96b4cc85,0,nofall,exact_stem
8,Pick up object,Subject.8/Pick up object/PickupobjectS8.avi,train,80,res800081.png,04dc4060c77f68776fd5c4885a9fa3816fdbc5942fedaac6532eda5025198774,2189b715de9f0afe69010efc5a396c0176b173b264a9d36dbfd69fcf81f7a4c0,res800081.txt,c155b4a061297a35b347bef3d47a9624b3be9ede3538415add1617de8d66c3f2,0,nofall,exact_stem
8,Pick up object,Subject.8/Pick up object/PickupobjectS8.avi,train,81,res800082.png,bee6f945a1ca228ca97ef2f1c42b0481608a56f229079071a5d5360faba5e0db,7e5c8cd20b7339cacf46a4d2babd2d4057ecfd12640f65a72bdaa7df49409c32,res800082.txt,a0eccbb955ebae2dfc0781f12300a0b968746791cb3fefa835d7506460603744,0,nofall,exact_stem
8,Pick up object,Subject.8/Pick up object/PickupobjectS8.avi,train,82,res800083.png,17be1197c7b851248bc659db23ba78717cc79dd0977cf6d0c1fb2939a15cc0f0,e7e78aabb6e0467830154fe1fc481321f6b29b0d1711addbaad925a3a7c1643b,res800083.txt,c590cc6ec5a049a3aa0e74e08bf7be3d30eae5b1f557d5d79817b8021fbaa793,0,nofall,exact_stem
8,Pick up object,Subject.8/Pick up object/PickupobjectS8.avi,train,83,res800084.png,c525bbcaa0d855b5ab771dfccc624c7113d902dc2820e047cd8a9479e2fac2a0,e1bdd562632b9379cbd4bddddf58d10943d1fc2faa8322e0074bfa0567ac6f46,res800084.txt,9bf968f68751c61726e50d28dd13010452ffae98a1d3cbea7b11dcf3c5741116,0,nofall,exact_stem
8,Pick up object,Subject.8/Pick up object/PickupobjectS8.avi,train,84,res800085.png,78eebf1fa92b31998f3dc18087ba4292c553202230d1ef8a0980dd91e5474d04,d97fc6142cd70206cb20641174381f34b7503014c4a6d15a6c40a2ed2375c0c7,res800085.txt,d4f2bf331d9260abb7aa4a8d721cc38b8896bb89a09606f9808fc325f9604055,0,nofall,exact_stem
8,Pick up object,Subject.8/Pick up object/PickupobjectS8.avi,train,85,res800086.png,5a33cc3c8332f0d9e7b943396304463acfbc71840ee4ff76d3d6f413d19ab212,3522d65acc0d16818a76eb07ee884b9ee679ec29cd33201abe8753700d5753db,res800086.txt,9cfc2fead36c38cc3ec8b104d02f3e58f007089d6950770e72d0a0efb1e89efe,0,nofall,exact_stem
8,Pick up object,Subject.8/Pick up object/PickupobjectS8.avi,train,86,res800087.png,28735ad37e7f77997b3363483b7469e00aca242f1793a3a83301455b4cdb85ba,6a8c0ad02a23c93dee062cca93fb2dc7c59e2897709b25b6a31e93c7fbbaba22,res800087.txt,91bf138a1accfb8d667feda67a91b909cffeb03e5afe0dc165e49948b1b2fd80,0,nofall,exact_stem
8,Pick up object,Subject.8/Pick up object/PickupobjectS8.avi,train,87,res800088.png,93c9ba214c9e9e968ef20400580e34a251ef4558857e28fdd69c5a80e648f208,140ea3cf11beb171b1b6bf0170c57b209cde4b3a99b89eee4fc17fa26c0f13cc,res800088.txt,c8391eb9e1dead4b7827dee7afe36465726302b6bc53bb0f4f458b1fda6e0bc5,0,nofall,exact_stem
8,Pick up object,Subject.8/Pick up object/PickupobjectS8.avi,train,88,res800089.png,f3d787fb2a40087bb016660429b52cdbdb734087068d8d3ce5f0544918abe84d,24e7d4043c5d179ebb8539e5ccda250432fdf74bf7246565deab0b88e873256f,res800089.txt,01aaa0c1fa379760d9dced8f863f98d29d5a451605ae7ce016949834f8f77089,0,nofall,exact_stem
8,Pick up object,Subject.8/Pick up object/PickupobjectS8.avi,train,89,res800090.png,9dec4f552f2546d1b209c796a9a1560c88494d0f105a58aa550d35945764b50c,f26acfd3d0c329a39caa5fa06947b7ed1f33e83b17bab13d64f9a590bc5dece4,res800090a.txt,7590f8d229968d1314ebcc32bd9f11b042246592134dedb18979346ee2607b86,0,nofall,verified_explicit_sequence_alias
8,Pick up object,Subject.8/Pick up object/PickupobjectS8.avi,train,90,res800091.png,b79627b3ba9a783450b11811f3b614b1e042515de455bc544ce0bba6bc3ccf96,7d65f325c8b161489ff3713cedb126df52cb605ce061669593ce3efed08fb654,res800091.txt,09574f17a4b449a3f10dd8ed8e5eb18cea5104807ee626bfdd62f7fad677bf4c,0,nofall,exact_stem
8,Pick up object,Subject.8/Pick up object/PickupobjectS8.avi,train,91,res800092.png,22d8ee4b5e6107781508d7af7b091f37d6ff03dd2383a49ccafc68a4952af518,66285164a09105122a577266955a9179705b8bfe1d0bcd3fa3f4f08c8c826b84,res800092.txt,02887a66f012ffa8f171b11425f03df70b74adf201e2b14635e96714046f1bc3,0,nofall,exact_stem
8,Pick up object,Subject.8/Pick up object/PickupobjectS8.avi,train,92,res800093.png,1aa5a2b493806ffdd7a05f32821fbeb402769178e1b5f7379d07dbc5c0cea3ae,753601051c5fc657a88f39c56b99f0f7f6b87e5a8668ed867fe0f009c4fec4ba,res800093.txt,aa7e275e3004973af0f6d261eef604429d29eb13f48879101c38e7afcfd18b8b,0,nofall,exact_stem
8,Pick up object,Subject.8/Pick up object/PickupobjectS8.avi,train,93,res800094.png,1491ab13cb9768d94642a59b3c66e7ae42c0fb92410cfb1cbe9a2ee052085ce9,e823633525974722b3dededabe598f569e1bee1cb82dd4da8b924c69b96bbc98,res800094.txt,3a7b8ba47b19fb68780af41527dbd1afc275e6eecd899c66ef5806bd3eea7162,0,nofall,exact_stem
8,Pick up object,Subject.8/Pick up object/PickupobjectS8.avi,train,94,res800095.png,d5d56d157929e5e1f6a7d8506bf68ee2f3147cdd2bd92c809b21ce41a8514fa1,32a0c68d0a33ea2e5c298ac9ed593d56d56f60c0e072b88c9f0eba2172fc18a9,res800095.txt,560a8292b8359c873dfeb525191a825b1d5c38502216069c473aa0f8c6d50f5e,0,nofall,exact_stem
8,Pick up object,Subject.8/Pick up object/PickupobjectS8.avi,train,95,res800096.png,d9975b40e14a77751a45827919d5140d8e60307d64d232bedb768f3c1e3883bf,128626f6ffe9996c48938bd1168849e6c9f3c5e8a0b25712d34c1d765e69b303,res800096.txt,a392c95ca1209f59fa2ba6f590bb79f92dea88064d32e26294a9877a3d2773d6,0,nofall,exact_stem
8,Pick up object,Subject.8/Pick up object/PickupobjectS8.avi,train,96,res800097.png,5c4beb2b749177d51dcefcdc500b2af17e0c1fd47df3cc7c1ac9742ea26bc413,93f8a8d7bf66f4cfbab12d679252ae71372ed10dccae1b07f7eb825d147f1fbc,res800097.txt,a392c95ca1209f59fa2ba6f590bb79f92dea88064d32e26294a9877a3d2773d6,0,nofall,exact_stem
8,Pick up object,Subject.8/Pick up object/PickupobjectS8.avi,train,97,res800098.png,6e3364d6bb441c19ca7c959c61ff09b62e2d9a845e3eb91a01c16029e4ccdbc8,737dc2e2439f436b84c808039028a29642b3d38bcaf8cb1dd0e4b217e1198620,res800098.txt,7628b296511e32ebf91bd5e9d2ef88309293518794576a0425904454978805e5,0,nofall,exact_stem
8,Pick up object,Subject.8/Pick up object/PickupobjectS8.avi,train,98,res800099.png,db5e3355530caf3be5a8b7c63629ce62cb1769b35dd5646df574583a33a8e4a8,f57d51b4c382d9ece2c690ff74f41004bf9ec60f07ec9a46fc793a188f1a2175,res800099.txt,7628b296511e32ebf91bd5e9d2ef88309293518794576a0425904454978805e5,0,nofall,exact_stem
8,Pick up object,Subject.8/Pick up object/PickupobjectS8.avi,train,99,res800100.png,3856e88236b8ebe98224c2cae574c5a5a19b95ece8883894320d46a91f89c592,eec0309174099e0a02a766a6f7cc09751628c4fdc8d474396c418770d0c706e9,res800100.txt,97bef7f2c2aa383d1fa932fa366dc69b97730a45fb34ed8dd4019f51f5828bfd,0,nofall,exact_stem
8,Pick up object,Subject.8/Pick up object/PickupobjectS8.avi,train,100,res800101.png,b7ce42913260321b240113db454e8bbf24045165a64c20e167015f0f5814399d,05c96240bf3c880ad9442bca232393db772481cb2bd721066339b2554013c3c9,res800101.txt,c054833978402eae175f9fe67791d72056494b5b2adced2e929c17b474b6ac56,0,nofall,exact_stem
8,Pick up object,Subject.8/Pick up object/PickupobjectS8.avi,train,101,res800102.png,f6685147ef4d9bbcef6a852886fbd97462dd1c2a39e5cb7aefa878e4a0342e48,071352bfcb33ded479f02ff7b57ea3a699122aa62f3144446471599bf6a7afc7,res800102.txt,abd8b5c2d4cae08d44c91b2057ab465a823c8e7d34d4b7cc8f2b27b219022756,0,nofall,exact_stem
8,Pick up object,Subject.8/Pick up object/PickupobjectS8.avi,train,102,res800103.png,19648b9e82e4ed51134a3cecb8889a29af368ae0480674e687ead76e83d69939,8d705e50d40fadc270d935e2da3fabe61338b3c26dcb1fbafe43fd7b50d748b6,res800103.txt,dc582f8c317d5d3d307203439a912727ed59e2b5d91202e1a2e1fac14c053ba1,0,nofall,exact_stem
8,Pick up object,Subject.8/Pick up object/PickupobjectS8.avi,train,103,res800104.png,e652cd27cd91b0627800b0906c27197129f058b93a7366037c245eb98d1f038e,965b7b22b8211b4f6954cdf9ef030024a9632a2693750539a896f47922f9f539,res800104.txt,01aa12791cba3f137ed31d5eab9f3539e074b6b08d7dd8cd03d4a82b589e913f,0,nofall,exact_stem
8,Pick up object,Subject.8/Pick up object/PickupobjectS8.avi,train,104,res800105.png,e418aac5f243960bc2ac8397ba7ec5ecaf509bed82d95f9c976d7db87078bd7e,cd9d789567baef739a5567b8cf1a1384f805cb6d7565b750809a23b8a29eb195,res800105.txt,ce80dec740fd9eb53f924a963055461619c66d0c1c77298fb668a0e0fe57531a,0,nofall,exact_stem
8,Pick up object,Subject.8/Pick up object/PickupobjectS8.avi,train,105,res800106.png,510ac82bb422aeaa0f4a89167543ef19b0f056de6f3d8746a33e28d866906214,91e1fc686e701309fa5e4289b595e45ec9c5f323bc768d6a26ef96329b996f82,res800106.txt,44df25fbc3542af18a0790b18acc89f9a90922a8a1a471d23dbc931e69423b3f,0,nofall,exact_stem
8,Pick up object,Subject.8/Pick up object/PickupobjectS8.avi,train,106,res800107.png,d7a49a0629872b839c7135226449e1d4c4e8b026999f8441fd0fec25e621158c,5c98c5370f0acf9062d50cf766949752046b23d350f7a8b93180d2af6ada853c,res800107.txt,a8d76e2014aa41876fcd2fa60a2a2369862d25b89dedcdef89722a8cbbeeea64,0,nofall,exact_stem
8,Pick up object,Subject.8/Pick up object/PickupobjectS8.avi,train,107,res800108.png,28d845d6190b513b158a828aad676f8672c012d6c589db72d66a2e6a99647f88,49a100244c0d2dfeadcec5ef4e5c1506d5fa03b393c3769523a952ee9da9e8d8,res800108.txt,d383ccc7db5618f113afab0ff1ba58229257fd8e5211e6f6f5c2016faab2d40f,0,nofall,exact_stem
8,Pick up object,Subject.8/Pick up object/PickupobjectS8.avi,train,108,res800109.png,2b2759050e2e0f6a76fa038d31dbe5dd855776bdec61d8c0c2ec3b797ce017e4,760f00388eac3b65656eaf29e78f7d19961276e734f53bc2ea55d152f2afe4bf,res800109.txt,d49a201eee152e150f55d0c6e3ae58ba4401dfa04c3d6bf0158a35968f87ef1e,0,nofall,exact_stem
8,Pick up object,Subject.8/Pick up object/PickupobjectS8.avi,train,109,res800110.png,0f6345a78f2161c0d7eadd3fc2836ee39eecbced0d560c23eb0009b1ffd18b30,6c733255eac880075acbb8cd70b8805d606e3c177fc0f3b77da0c84b42fb2334,res800110.txt,48a86f449ab5c028fef2b7b24f8c64fdde08d184915771287c0f2cdc6de45072,0,nofall,exact_stem
8,Pick up object,Subject.8/Pick up object/PickupobjectS8.avi,train,110,res800111.png,3c46f63f9ddca001bb1d7c2f1093852cbeff5343deeb228cf15554eebf8f791a,4e6eac9ecfbf831ff5933e99276ed54ab139fa4a002c4d839874cad8819caf4b,res800111.txt,54a4cb900fd9b04f0c092848f8b1d2f368e063daf3f0d69bd64254ca6494a1a7,0,nofall,exact_stem
8,Pick up object,Subject.8/Pick up object/PickupobjectS8.avi,train,111,res800112.png,71531049d2421fded49cd588aa7d2dca5c0d448a0f065e6004b728da9cf1c605,0f08e211bf3cf17b2fde53c8aefd920c6fed42001b349e4635171e46d21695f1,res800112.txt,5f7d2847226b69aa9395a8206663fc2954e03ee225e701e8ee4f6ec40b12458c,0,nofall,exact_stem
8,Pick up object,Subject.8/Pick up object/PickupobjectS8.avi,train,112,res800113.png,5cd580e2d2a52ffd5d88f834603b311ed2ab9833a6ab323146be56ca07b7a01a,06483704db87e767c5e43319075cb94678a161edcf56ddaffe28ebbbec0e8faa,res800113.txt,c10a864254b05bb3d5d7de802012abf8550a71e492bd713ea2871714ba0f4a3c,0,nofall,exact_stem
8,Pick up object,Subject.8/Pick up object/PickupobjectS8.avi,train,113,res800114.png,f886774e298de70a6931914ca56f39e06426d0401281f2f5618a3bc3b3dbbf35,64f2ba9eddb3424d892fe1e9289aae6f5d9b6da73429436378ecded34c67cfb0,res800114.txt,58afeb28f46c511dfabc4772a68ab31bf94c60d438a4fd69335a11b0dceaefbf,0,nofall,exact_stem
8,Pick up object,Subject.8/Pick up object/PickupobjectS8.avi,train,114,res800115.png,9228d50de7af9566e8e2ee9a96a847ecfcedb4aacc10df9ae96dfe3d499c9bd9,fd861f5a7e7cafc127fff07af4f17c1b2dfe4a727b302ba6450b546a171972f8,res800115.txt,1770d468cf62b4f832381a1fbb5b22557d86967b0d5b82e9a1844d023094c603,0,nofall,exact_stem
8,Pick up object,Subject.8/Pick up object/PickupobjectS8.avi,train,115,res800116.png,c2d008c163d875c8139bec9042d64210d0f8296486279e7e39bf8d7fdede0ebb,d18e1ed2f66b1c3e093b5db0d5354a8f0a619b10cbdded0375dd3cc687fda45b,res800116.txt,1fb105231889231c9e69093ebf0dbcb58145307ce35042589aa8d1c750ab7312,0,nofall,exact_stem
8,Pick up object,Subject.8/Pick up object/PickupobjectS8.avi,train,116,res800117.png,f9bf78e2fc30182b5c3d43b1517ea4b27eb52b0b5fce4363b630f0a9ca98da69,a8f8b229c93aa370928d79223e6d94dfbfac5ceeebee12c76405775b7bb304b4,res800117.txt,4aed4cf974a60b582aa6da2a4cfbf3dfb44df50e40952fd6b8bf797706ba2ccd,0,nofall,exact_stem
8,Pick up object,Subject.8/Pick up object/PickupobjectS8.avi,train,117,res800118.png,60df276ee7d6dabb932681497aaabe00ee2a387001d18821abeb90979683efbf,8dd5d9168474c53010f94091fb4f8c4b96bd8058409ddde5f4937d9ae2b41d3f,res800118.txt,e876543f448eea938f4ddb5f9f0c8ffc9056c1a7b9aa739a23047827d3a68f26,0,nofall,exact_stem
8,Pick up object,Subject.8/Pick up object/PickupobjectS8.avi,train,118,res800119.png,b1a89f6807964648b3ac13f149a5ef00103b3287eb73054bf87dbcdc47a4c33c,ac71479a84edaf749830ee1770005b21245bc305d43de0968ac06a71d7af4db6,res800119.txt,724beaaee1420885efb17558f5288a18fdc6849d78529b3d43d522f43c348a88,0,nofall,exact_stem
8,Pick up object,Subject.8/Pick up object/PickupobjectS8.avi,train,119,res800120.png,33665b3da4b539a4b56fc8b5db6ca0ddb4de86b439a1e52a1975fa21e7fcabfc,93630863da842b66a1a2a1704e8322ee4604a3e366977bea5f250ec367ea5522,res800120.txt,3c9612c50b2909c179683ae19b54daecefc2013cff35d0515735c106a48c1c3d,0,nofall,exact_stem
8,Pick up object,Subject.8/Pick up object/PickupobjectS8.avi,train,120,res800121.png,f52645bb2ed0ee2ed11a2ee07cbac29e9581047907a1f9432af2058a2220b4e0,c443fdaf6d19c2140d55b34651f10d1621b16f1ba80898d6f6a3c22632a2162e,res800121.txt,dbfbf2a460b22b07556265b65925ad1ece495269abcfdfad80435707d7f8294d,0,nofall,exact_stem
8,Pick up object,Subject.8/Pick up object/PickupobjectS8.avi,train,121,res800122.png,16b728beaf3b18929eeb9295ea80796929042bcc0ecf02a40f863ca2125152a9,c127f3b269dfa464e41877f208580b531e2733f0b3ad6da22d176c6d518f557b,res800122.txt,7ceda4c3b2b7a1ae360a5f86053570d3b8a5e5e5998fba9060f72c70f09f4c04,0,nofall,exact_stem
8,Pick up object,Subject.8/Pick up object/PickupobjectS8.avi,train,122,res800123.png,46c7eb03f20597439297d7770eecb984c62ed0f8e2832fa9f29becbcd1e31265,33b3453670fccf83c9bd04341c5a01c83a339182f4e108b1f83aebf6e1bb0754,res800123.txt,3160f94059179a14d0db97b0b999e69247b783d66a07c8dd2f51702073dc0725,0,nofall,exact_stem
8,Pick up object,Subject.8/Pick up object/PickupobjectS8.avi,train,123,res800124.png,581b8f16d3b77ba734d919ab42c337529e3ea8942072806b506d2a4619c749c6,aad5ebfd15ae8ef0cac9754303e749a552f6f5d15dd981b9ca69e5c08c11994e,res800124.txt,491938a8f33bf2b24844fcbb3098ca69ba3f93fbfc14c80f77c31510273ef6a4,0,nofall,exact_stem
8,Pick up object,Subject.8/Pick up object/PickupobjectS8.avi,train,124,res800125.png,4660c06f9beaf4444f4d4cdd474ff8c96ee73325a2dc614c74c6c776f039e2aa,c8a8e063fbd135ffe8137e0a24a539afffd20be162be7f3333e42b7c713d9149,res800125.txt,a4890748f0d676d345df1f605b6239037a4bf0072875978d2d10700b1327f8ca,0,nofall,exact_stem
8,Pick up object,Subject.8/Pick up object/PickupobjectS8.avi,train,125,res800126.png,c4c192ff74780a1082471ff13559930fb8fb15d0815790312dbf45012b096bc7,13d870ff70e31b851755cb3c92c19f5cd09d4b9e6a8cda12fdd889e94efa3259,res800126.txt,ced2c94daa4990ed0f381b114d4491272a23b1412e958f32b90e71d64f827218,0,nofall,exact_stem
8,Pick up object,Subject.8/Pick up object/PickupobjectS8.avi,train,126,res800127.png,d9bc18347638ff9a344239fa4e300ed4257503989f588172b437ddabae3f3659,213f8cd26702b89838d8af4a123ece16cb4ce8853e6ca4f1ef78a343c88772f0,res800127.txt,3dd80c25d3d8edf6b129798d7e8cd5b94b2d17d40294f69c20d09fdf5890c36b,0,nofall,exact_stem
8,Pick up object,Subject.8/Pick up object/PickupobjectS8.avi,train,127,res800128.png,e4a362e3e033eff3a1e234acc46bce26091feb823b1da12a923fb1801cfc2be1,34aa19fc9d788890be049fb5a6f20eca3e2accde98f00a5a6b03bfb88c27ceff,res800128.txt,8e16122cc2ffbebef0f55c369a6d489e9b553b490bf3c8a5b13f7bae359cdfc5,0,nofall,exact_stem
8,Pick up object,Subject.8/Pick up object/PickupobjectS8.avi,train,128,res800129.png,0e65ca8aeb820bc5ecbd52b1066b8d43551ddad262a2d95a98160658492b7e6d,d7fef24e36c421d249612d51490f12ae575acdee00523a8b0aa93eac49d9f8c5,res800129.txt,df559995b5564f3feff7d98eb6af897fb78d7bf6c77ce5f512ad16394467ab51,0,nofall,exact_stem
8,Pick up object,Subject.8/Pick up object/PickupobjectS8.avi,train,129,res800130.png,b7369879dc853fb8c21d7898c5e5354c429f916578d68021f102ed59f41b107a,6740bdd032cd699c75d3060a0ef6cd7781c074c63cf1332ea115a56fe79245ef,res800130.txt,36f088fb43b47265af0bc232f601290654e952a0d0a4f12b0987627a60bfb542,0,nofall,exact_stem
8,Pick up object,Subject.8/Pick up object/PickupobjectS8.avi,train,130,res800131.png,393d092948323ed6bcbcc55b831bbbccf51f944ec17686c5ebaa90174ded7c0e,1d772155aa36305daa50a54e3256cc0627bfee5b1d38393b2f7d5dcc1f8bedcb,res800131.txt,0c8b319ff55a43b6721aaddaf6fe491942d6942730e67731bf9a19892528a060,0,nofall,exact_stem
8,Pick up object,Subject.8/Pick up object/PickupobjectS8.avi,train,131,res800132.png,b472922d25e596da123578f7f926c33aa6a2651e44ddec8011435969a2f0fc99,b25617109583c43891e322d1a07fc54724a10cd8b6f0a9843fc17ebd67a38e05,res800132.txt,57afe9319bff00ab2f05de7a53fe5eb74feba7c072bac59db0072bc4caf415db,0,nofall,exact_stem
8,Pick up object,Subject.8/Pick up object/PickupobjectS8.avi,train,132,res800133.png,8cb2e35c521b4cb94127f92993c4716af5e7b5c48ad838180601e3884f6b47ac,8880bb745be7a39ea7f188138a53bea812a6e1073aa1d86b66770f17a54b8162,res800133.txt,6f4917136dde0e1b1383bc501e43775e7c67692b814a9ede871e8e32ae576392,0,nofall,exact_stem
8,Pick up object,Subject.8/Pick up object/PickupobjectS8.avi,train,133,res800134.png,69bd47a0bc2366c804791f8c2d8e9f9f03428abba746fa689dc43feb95f7e56e,00c358fc8dbc829bb103427cf2f973bb8a4823487a807943884758f96cc4efc8,res800134.txt,0a94fb90744dbb2daf0a0dfa2cfcff940d7e280c4d5281a1f7a7a7941c47dd30,0,nofall,exact_stem
8,Pick up object,Subject.8/Pick up object/PickupobjectS8.avi,train,134,res800135.png,94d93365dd8c4d3dd196f14302b88c35f0254c10cdcfd18560f988ae3b396c70,276cdd159aa9255a2b4ce75a4fc9d9f2c74bb86554514ac4e43051f5926e6f32,res800135.txt,05137d858ccab36a127d2f628574d07b70d8e01c0c4111a15559ab251b09215a,0,nofall,exact_stem
8,Pick up object,Subject.8/Pick up object/PickupobjectS8.avi,train,135,res800136.png,27bfd112451eb6346f50a90e1259c1515c18f7d84f241e4c2e3f8bf15a8bd3e2,f3a0d680665b7e4b90e11e8cef2564c855127ea24ccb9684bd815535ee3b3ffe,res800136.txt,d606cde751ace06f2db6ff73be29a3915c413a10084845e29adb321d087da0cc,0,nofall,exact_stem
8,Pick up object,Subject.8/Pick up object/PickupobjectS8.avi,train,136,res800137.png,87bdbce0ed8d039eef6b26324fb7d6992f28b68d6f6539f04cbb3373e622a24d,fec30bbe07cf03956a90e83d15bcadb52af3f795c96003547359fc6696cac617,res800137.txt,138df934fddc41329b4cce45cec8f66c766f211ba3a3830ed9e0133335bf3d8a,0,nofall,exact_stem
8,Pick up object,Subject.8/Pick up object/PickupobjectS8.avi,train,137,res800138.png,bea5686c9f86591c070bc69e23df8f1bc9a95daf5de360c8a784979e143a4824,c5be91ef0698a168deb55598332762d17064698b6ad38269c1e091b93d55e63b,res800138.txt,85e89fd7d3bc35d325eda89b6c12afefd9d28ece18fa68d720052cd7913580f9,0,nofall,exact_stem
8,Pick up object,Subject.8/Pick up object/PickupobjectS8.avi,train,138,res800139.png,0483f72b1c59f45ebf6644a66ffa4b3baeb7ac5e082bdb743cfd118061fedecd,c513dc2ce40c5f6ac9fe084bf5d519fe0d93034f79f8898df3907c3f772823e7,res800139.txt,d6c55206adcf47311fa6200c548726516f4b0ea3cf02c13159c9ef00f8a95d7d,0,nofall,exact_stem
8,Pick up object,Subject.8/Pick up object/PickupobjectS8.avi,train,139,res800140.png,55dffcc5302d1972a304cf396ead8f52d42146164f618823f6f5e706e42bdec0,4bfe5c0d9e3eb940b0a63d71d7851573235bbccdcdccfb5ae2e1a768eedf94cb,res800140.txt,336727715310311dce11d2ba179e923888d3e5099699fe5a6f72eae1a580c345,0,nofall,exact_stem
8,Pick up object,Subject.8/Pick up object/PickupobjectS8.avi,train,140,res800141.png,07fdd43fedb84dd686dd74c37c6e8539387632f5e112d2accc42e7b0ded2cfcd,7de07bd57e8f30fee66d41bff6fba1564d939d67efabe6e88bd1b281a21922ea,res800141.txt,211a525d00d4fa62dfb4a5cf8e9fe463e7ac9086cdac345a1be364bd7f7988ab,0,nofall,exact_stem
8,Pick up object,Subject.8/Pick up object/PickupobjectS8.avi,train,141,res800142.png,5346fb874163ee7b5019b620a83fd6dfb1c013699dea933cf7856eba13a5173b,954943e927acfd3bf90ab43f4f6ba7e3513c97e6563c01f1357fe0012e179687,res800142.txt,eecde2b311127faeb97103585a91545655944e10d042155ff64480b43f98ea1a,0,nofall,exact_stem
8,Pick up object,Subject.8/Pick up object/PickupobjectS8.avi,train,142,res800143.png,0a3443d4a3b03067d64592b9f0d9d53ec2cc74a1d365dac71f01a330a7ae0005,059847087cdf796daeddc050a58434ec38f48a54afa5f53539e2f756f3acb484,res800143.txt,f0c1710fc5f9350f82f0d0619f19426b8798cc03b6a3e6da52418c97e1f6a767,0,nofall,exact_stem
8,Pick up object,Subject.8/Pick up object/PickupobjectS8.avi,train,143,res800144.png,7135b1ac90e3e7514e962476254d954daec55c7b60a80cfd4b8ff3635545d229,a433de4c8f459aa425788f768629457a125247dbd1517b4055b4a6ad105379f0,res800144.txt,8c2fab33ea14a8e008a99d460c59261a2d1b6561347edd2da482a459b6cdbdf5,0,nofall,exact_stem
8,Pick up object,Subject.8/Pick up object/PickupobjectS8.avi,train,144,res800145.png,5d006be732fdc93bf1dfd7dd22744a6fbc3896e46873fa3ea969543765f99180,7b1bf181347193f43cd1e5fbf66259cd0e38ef2a06d4ee8c95de418bb66df1dc,res800145.txt,547c61eec4a7aaf8f72f9c0377a0996f93fbb9c973911faca4962c7e80b35ada,0,nofall,exact_stem
8,Pick up object,Subject.8/Pick up object/PickupobjectS8.avi,train,145,res800146.png,00608610b12089d77706698ebf7a3f05a9eaf542beeecdaff5bd5448e3e78ae9,2c35d7d01f8713c6472fb03dc214820ed4cf5797e6219e631bfd9720dd954d14,res800146.txt,8c4cf499016ffb1decf56a3ef6d14f494ceacd523090c84bd41d2827c6a1bed3,0,nofall,exact_stem
8,Pick up object,Subject.8/Pick up object/PickupobjectS8.avi,train,146,res800147.png,ceac0752e3a807f8e7fcb1ac24e1f9dfdff2974472e34a6eb39ac2923428cbe6,dad1833c2f840f35e5d7ba94d0489137deddd30b9ca5e533e3c81d3193e1084e,res800147.txt,89897219b49db3d899096a178045e92fdd1ffd5c304727a95f7cf055d440da4a,0,nofall,exact_stem
8,Pick up object,Subject.8/Pick up object/PickupobjectS8.avi,train,147,res800148.png,d7ebd99d4b4d8428efdfff67ba78896d35411dcc0553ac8f9c264ccc83608789,dfc2fd8d03f19b4caba4ce8e6286b868a3c7b21a1e5f19227554d8fd5622dbd3,res800148.txt,b1b866601650378ebdbf296b0913654aff4386ed441bf50c721df8427420fedb,0,nofall,exact_stem
8,Pick up object,Subject.8/Pick up object/PickupobjectS8.avi,train,148,res800149.png,d3c364e643a94e46ebe115dc8989241c9b87fad0aa93dffd5ffc6e32ba6d8fd6,6e953b39ad1f4b473ebe29b43bbdddc684fceae39557c869e0acb85a7dbe1b27,res800149.txt,803168b8c4748dcf9b2e97f67986ff1d790d401e4af176a784b24e0324c27a20,0,nofall,exact_stem
8,Pick up object,Subject.8/Pick up object/PickupobjectS8.avi,train,149,res800150.png,38429d014b28702a141a305dc073da7ee876435b3ddb058c92166e24b6d050d7,9b30483fc3fd8280c434d9c58bebe5fb89a13d6ba6e454f50d9c367873c727e3,res800150.txt,faadc1fe205b41416aa58c7d4741c0152b853153526953143a070d28f7e9ba74,0,nofall,exact_stem
8,Pick up object,Subject.8/Pick up object/PickupobjectS8.avi,train,150,res800151.png,c693389a18d47ddbf3aa96b0ec22eb52a0743c437743f614821f89a8ac421e61,e5e6107886a6f156f0c12d9353fad95f6992a3514b50d292db324404623c0041,res800151.txt,2074ec42716120f4874f36919735e95f7a00179897a48f16408b5305c4d50c58,0,nofall,exact_stem
8,Pick up object,Subject.8/Pick up object/PickupobjectS8.avi,train,151,res800152.png,44a98d2d607a3145562600032dc00dd45c1c237a834d43c3fe4b1d40db3cbfaa,786011fb1646f94848de0cf94786c688397d6589c46f0ed33a4305d2847586e0,res800152.txt,3f50996da977db3397798c12544eb7edd5fc1281500f4373247776142861b30a,0,nofall,exact_stem
8,Pick up object,Subject.8/Pick up object/PickupobjectS8.avi,train,152,res800153.png,a048f517b88160e0d7daab7e272a2fe21d15ba3101f3e76204ec987225889c5d,c884bccbab6f738603fc7ec7dab0e0bff7010ce4e1f11a250fb5321dd57259e9,res800153.txt,157487a5904aa479346f549341713b89b2f43cd2dac1af945fc7a631e9f5efac,0,nofall,exact_stem
8,Pick up object,Subject.8/Pick up object/PickupobjectS8.avi,train,153,res800154.png,40bcd4d2d749275dbcfc5a4a58ff58babc2027d1b552a50d2ef50db49aa5fc6c,eb8c7b932c30cf74e3d0b67938050f50b5b18c9198802600de3c4ed53161c941,res800154.txt,bd81111697465d9c259cc3223d1ff4729aff6c31ba99a5b1bbba8c000729be93,0,nofall,exact_stem
8,Pick up object,Subject.8/Pick up object/PickupobjectS8.avi,train,154,res800155.png,b83510493786cf0930eb65c8af4363d81509a8ff2b8e914aa53daca071e5365f,6e63fb116b9ce53db6e6ae6fbfa592fb8d38e0314dba78eb601dc36d602463b1,res800155.txt,7ba87504d8f46dd8d32485445ad47715d01d5ca5ac2d9c098c89596473a26c29,0,nofall,exact_stem
8,Pick up object,Subject.8/Pick up object/PickupobjectS8.avi,train,155,res800156.png,c283563b19fda42cc9fc08c29d2dd0d25bb0e6fa42761a44284803a445bd4f6d,65cf0934fed58e0a353dda283ab43ceb4519f688198ce1f6034337129276b4fd,res800156.txt,986ff65955ab2105502dacbdbfc5be041843a46cbf8d4f38f05d4786f7262d27,0,nofall,exact_stem
8,Pick up object,Subject.8/Pick up object/PickupobjectS8.avi,train,156,res800157.png,6f366e8f4af1de09d02ae44a969da03ff7e0851b3b41d154788ebeb3945795ef,26f91882222690e0e85138e947ced7b1331276ae3c65c62ffd110c9b2e864c4f,res800157.txt,986ff65955ab2105502dacbdbfc5be041843a46cbf8d4f38f05d4786f7262d27,0,nofall,exact_stem
8,Pick up object,Subject.8/Pick up object/PickupobjectS8.avi,train,157,res800158.png,85e8a001b848d84c740b1015a7a51e1cf17b01714f7e2a078a9df769cf16ad6d,98e13adeb2156ac388480c31c9b90b4ee7cbf5d6615cfe4e972be546762ff33f,res800158.txt,418c732e14a63def4b557d2eced270a24778d593e91ef833b0364c2eeac72050,0,nofall,exact_stem
8,Pick up object,Subject.8/Pick up object/PickupobjectS8.avi,train,158,res800159.png,45103053287c6887692b7935ae1b8ae4d881db7983058f93af012756633537c0,894f2192c0779f60bbaefbe0c81a069a0fdc844733a746c10aad871963228120,res800159.txt,738a99a494c241ad94c002ee29af421cb49da8ce456b9155fbe89f40b38090d6,0,nofall,exact_stem
8,Pick up object,Subject.8/Pick up object/PickupobjectS8.avi,train,159,res800160.png,aeed567985be2eb1f4b4f90316a015c86837ff7ed4f4e9494a33db92af84cb52,96b71c0236e2c421e52c79c8b7eac4863d6a9fd9395aa8d4f9e0bd450b3d12ef,res800160.txt,f2a65431c7247f2108fe7eaba9e1710f68282e275d8625e9c36119abee7089a4,0,nofall,exact_stem
8,Pick up object,Subject.8/Pick up object/PickupobjectS8.avi,train,160,res800161.png,58fa22f4ab341f71b9f3e03de527ce0e24de2a831bd641e1bbf7887ecfc4e9e9,0a3d011fda6a8cd75b6be87f706ad4a7837d8bcb3cc76d1c8dbfac6bee9df858,res800161.txt,d70d0beb0da6b3e689c335819fb3456a87e6179ee7fe935777631be7e24c0427,0,nofall,exact_stem
8,Pick up object,Subject.8/Pick up object/PickupobjectS8.avi,train,161,res800162.png,86f09bfda06e8622bb54b6e80726640ddf947726e19b8ecca0079a1b13c2dc1d,126d0bbaa75ad4129293e1dfabf9071594026452ef0953d1137bd1864509c133,res800162.txt,24a5656a4c85dcfd54591a6744b8de864de654a3b99afe81800a20a6dd231102,0,nofall,exact_stem
8,Pick up object,Subject.8/Pick up object/PickupobjectS8.avi,train,162,res800163.png,e47f926607ed3a12b85a9b4f64def563e28943ebeeb4c16530b8dcd24a347ef1,12df385441b39e00f19e117939ff7b4768b6b750296a3d6fa2c02bc70c90f9d0,res800163.txt,5d8f8d4ab332be8e508a00aca57667fcd48f6e4cbdd4734b15a46a0349dbf085,0,nofall,exact_stem
8,Pick up object,Subject.8/Pick up object/PickupobjectS8.avi,train,163,res800164.png,21487d75c0009591d4ebf95945e86cd1dfc3202fa41b958e7e89f3b4dc0be893,45364ae21ac123d746898ae728d056ef3097a21970aa37b676f86cabb22b84d8,res800164.txt,12debe5a63dcd0c54d3836157ecc3f7e2b36b5cd697e06e39e434392c85e2137,0,nofall,exact_stem
8,Pick up object,Subject.8/Pick up object/PickupobjectS8.avi,train,164,res800165.png,ab83bf9d10afb336eef32c3eacf6c78400b76b45b4b0b51dd686060eb5df71b5,311738b252b37442656a6768147d60852db4ec6b18641c3101a955ed5a58f7d6,res800165.txt,e207a307cac1afafd4bbbd4199021d79bbb54a012ca0c722c71500da39abd51a,0,nofall,exact_stem
8,Pick up object,Subject.8/Pick up object/PickupobjectS8.avi,train,165,res800166.png,a01e61bc2b4ac51b05b505306675be730f13884dc011ad58720323889f449c51,cf8f179a8ddb5929d389763c177ee041ac129d332c10afecbed179a3586fd2e9,res800166.txt,beeeea00709a8836b77ff9f5938d717e20acdf6c1e188e0cae897ada9f4fdbd6,0,nofall,exact_stem
8,Pick up object,Subject.8/Pick up object/PickupobjectS8.avi,train,166,res800167.png,a749a5250ca20da5a4a7423ef265ea1d892e41d24f01df2cae26b93c8fc35eb9,8a42cdafd0094eb09f6f4a31ec28626648f7eeda81baf2d1abd749e3bbb34436,res800167.txt,655ac24c63b58e67f2a89ee55d378a92b95eecd535c5137629b60846d2e2269a,0,nofall,exact_stem
8,Pick up object,Subject.8/Pick up object/PickupobjectS8.avi,train,167,res800168.png,d5eb58d2964f9934bf354b76fd15f59035b0d5de05dbf8a3c2a33517beded7c2,220c70abecb81649fe3cf999e3afd10a6fd99a720a2bd5ed48431e8d30ce8e42,res800168.txt,af8d210f73f54e8ca747ce3717b70a8247da665d61a8efc58e46d4d2539b32f8,0,nofall,exact_stem
8,Pick up object,Subject.8/Pick up object/PickupobjectS8.avi,train,168,res800169.png,80c789a2572cd7b0ab952898afd9c9b42decbe76d90dae34dde37b3b3d0a6ee3,0e1a95aef8313d5169df18478e9fff31f8c6fcbc6e3e7bc95d6befc5eed8c02b,res800169.txt,88866da26e08f795b63e4665e90b3f47b4c4c8ec9cff68994d84f801bd71f70e,0,nofall,exact_stem
8,Pick up object,Subject.8/Pick up object/PickupobjectS8.avi,train,169,res800170.png,703e8c54c08c550804bb48b28fe6eb7363bbbd8def40fc9cc3a1227995383810,d8381b863e666a4cfd2488405dba8a4cf4fb923025720f5bdcb61f416492a51d,res800170.txt,d69d0cc7262e423a45da4df8ac655ea107027730269db53957c1fdd07a1002b8,0,nofall,exact_stem
8,Pick up object,Subject.8/Pick up object/PickupobjectS8.avi,train,170,res800171.png,ea4981c5ef57ff6a2ba851c263c4791f04a130fa621fdf5c6cd4c39932c57460,5e9ba1a89e549294eaa5ac14ba0ed115af66fe8bc656befd95458e5d9b502567,res800171.txt,f5155cef9f36012a4bc2661c890a225664a1993908b3b917b701146ab4fc63da,0,nofall,exact_stem
8,Pick up object,Subject.8/Pick up object/PickupobjectS8.avi,train,171,res800172.png,4fc1c54e3ce37d47132ccc886bfc8959b08dfd6d53edf04d351433dab9b6f335,c4adfd8874397ef787a06eb65c345ed7cdedea0d3a3339d1a2f9044d19133915,res800172.txt,c4c8e297a07fbc28be358f4eb5b0c75dab2965dc446b8428bf7e1db8737ab6b8,0,nofall,exact_stem
8,Pick up object,Subject.8/Pick up object/PickupobjectS8.avi,train,172,res800173.png,517e8ec98a94727e218f54af5d47ef733602409861046c0a9790b76a22738038,6774bc63f27064e8c60b70ed0740c741a920e87f59ccf85756a8f1141d37718a,res800173.txt,97dd185864d3879f2ac3cb4c1e7c8bceb6568051c8c5b5bbeac40ffe27b612b0,0,nofall,exact_stem
8,Pick up object,Subject.8/Pick up object/PickupobjectS8.avi,train,173,res800174.png,e0e9b21bfac3840d38bc98720d047a443e23945d794a3f473c2737d37b2bcbeb,cad8763488d203cd3d6b8078c5f15b5ff006b13155a078cc7d73200b2428f593,res800174.txt,feb08b64d3299ad05a5dc728617b3f470f07d4dc4c952d5e42cb96db99c1ce4e,0,nofall,exact_stem
8,Pick up object,Subject.8/Pick up object/PickupobjectS8.avi,train,174,res800175.png,b0505e6ee0d62ff061e2f17e4b650948ca7253a955736fad0c6bc6e87e048824,887c43a6ec3415ff3ec515d2c9d4a7d03f76929dcaf5f099fe9e86b8ccd1fe00,res800175.txt,97140fea46224bafee3e37e5710af24eafa74ac774a8599afd1d3420f35a6a05,0,nofall,exact_stem
8,Pick up object,Subject.8/Pick up object/PickupobjectS8.avi,train,175,res800176.png,9d4070ae495ba225fc43f762a56976de0c8732d89ddb33ca14602ac9c2957dd9,1fe95e2ecc35134bb3557b8f2250c774a329d589ba068e322b1f7a6466eda07d,res800176.txt,03d14ca5f1291a61bc404be669a84644e83175039766716333515d504499b5bc,0,nofall,exact_stem
8,Pick up object,Subject.8/Pick up object/PickupobjectS8.avi,train,176,res800177.png,28b954a5e2721b430e66c8595b0fab7a9d51e60fff24b64f3d09e1d6bfbe619e,872c438ea2b37443dfbae02a09cef4ce61414ad3fa4317816aa8b94a4d2fe4d7,res800177.txt,a7e27977ca47b3218fe9d7bfec4a9061a4675f0003726109e93f132b90ebfbae,0,nofall,exact_stem
8,Pick up object,Subject.8/Pick up object/PickupobjectS8.avi,train,177,res800178.png,099f417b9ebd1bb7078d3cf2cb06bd848ca7d22117929debd32672f96443c813,c5d4af48a6b07260fe8d54ca6b3cf22656caf5ef8484b83d300e1ea8e9de226d,res800178.txt,9a10ceba57eda28b100a2281e5e7e46b42aa61e34e4c65a4ffd705efb5e1f54b,0,nofall,exact_stem
8,Pick up object,Subject.8/Pick up object/PickupobjectS8.avi,train,178,res800179.png,819626d3e7a4d385eed5d06d520a0a99979b03ade6de6870bc5114842d1e0345,49b5a5259cf33f78ed765fb95cf9575913f9327935f87b7af68e58c3bebae8ce,res800179.txt,a6c5eb8e0fbe4c3e6cb8fc1ee6bf0d9f9de25b5575bd09365e04d8f3060bc5c8,0,nofall,exact_stem
8,Pick up object,Subject.8/Pick up object/PickupobjectS8.avi,train,179,res800180.png,6fdf895f6170d5d3af6df1d03f5b336787af06df69c5e9b7adbd4232727a76e5,e4252eb421a162dc3d3d6be2ea44934af826efa06921293a4a59114a67d295a6,res800180.txt,c6a09e73a5627e245c5390a6d8ba6e6a59d9fbded5cddc1e5f04405ba0f1850e,0,nofall,exact_stem
8,Pick up object,Subject.8/Pick up object/PickupobjectS8.avi,train,180,res800181.png,28ed5766f2ba6ff775005e3d09c3b574720b5cc593dd8d6bd93d1e8d9b66f499,2cb6a7a65e86d24b13194f14fb2d5f3184c8df776552eadfc8c70b2e118ddee8,res800181.txt,415df610e09623fc8f91902ba101a7b8492459ce2d1795b83ca6657f23286785,0,nofall,exact_stem
8,Pick up object,Subject.8/Pick up object/PickupobjectS8.avi,train,181,res800182.png,05f2f349b20de0b454b6d9bd02703dddcddf59dd9dd91e8cf1522b462c4491a9,6df83d836ec43543aee3678ca230c5a817c54d11ee8bc5357744b213b11a2f92,res800182.txt,0d2caf3098c1720c60880389f63a80baa03e36b7f3c1d5afa1b905d40b371fa8,0,nofall,exact_stem
8,Pick up object,Subject.8/Pick up object/PickupobjectS8.avi,train,182,res800183.png,bed48f8dd72f2f2ac2c9d2c6fc10154182ec99ca21bc50ae0e57c83bf3f21eec,d3b1bd4242ed1df1d49226bbdd77534cca7a03d0a44f721272cd646a87796d54,res800183.txt,87b77fb1b0f0038fbd75e2394322dbd63c27ae7da47465d898fbbdd9609e2228,0,nofall,exact_stem
8,Pick up object,Subject.8/Pick up object/PickupobjectS8.avi,train,183,res800184.png,81e4361369acd59a22cd2b013dbed170652122405a2e30b9ab4cd19066375823,4d81101541f48103653f54b5aa7af99dcd2454860a8e35dea8b89ba534fb83a5,res800184.txt,9a4619e3b9dbe6f4aaa4bb04e883cc5b32b721cbb2d564254305fb52a14c17db,0,nofall,exact_stem
8,Pick up object,Subject.8/Pick up object/PickupobjectS8.avi,train,184,res800185.png,cbfd2b82ca75880c6d04eaff2bfaec4622f764a44124762656d8f3cd7fce7eec,aa2d199ce1a074892d556d6fa318bf213f606d9503145f99db589787b66eae68,res800185.txt,e4286932220f480112825d4b561e34b7d8f8c668692b637237f4d6b8756742b0,0,nofall,exact_stem
8,Pick up object,Subject.8/Pick up object/PickupobjectS8.avi,train,185,res800186.png,2de1decd706f9517b5666903c46dc0b7fed721186484a18c6e4f2231d68e5276,584ceb97440686a357eac9397266eb6e2ce3edbb22b250f4e2cf58ddb6c29cd5,res800186.txt,e47ac81f96742866eae590b4a12bd7a91fee2b3ed5aadec14b23cb983f5079ca,0,nofall,exact_stem
8,Pick up object,Subject.8/Pick up object/PickupobjectS8.avi,train,186,res800187.png,a59f3793e76b26d6fee7de3d17c27bea07e9c96d8622ad3027981afbde4b12c5,768302a5edc9711d75a36e85c59be09309ca5c32d7bb19088b4e9e70f8ddf000,res800187.txt,a71ddf174cd7536e27e613c8463a5ddf6952189473c254c70c90ce77d8ff7cc3,0,nofall,exact_stem
8,Pick up object,Subject.8/Pick up object/PickupobjectS8.avi,train,187,res800188.png,e3eb5f0a6bc109c27913b050b689e4af1c107a6dc919cf84a6b6c8eaf4ac573f,01bee9f90f0d22afad8829bde02f52dcd62317f4cf17ac5035339c294b61207d,res800188.txt,63711a5a5c5ee1b9e61e07d74aeb39d9f68ea7da2c0b55232ef091a1ea1668ff,0,nofall,exact_stem
8,Pick up object,Subject.8/Pick up object/PickupobjectS8.avi,train,188,res800189.png,da3e3b429dd711a1144a36078db321a7e3a7243c567ea3ac72a1d9e1fa1cd163,cc7db0be3e84a994d5d36c14ca452fce1e0092c3b7fd859e2a6f85f36c3b79af,res800189.txt,ec564721d620641ccb8dac516384cb27e42d4c15c3e54dcf75b9872917aeb47d,0,nofall,exact_stem
8,Pick up object,Subject.8/Pick up object/PickupobjectS8.avi,train,189,res800190.png,0a51086d16d5317f1b96525187df356b515a35ea43816bcc1de226744be12c2b,f2fd7ccc992a0c97efd8dcbb8720683c6f668a872158a453420b8fee7665c783,res800190.txt,4d89f46e20d65b25c65c3a982ec7c30b2a327b5e8c860f2da0be988af9dea196,0,nofall,exact_stem
8,Pick up object,Subject.8/Pick up object/PickupobjectS8.avi,train,190,res800191.png,51fd846f7130e24f257046387e280528787d897e2ce2c1795c49e24bac02e52a,867dd5d336303b9adbe936300a8bcb61e33bf09b95855c34fce7fb1061e03db8,res800191.txt,6dffda2f4be9fd8547664d732ba0ee057d60bcb8476161c6d90c53ed9651f06d,0,nofall,exact_stem
8,Pick up object,Subject.8/Pick up object/PickupobjectS8.avi,train,191,res800192.png,d4142249c92477ce4488515db4e29cfa9097069a46f5f2b6e01ddbcc8671ad83,06785a29d97e937d2c49a0d085f6d1def2bbaa6c826886a8af60bec4208ee691,res800192.txt,f69dd0304b98213002c6e1fb4fe9f53a05b96f17b329a1f8a06657f0649a2436,0,nofall,exact_stem
8,Pick up object,Subject.8/Pick up object/PickupobjectS8.avi,train,192,res800193.png,4a187f33e8e471ee598849bba6e17d41ec1603191061b1797cfeeb981b330158,318483617de2fe70f0ecf957994b25fc2519c104c66ba8414f937ff239ce2a05,res800193.txt,40ddfbd898810e1304c03ed0b14b441d7200c084770013c09b24b8d5828e6f2d,0,nofall,exact_stem
8,Pick up object,Subject.8/Pick up object/PickupobjectS8.avi,train,193,res800194.png,59057346b456d70b84ea5668e8704b934a04b27c458f49a5df3556556e0de027,37303575aaceca4ed425354eef14983b9a4c7430261d5cca6745705eba275a0e,res800194.txt,efb0aabc9fe0a066bb68e558c49a6be73ca55a6da6ea1f7d97d9cbd6428459af,0,nofall,exact_stem
8,Pick up object,Subject.8/Pick up object/PickupobjectS8.avi,train,194,res800195.png,ae0115bac1b248affbccf7215919bef67e262269f36e8d28f27a89ec43408ee5,1dbaccbab88120d8a0338e0449f0c5a798556b484565383e19700f2160654f2c,res800195.txt,713bf451db84066474a7587c52c991094cc3ec74f0014225635dc88fff0d354d,0,nofall,exact_stem
8,Pick up object,Subject.8/Pick up object/PickupobjectS8.avi,train,195,res800196.png,7b604156e826677527b7bc913c0efc39f087d38848d3391ba87b4b16a122d13e,616b907db3c0d4456b9ceb2813ff13cb18a5b74d0b8283ce5ab0f1af8e91f86a,res800196.txt,4899a3f290eb34e3f4a8b06ff58e3af2c3bcd69ac67e7fc7e293982b49c5fcb8,0,nofall,exact_stem
8,Pick up object,Subject.8/Pick up object/PickupobjectS8.avi,train,196,res800197.png,1350b9282fa68df213e9b810c0d84c68c896977d7b12e66a364df32f951e0ea7,53e303496aa04e441398edec7e588f8f22ede12651253956823f5a362ebb6ac0,res800197.txt,6743f79b9a2149c72456f2aadafb056debc29136b4ed98183af942c715d4d337,0,nofall,exact_stem
8,Pick up object,Subject.8/Pick up object/PickupobjectS8.avi,train,197,res800198.png,893e42cea03c90d760e46ed5e0ebe1c3406e614293be8151a5513ed13c642a0a,3f43378103cd20740c6cf28878fb8d396302a22a65a5786b86cbdd7c244d8737,res800198.txt,acc61150dc4ab937b17bcd6eb05407d3665ff357711d9b2ed2487a98f38c7792,0,nofall,exact_stem
8,Pick up object,Subject.8/Pick up object/PickupobjectS8.avi,train,198,res800199.png,6d13b2ff90c2e59932bb2a7ef6a09362e2a0edaad6a730aab3fc430582cc4a29,5ad6ef6960180b4340ff871238da2278a400fb04fc2e5aa47448ac600557ff0a,res800199.txt,2e35f0b8b4657d44671a8119d7a3f5ab259bcc30396e4fd5af178a8f27e49a34,0,nofall,exact_stem
8,Pick up object,Subject.8/Pick up object/PickupobjectS8.avi,train,199,res800200.png,93b9f1807eefe44710a5d3236e582edf21d2c780122aa1e87339dbbc994bad47,8e43dab23b00ec72e6a753d0a635032da20f96d155090a91431cda205b97288f,res800200.txt,4bc8f416a4ab67544c4840e07a1c0828b64f6a9858fc09d8ae4a6969c6c64f78,0,nofall,exact_stem
8,Pick up object,Subject.8/Pick up object/PickupobjectS8.avi,train,200,res800201.png,8f25490a44cab8ca96f019d41821ebabeeb8ae253513b024921b8dc68edc788d,125ff1917c5cd4cf6911c55fbf7521e0b8037bd3269e9ed1ffac760025de3691,res800201.txt,f674d59d308769bd623e4c75b0df2fda7f515d841494f61a8c2faab331d6e1da,0,nofall,exact_stem
8,Pick up object,Subject.8/Pick up object/PickupobjectS8.avi,train,201,res800202.png,28f8e380b2055a945b68d8683ddfb3d736dbfb64dc370b4ee37dee0a21a16fd6,313cbfc615a378899c354247385468b7b018d674cfb71a273363915d5aa2ca8e,res800202.txt,9395b871dc0b5ac9ff5a90927dcda655bbe2a47d62950ea4cc536b6e350ff55a,0,nofall,exact_stem
8,Pick up object,Subject.8/Pick up object/PickupobjectS8.avi,train,202,res800203.png,48647a403082b4144c19bebcbf3ccddf191e8e1b45d8ebf6f5fd2d334f7c891c,c4bc55d7c4515f29ca8b16b6cce33abd9bb9b24d6c09e087c64467e767a8b32b,res800203.txt,5fe99d6ebcf2e8e50c61319b719760a440bf2deae79e92a949e4bff7c943f801,0,nofall,exact_stem
8,Pick up object,Subject.8/Pick up object/PickupobjectS8.avi,train,203,res800204.png,9ac67472062403c2badc0b959327856f98f034f9c9e0e33936c16b6ae66d3395,301cafc6b59b3e6634ac1fb3ab5798305ecb8389cd44bf68afad27a2bf6e9e90,res800204.txt,2ee834db656c33c29068340891c61f73cd2381aaeb0d223095c2490ca5f240e4,0,nofall,exact_stem
8,Pick up object,Subject.8/Pick up object/PickupobjectS8.avi,train,204,res800205.png,b73cee14b80f041674f23a8c9e663aa931f95f48f2bd780a9c55d83b794c6448,b4a1c93daa44e992588c11880d478b95d964df3b520fc61becb1b1ab56a1a731,res800205.txt,d4200275ecca7557b1d61194f25587065cef6cf940c0d0474e67f4512e190b1d,0,nofall,exact_stem
8,Pick up object,Subject.8/Pick up object/PickupobjectS8.avi,train,205,res800206.png,3eba55b7862622dce9b58ebedc6250749a52afc84eb9e33877f75a328d737638,3df6451ae18d65a8080a1dca65539e048c8941cfdced188bff673ad7cfde5dac,res800206.txt,ceb3b39ee6b7441a8fa4e834a844a2b2d5bbe8f133050f58fc2cda98c8a1b009,0,nofall,exact_stem
8,Pick up object,Subject.8/Pick up object/PickupobjectS8.avi,train,206,res800207.png,80bb501eb5f0dfc1ebb91fedc951f63a9f4ad6ffa34d10eb68bd2840d3ff3d17,482085521c45a26b1888e9d9e82ed28587f11295c68c8ec22bfc35e253303ba6,res800207.txt,5949da182e6959822dc5604c869efab690924efa27b691fa6de041573d90f84a,0,nofall,exact_stem
8,Pick up object,Subject.8/Pick up object/PickupobjectS8.avi,train,207,res800208.png,bd05c0b46988c314e0c5c31dca0192c6afc8480a48f189487dc90b39b74c92e1,b854d364fd6895d55c771da36feca7193c10d81bfef1f2e44222efb859ffc00a,res800208.txt,b025c4f8ca7e96ad338bae3e49cee01891e96bcd4ef53acccbe954e52856d347,0,nofall,exact_stem
8,Pick up object,Subject.8/Pick up object/PickupobjectS8.avi,train,208,res800209.png,71283f8d3267f3d6ee2336d6e5d40d250c441de7031d826022028206c6a35fb0,20a8e209c2743b9dc086f8025a1f8e5a08e402fa6130aaea9802bbf1fb6201c7,res800209.txt,23b6f6a580c78ef9cb40b81b05e3de9f2de542e82908e1789984ef26e4bf2f8a,0,nofall,exact_stem
8,Pick up object,Subject.8/Pick up object/PickupobjectS8.avi,train,209,res800210.png,87d5797c2a2ae8df8a9b5bf7ffdcb5c2fdc1268de3c3b05c5a098f67e0ebeca7,e485999514766b9d9bf70ada3688d565b9b2107598b2d63a0090d4a005089508,res800210.txt,104e2b9774baa9cc15a47038f8e4d2457b700b78b940c07aa61f726f965dc07f,0,nofall,exact_stem
8,Pick up object,Subject.8/Pick up object/PickupobjectS8.avi,train,210,res800211.png,ceaf7e6ade4b58a216206ff428ad00460b44989b76f48969fa2250f4d6910706,3d1d6380a4feb8b95cc855083caa49848514cd3893e37f2e4e793d8911c9f95f,res800211.txt,558ad699d7308630c78acfddb27457aeab9108fdb9665e5e704552e966498e36,0,nofall,exact_stem
8,Pick up object,Subject.8/Pick up object/PickupobjectS8.avi,train,211,res800212.png,35be1c9f40efe48d61efce7bd473c6429a07f09533c6faaea91f3669ab7326b5,5a3df4fb35cb7ef483d36acaa067ca2708c629ae5fb0fff5dc667cec5e59c3fa,res800212.txt,c3502c8680a69eb8a34cbb42e902b4b28470a47bc5f606d1cb847e1c9f6bb30f,0,nofall,exact_stem
8,Pick up object,Subject.8/Pick up object/PickupobjectS8.avi,train,212,res800213.png,16c82b3aa912924474cd01e762bbf738d19906f00eebb6e9f87b415f53bd2f2b,04c4bb69dfa07fa29707a0778f08c3d2de0eb4c4de0cf67ebefce12a2d11ccb8,res800213.txt,f8460c67af0b2cf1bc759a832614b1a8969cbf51dfc51540015b36eb66892986,0,nofall,exact_stem
8,Pick up object,Subject.8/Pick up object/PickupobjectS8.avi,train,213,res800214.png,c30fde7316ec007bf2380c1659465e3cd09256178f4fa18b397765b92d9102d1,cd88f1bf83e4f40ac483350e0e391e0c8a48619dff67990e374be6809a37f7c8,res800214.txt,c355c636a70cf79e5537352b26d0a805848c4f1290a8d5c6142c19fd626922d7,0,nofall,exact_stem
8,Pick up object,Subject.8/Pick up object/PickupobjectS8.avi,train,214,res800215.png,af207138c067ac06f875fadc2940d4814893ff3be6def4c127062375b1056b05,a8d1393da7b6f85ebb81a3e0077ba6fa61c2facaeef4d8b0ff832d32fb108bff,res800215.txt,d60ed65ddc93bf8ec9c12b14d5f62d52fe75edb2026bec60b37f6559c7aee2a2,0,nofall,exact_stem
8,Pick up object,Subject.8/Pick up object/PickupobjectS8.avi,train,215,res800216.png,99884c253f801813103194ea4c92e54f6817043ce97ef69a6c91a11f58a43cad,072c365a3fa62af14832a1357a543b1187d10e91c62d3c2599f124cc85e20227,res800216.txt,600e666d96288d22f749f3fced11e07ceb2b17d201df09af38cc3b64242c3d79,0,nofall,exact_stem
8,Pick up object,Subject.8/Pick up object/PickupobjectS8.avi,train,216,res800217.png,cfbeb7d02b13fe6e6d44ef4685cf8b59faec13a64abaa18a3037b4437b7d3a19,a06a2b9b7c636cfa0cfaae9b00fd0df787473f75ad5d53256edb1a70d3798503,res800217.txt,aaab826a8d7fe8b47318cc2173f9389a266d993e8282639295f55b43d41fedad,0,nofall,exact_stem
8,Pick up object,Subject.8/Pick up object/PickupobjectS8.avi,train,217,res800218.png,648911cd51ca4954275e532b7a0fbe7b439ff0fdaa28398c4965c9b5cdd0788d,191d9b3241e8a99da82f03b25313a79d23c3b38de8c75f4f57c14ad731051878,res800218.txt,25adba6e240f2384c5b223b3e505968046bb9c78d293a02372fee7be1be66f4a,0,nofall,exact_stem
8,Pick up object,Subject.8/Pick up object/PickupobjectS8.avi,train,218,res800219.png,d1680543c298ab81a21e16c7b7f26dc395cc192cae4839b1a7ed327a1f06a4c4,fbceac3d27b73f46e21a1eb255cab1999114caafc6e773c9566c36b38ac5a5a4,res800219.txt,768d61518b7f9744b89dc3716eb1ace4b9bb142066d0ccc52d20b959c369a16e,0,nofall,exact_stem
8,Pick up object,Subject.8/Pick up object/PickupobjectS8.avi,train,219,res800220.png,36cb14754217ecd24149fde9e45193606b889c19199ac03b9ddc570217ea4ee2,abdc4c31e2ab3e5268af3425b343a201d592625841ce644a936942d4ccf52229,res800220.txt,053a0e26d0df01344b2209f090e90b355075887486a55d717a233bfa4a3319b3,0,nofall,exact_stem
8,Pick up object,Subject.8/Pick up object/PickupobjectS8.avi,train,220,res800221.png,4b4c0a19821e4422a5499214fe9377ab634eb4c4e600c8c69b386ba1182c617d,d6b94b81ac71384954abdfecbffcfac62363a3f83d4cac36f7902c45311d5afa,res800221.txt,8a16204ea1ec57c4ac9500cbadd2673f1f4ee5ee95e698a9da5cef4cdc14b285,0,nofall,exact_stem
8,Pick up object,Subject.8/Pick up object/PickupobjectS8.avi,train,221,res800222.png,87caf7dedcb6e38c06885e481affc4f388e550f9cce86a76e7cf57740ff063f7,200d597801518dc655b83ebf5088e45e63dae40129c3bbfe172c1a4d3be44b5b,res800222.txt,21e498f89685e28e98922459128c08a7591583549c9b29fc3a26f661a2c75a6b,0,nofall,exact_stem
8,Pick up object,Subject.8/Pick up object/PickupobjectS8.avi,train,222,res800223.png,2aabe9105cf5deb68c6b0ede82344ead3728afbe585a188fb389aebc06c59b28,659e2db43f87d617f54fcd98563391bc1b204c3fafea9f1ae18663086ff7843b,res800223.txt,302d8f97ac8a2ecad9f82ca95dabdf9b325894e8c5e3602a6e02530b18e4170c,0,nofall,exact_stem
8,Pick up object,Subject.8/Pick up object/PickupobjectS8.avi,train,223,res800224.png,6d0f987c59f0963706946f2b208aa4af1c40165974d59323e2b7d8707d2e2e6f,0deb3d2bd97215695b1c2e05062263277ff88a7088dd16862d28cc08cf2d61cc,res800224.txt,40794660dbfe6636792a37950388ba83165fadaec7914db1a8f78fc2287339b5,0,nofall,exact_stem
8,Pick up object,Subject.8/Pick up object/PickupobjectS8.avi,train,224,res800225.png,a6810d3672acfe58f934d90b16426e653f5da8f960dc7bcd1415d5682da00e89,21aa11d379020d36d6d0a69efdfdd0af43ec2868c64e4d7c1e4485b982facb44,res800225.txt,55851294aea8260447b9572c4672f70534678d5553fba46018a4e219997c6e4e,0,nofall,exact_stem
8,Pick up object,Subject.8/Pick up object/PickupobjectS8.avi,train,225,res800226.png,e69a4736a7d7b63d4242aaf2f3478d01569723e4bf2fd889208d070294d9faf4,6f8c2afdc62a15ed53e1b5709b671bb45f7f21018c1f13b3e34d223a955aa09f,res800226.txt,714fb63b12dd26a5a8df133c1a9f25cb7fa25cbdceb15d5d4228f6013c60dcc1,0,nofall,exact_stem
8,Pick up object,Subject.8/Pick up object/PickupobjectS8.avi,train,226,res800227.png,3a1d7d8ecf0e8b20736fc196eeaef418dba7edc921b0ff8c5b18185990c361fc,3ad51f62be8f9c28008d71ace6d73eb444890e0206d37fc6851b9c2436938779,res800227.txt,3bf54a87ab398d8da57805ae74b3bbe1c09b2d767521b85da743919477afae5e,0,nofall,exact_stem
8,Pick up object,Subject.8/Pick up object/PickupobjectS8.avi,train,227,res800228.png,1e4ae0b4736b2fbdac30ca65a0df8ea6c1ef5eed8792b243a4c0a7a7de91e719,a03c02c5b5741c9e05631bf26cd7cc99517ab79bde6a3785e5d9da07cee4bdcc,res800228.txt,cc7ce14b2707814724597138b86bde0ede7dac6b0d6ad1d47502f58699b17b4a,0,nofall,exact_stem
8,Pick up object,Subject.8/Pick up object/PickupobjectS8.avi,train,228,res800229.png,f518a8c2d2188adea2b53b37467a95a95cf6859c8913fc327557482c4023c138,a50d851290316d5ecf8477f0aa1a624b6867403cf21a4ad2e77068ef22828a58,res800229.txt,638f4e195e3eb7283856382ca627726e56c76bb7d20adcf4c9a4a73efd6e8a6d,0,nofall,exact_stem
8,Pick up object,Subject.8/Pick up object/PickupobjectS8.avi,train,229,res800230.png,dd7198085da0a7a97c9849405d2c8b686a41550623bb15b2d20b497a0474782c,dcf5afd2874bfff6290bef126e4d695448c1206ce3ddf5593aef8b7070b26da1,res800230.txt,2880ffd73e954a06c3242bcc3ad099928c0e810bfbfdeb793a2c131480908ba6,0,nofall,exact_stem
8,Pick up object,Subject.8/Pick up object/PickupobjectS8.avi,train,230,res800231.png,20ba38930ce3ecf8b784ae8d9e5a0d95f81d084c0886b6e3c0b4f31919296fad,7f894c330a8820bd234a30897500e36bdd66c162ee3eac1cec455995140e319b,res800231.txt,b731c7c00b49f4fea5ca0dde08e1019856516b9bbc55a61f1bc86c415555b51a,0,nofall,exact_stem
8,Pick up object,Subject.8/Pick up object/PickupobjectS8.avi,train,231,res800232.png,09ac051d5655d75a1a824fab70aa628083eed6a4c96a750f9971e09b7f71bc35,05bc41050cf93a397bac694a2d9ab1145f70fd5904100874f5bdfad8b0b3fa4a,res800232.txt,cb6e18c12f3c41f0ded6386941d4f31ef4662f6d50b8b8b575a0a6034e534198,0,nofall,exact_stem
8,Pick up object,Subject.8/Pick up object/PickupobjectS8.avi,train,232,res800233.png,6a317b86578e4da33fe100aaaf0bdbf80d7c951cfd9bb8dab6150971381e1d1e,816e9c0977372c93bca96ca2511a85f812004f137702c6a89097f8229dd110e6,res800233.txt,1a99a3d8c0f7b642f2f5dc846472c8e07a424aedaa43cb7332d1114637a97ae0,0,nofall,exact_stem
8,Pick up object,Subject.8/Pick up object/PickupobjectS8.avi,train,233,res800234.png,157f4d232c4b697a3389075a0544dfb6948171ce7d51610ed4ebe40afc9f3fc1,2fdf79db19e03872ec4ef3ba9577fb53cf6ba9312cdb9a445476205fc34c9fcb,res800234.txt,e00760320e41a604aca1e84d188cd29286540adebc39644c704003d41def5f59,0,nofall,exact_stem
8,Pick up object,Subject.8/Pick up object/PickupobjectS8.avi,train,234,res800235.png,f497e185164230819245dce3fd68988f641e6efb31ebf9886bb994a36b5f6cd2,4f80de8a9176bf382496b639f2dc85320dce43b5119b642729706bdab1894844,res800235.txt,0a3d8dc97550cbfbaa6357695c03a89c67b12b6fa62b1e80fe7ce4537155eba7,0,nofall,exact_stem
8,Pick up object,Subject.8/Pick up object/PickupobjectS8.avi,train,235,res800236.png,398e88c5df3a6b5eff467c978d3f5da1ed49d4a091423c5bb6df6d66991deb70,a161031c66c441bd629e8a457e2eb3b3ae053ba22d2e3d28d7152c68bac793ce,res800236.txt,61ac4c785cd48be9232ad03b3c8d7e5bcd124b4f744b1f2c6e4908a7d0c89334,0,nofall,exact_stem
8,Pick up object,Subject.8/Pick up object/PickupobjectS8.avi,train,236,res800237.png,cc985f7514798591de11e4c48f4efd57fd51c357548c52fa1dc1cbf344628e01,532eaf5509233fbcb9fd1e8fe74cfcc779451e5102d35de1adaa7b9a99d12898,res800237.txt,170753b70eacb0b96c18a77c81df732515ea9841a4dadf12fad01ac46d527481,0,nofall,exact_stem
8,Pick up object,Subject.8/Pick up object/PickupobjectS8.avi,train,237,res800238.png,32a7f15a1e022aa2457c6178d14df3869adc62eda2afaa9da9ea36f0b9bfe696,bf7b5a4a4770abfa908a18cc23f0d7b11cb3a26b03c2c413f378c4b6cc756063,res800238.txt,331e4e666bd042f3e6091ded8548828a2e73dd12897d78b49822ff2b1f9b52f7,0,nofall,exact_stem
8,Pick up object,Subject.8/Pick up object/PickupobjectS8.avi,train,238,res800239.png,b09444e5e1a608399ccc8877d2a4ff15d6e23baf471bbea62441321b0a2a490d,399459ac23470a91e903bdd832ab488c18d156066561ad3ece8e06e6ae3b67f1,res800239.txt,a3a5545d0963e89032d89e1e98bb7dba53f175d17f05cbe0f7862591383e0d42,0,nofall,exact_stem
8,Pick up object,Subject.8/Pick up object/PickupobjectS8.avi,train,239,res800240.png,2b1d737f256c21b4309360fe9ad50b17d436e7f2505e5b6a54e81813c921d86c,6bc118024c92bdcfbd7750d0c39b50a4a813c7e7b1bb6a13ea5878db9ddbce4b,res800240.txt,f9c6441f7c0ebb8642542b7371d96902fceda63163ec8dbf38f22aa664fb12d4,0,nofall,exact_stem
8,Pick up object,Subject.8/Pick up object/PickupobjectS8.avi,train,240,res800241.png,d8de0a8531e311202e3abe8b38b1e1144be955cab9f3d5798292277c555e5893,8b4aba72202e5746121545b166873f8cee01a45d1cdadb3dc71b5ae86396843c,res800241.txt,5d40a9e68e5cc56e6546c27cbd373fdb96b415e3d12e74e1d592da0fadb2e660,0,nofall,exact_stem
8,Pick up object,Subject.8/Pick up object/PickupobjectS8.avi,train,241,res800242.png,d8af7f9233aa5b4bafc8f6a94e27b6daa8edf9e53a4d0195b76b0796c7c8d4e4,a27a2ef6891249d15c8c79ad8eadb5a7f39ad402260cff5cb170e87c71736132,res800242.txt,f44fc997876433c0350c56d36e8dc001bf2914b002c557ee7e2a9f9015a6b278,0,nofall,exact_stem
8,Pick up object,Subject.8/Pick up object/PickupobjectS8.avi,train,242,res800243.png,6e74949d54444d19798b81a30c2d2c8124ad4426f9cd761c8a5304a839a4a876,b1b38417fb1b3377e486bc0464f6c465ec22dc72c8f1a3cc45bc6687f8cbcfc8,res800243.txt,854db992d34a8f7e76d945b71bda5926c0a7f1d0a5619f4b3ea33ac16f3c2588,0,nofall,exact_stem
8,Pick up object,Subject.8/Pick up object/PickupobjectS8.avi,train,243,res800244.png,5dbca8ec530a72f76aff5b17cb2f4257dc201fbad609f179e4ffa87173c58564,01e9d28d3cbd92c8b6347e37106d2d980cc5b8b04b323d5ddb2c7d90625b5f0e,res800244.txt,d1ae275d032e2df3209f7ee5649e200dca982a546748ae7f54fb5cb91dac4bdf,0,nofall,exact_stem
8,Pick up object,Subject.8/Pick up object/PickupobjectS8.avi,train,244,res800245.png,7a30b6889806c0bdfe7dcb7bd8d65d57bec2adc98796196efb6f47389c209f40,ccfd513effcfa25f72fe4aed52c8936856ab004c74ec2b3a1c355347ba6cbc46,res800245.txt,5363cb5f8a2e6cb782df4d5d286b5fc51ff9e0fe997d2450ec24e2dca4f19c68,0,nofall,exact_stem
8,Pick up object,Subject.8/Pick up object/PickupobjectS8.avi,train,245,res800246.png,4aadafa6e69427d73e9fa458b59c8f5ef4815015813a7edece9694c43a710e06,c2b6deb972b033c65a3c7e64369e02a72fc1f5aea09357c4522d47f4bc85edb9,res800246.txt,8db8724341313e4ef03ecc97bb8bff7bb910de6b5d536b57da6b51adb2eef544,0,nofall,exact_stem
8,Pick up object,Subject.8/Pick up object/PickupobjectS8.avi,train,246,res800247.png,7bf2167d2ac0e9eae1e4fd6f7e409ad58ee6458feb150ef9eb8f6c1ae7795665,e84920590840f9b683bcfe13f7119aa4a4d59b67e8b151e2b1990016e28700cc,res800247.txt,a6ea4e401ded5c1ba1eb92a8c9c2ba5342482778a088f0e8f595e2ec7f58db6e,0,nofall,exact_stem
8,Pick up object,Subject.8/Pick up object/PickupobjectS8.avi,train,247,res800248.png,c15c7b35ffccabc12fde0b70844766543d9b80b01ff72d3cf6490c9c809091db,5479c71a6e05a0a4b7190f8e6bf9712e9a07a401edc9f270179380d0c527b141,res800248.txt,13d3c485f7322e60447d160401271ad4aae2f72efac028fd4d597133fb3e4aeb,0,nofall,exact_stem
8,Pick up object,Subject.8/Pick up object/PickupobjectS8.avi,train,248,res800249.png,0d2a5d96778cbd11f1c62b51db9156575361f8fd4e9e25f0a5728e80af816c44,86e55ed31cb8d06f5798648d6a9c21e9d398bd9f120c9debef03f85044b0bc67,res800249.txt,98d506ad372fda3fe76d6868bff02337333584b9bd09925cd5134c9dd57ab6ae,0,nofall,exact_stem
8,Pick up object,Subject.8/Pick up object/PickupobjectS8.avi,train,249,res800250.png,bb0d61fd197bde1ea57372edf14608d4ac6a39509b6c442d37c56113343bd2d3,85895c9b279a189e807792a0c4338ef34e88d4e61e5e5ed8783c07561cb6c043,res800250.txt,40cc30edd60ec7e82f1f975390a3d9f1a4cd78e5eb23010348af8cf5aef2c823,0,nofall,exact_stem
8,Pick up object,Subject.8/Pick up object/PickupobjectS8.avi,train,250,res800251.png,772eb852933b806d9eed5b254f2e1cd22fa2da71b4b8e9cb5cd42a30cce3d61c,dd976fe5cdd456a4324ad7e1ba842246ee2707fef7440ad931456a1361b9b1b1,res800251.txt,8325ab9fb2cbc4ac9c894b0ecf5d0dbb8bf7df1f11b70629635f4654b7769e27,0,nofall,exact_stem
8,Pick up object,Subject.8/Pick up object/PickupobjectS8.avi,train,251,res800252.png,94949ad9e1bf2763079cac4d442c15cefee88ad80c16357f5b281255bab1773e,7b76cdb72609a654e917380e63df7bf2afc4f792006fbd92d634d1ed5cdc918a,res800252.txt,a06243d42b75ddb43ddfd5f17a1c5ff181e70612e61a1297e3b39224597806be,0,nofall,exact_stem
8,Pick up object,Subject.8/Pick up object/PickupobjectS8.avi,train,252,res800253.png,3c3c1ede6891d5c697830ee60be45426e9c160ab8ecbf67abba90d7e10cb8f30,937adc8b0ca722a2310e981105e5ac79592a767e6426b18282044ba1cf7e181f,res800253.txt,6c23841557132b2c2aa3cd8c456d22677972033cd18dc5cb6c58c1600e974132,0,nofall,exact_stem
8,Pick up object,Subject.8/Pick up object/PickupobjectS8.avi,train,253,res800254.png,f1f1a295ecf7aef02753708b7f2575e975daa1d161304476ffdbc90eb2a37563,997187ea3b79be535eaec380bbbb3d17c7ecee3a26c48970ee9bd05e6eaaed2c,res800254.txt,72e0cd6a227df9128b2a325367582b068b2516354cdf37bbea4a16e32d5ff3aa,0,nofall,exact_stem
8,Pick up object,Subject.8/Pick up object/PickupobjectS8.avi,train,254,res800255.png,4742562aa40c853fa9460eccea0ef656546e60217ab9f6bca5194a0db4f8ec39,0aacac6d3be169aa9baed06642f5b6bbc2e6bdff5e012f66de2e52f357b6c817,res800255.txt,8c1ad1fbcf56f9099038b9886b3646de83195f52cdb1c68a07a9101340bf4fa6,0,nofall,exact_stem
8,Pick up object,Subject.8/Pick up object/PickupobjectS8.avi,train,255,res800256.png,c74edabf0c6539db505707d04e9ebcfd5dfb28528ccc37f211c8e97dc89ff139,433d40d07a5e3330dc9238efaea4396a0898cf068da49453d19b56333ab5df1b,res800256.txt,5a91bb08f59c981d933aad8743f0ef28d8acf9d218e35aa68a1e129c03a826da,0,nofall,exact_stem
8,Pick up object,Subject.8/Pick up object/PickupobjectS8.avi,train,256,res800257.png,31ca606404a3538e94dddb7ad511c347d58a25d4effd7f726d65ecd233ac62aa,49dee7e1f7b4f61607c2c7fc852a2e07662a18a59aacf04526426dd59ce8e217,res800257.txt,06fe002a58332716b9951f255c333922177883200ae8717d681c3c9698c6c819,0,nofall,exact_stem
8,Pick up object,Subject.8/Pick up object/PickupobjectS8.avi,train,257,res800258.png,14b80b53a506ff21f8af604b1896d451572601ef3269d9397a6aa3a8381b23b1,9ac64c1255a5ff9eac4803a81e25d4322ac7a0dd6f23f1384e136bc9db481d35,res800258.txt,dd446cc7c7025565c42fcc316908f5f4eec406bfe2f639abbdc76299f74abe6a,0,nofall,exact_stem
8,Pick up object,Subject.8/Pick up object/PickupobjectS8.avi,train,258,res800259.png,7ef6c4587a64e5f73ae982192bff80fc3d5bf49e13f5b00993ce2fcf0f2dc167,c6fbb3aec337ff4a50939057cb9ea08f0ad0fa5d8f11abce6b1c6ff434bc903e,res800259.txt,af34f7d805693caf6867ddd5c2aa49b28ff6f5d4a01a01f7fdf2e491d1b3577a,0,nofall,exact_stem
8,Pick up object,Subject.8/Pick up object/PickupobjectS8.avi,train,259,res800260.png,402eec0be1cfdc34e9e59209ae15224017b48e7f313545249dd538bf6d50d77e,e99beb086f2873eea0e1fd4ef414884398393ed24d58f37d9774c3603992a6d9,res800260.txt,8c7f79629de582cdd88476d8831b3a62736a87a9067f66f184d3383c5ae07241,0,nofall,exact_stem
8,Pick up object,Subject.8/Pick up object/PickupobjectS8.avi,train,260,res800261.png,28797b786af715ca454d7c816bdc20b08bac6af439938bdf96cd4f475d7c8177,fdf34fda3b6ef03f067a8a6b2bbeda91971b5dd3eb81a93625a2851bb2392ec0,res800261.txt,660d12cba0550e08a3824444153339ead2ec41e461d3037c139419a0ccbafb8e,0,nofall,exact_stem
8,Pick up object,Subject.8/Pick up object/PickupobjectS8.avi,train,261,res800262.png,be25743ce9a5ce1c6983a270347a6b3e5800d767a6d6f03d3320cb81759d4c97,dca046f06ad4cf4c616e8bb0178a2f778aacebd66c1af0e3aa8b03bbb3d3c87c,res800262.txt,de1176cb9d5ac73eb439bf1a0e922933c194abdf8e96cbaa6a7812670f3b354b,0,nofall,exact_stem
8,Pick up object,Subject.8/Pick up object/PickupobjectS8.avi,train,262,res800263.png,5722b2c50b23313930c5a55af22e63a5e6ba83964f57ee2b50452e6f341bf35d,94095ba0227211386b6fa606b32b2137eb05e13496f314ae93db7e5a24905452,res800263.txt,c4ae8ce0be17eb3782bda2a2ccca994fdd4e79c933a14a888b6094d5867399ee,0,nofall,exact_stem
8,Pick up object,Subject.8/Pick up object/PickupobjectS8.avi,train,263,res800264.png,f1ebdee20214c2f888b9724a76257df59d54663b4df38c2491ce052fa65a2926,4df1ddf3033f4f7e0494b10c038ceaf7a5b2d22acfd4b3e0d12c540ca0df0299,res800264.txt,88a647f5941fc2bd8df297146a1876f4f1c12b516578c34f1e3ccb7c6e7b37a7,0,nofall,exact_stem
8,Pick up object,Subject.8/Pick up object/PickupobjectS8.avi,train,264,res800265.png,1e06e53bb6cbecc9cd7c34238d44d731a3b42fe094a192f35b107f04fba0ed0d,25271ec5ad86407d9ac94400f3688b40385ae886fc5df1dd6e570750ef993632,res800265.txt,087b2c8e1116c5c449010b73a041806ef894d650aa9194177f7aa602b3eb0507,0,nofall,exact_stem
8,Pick up object,Subject.8/Pick up object/PickupobjectS8.avi,train,265,res800266.png,e7d99c424dedf2134f462408a4d4d6a4bf23a252a1198ad95f8d9fd5b8e1300c,619724c0bd4691fa444e328b157601f734b6f6b4d435c51c80641d0e14951af2,res800266.txt,5f97b0f3420fe9bde146703930212d67fd58799f2d8d923d08d551ef2dcc1478,0,nofall,exact_stem
8,Pick up object,Subject.8/Pick up object/PickupobjectS8.avi,train,266,res800267.png,9dd71d408e1cfb808a2f234e3666acb5b3058618be4a4910be2b5bb256dfea00,5674a2d5f379b26429068e99af649c0bf3ffd699ca0809e43e983ab369c1b316,res800267.txt,9bba26792e09945c8566f6d1f491635ca62d3d0b4f2eb63ed684ab0561a1e18f,0,nofall,exact_stem
9,Fall sitting,Subject.9/Fall sitting/FallSittingS9.avi,train,0,css900001.png,7c9d1157c18d54283664f0af44e273f3eb1249cc944c2a95b7ce9a38fa1e4f96,f32bb14a3af6958c752748c204ef8b93f83cb63966604d301d96b02870b76baa,css900001.txt,daaf103563c91aabe600d24f4a71f4a13aac986d85706eda5ebc19790fe88607,0,nofall,exact_stem
9,Fall sitting,Subject.9/Fall sitting/FallSittingS9.avi,train,1,css900002.png,29610970bcb455cd6043c2070ca3fade27dcb3d37af3780c791bcfb17850ffaf,e91677ad10bf0b559c4eeb3514cab9a8e7522435fa9eeb9333f69aca7819a390,css900002.txt,910eb748827904fd286123556adc8b55d1b14a849b1891aa9a7678556ace4ef1,0,nofall,exact_stem
9,Fall sitting,Subject.9/Fall sitting/FallSittingS9.avi,train,2,css900003.png,e4e259aede0d397f89c73147fcb620c61681bee2cadad3489b729b3efe2fde51,20df3e46ee03e87e399200324492580a3b66ca2746174accf5b2fdb4b2724e05,css900003.txt,9c579203f658a7ddee5c1f0984191154ec56c5b9b78aff3d939af46e0ab0b943,0,nofall,exact_stem
9,Fall sitting,Subject.9/Fall sitting/FallSittingS9.avi,train,3,css900004.png,ff3d4e26c2561ef11d080b89bed1bd4f1d565fbea33a2eb7762816c4b241363f,5af40e737975f21297397a495bf9461573452fb256d2a9355e04c3926614e4d7,css900004.txt,53182450583e16c9382624b3a212523b79fbf09bf87d1367ae4a567a0ac54531,0,nofall,exact_stem
9,Fall sitting,Subject.9/Fall sitting/FallSittingS9.avi,train,4,css900005.png,5f17ccafd8c153e7a1cb6ef7ea60ccdd44cd403339aa2c8a094b8dfc912a6b00,deb76213a5e86356f8f6f159ea81e6afa803affe39cba635fd5f98f411a61907,css900005.txt,370f765001912d2711440752ffc494b3f43615592048d44a784f3697fb49b7b4,0,nofall,exact_stem
9,Fall sitting,Subject.9/Fall sitting/FallSittingS9.avi,train,5,css900006.png,bee18dc240ff7ce4f90cfff5534006ce82157d7c3faefdba15188c8d278b948c,6cf00b99df63c941febc666d906f8736e8de7ff2749e33ce77329f7d82c0991a,css900006.txt,fb8755ec4a49ac18aeeab84d4c4b28c4eba64e404924509c01624569db63b658,0,nofall,exact_stem
9,Fall sitting,Subject.9/Fall sitting/FallSittingS9.avi,train,6,css900007.png,b72a41c394569ff305457e00044480b73d1dc564d4864a67645a88f8a424f860,e2687f8d1d891785ba14669f50eecd0093b9e5b8202a6c8bee7a96b018c6f0d5,css900007.txt,8f7e230e864095c671e724c05228b51b5845d11d665fedb6107d47ca553c6e93,0,nofall,exact_stem
9,Fall sitting,Subject.9/Fall sitting/FallSittingS9.avi,train,7,css900008.png,54ff687462b315e127a3c4a18cfa80316a81ba6211a0507625c78537ff34bc13,641515c43aaac7af57b4ea6e9a3e05aa4a0bbb6b758f2686d5f98b8f78ee463c,css900008.txt,ee50710b1ebd76c1885f4a45ad85768fff4fcdfa94d05c88ff0a2ec88ff325f5,0,nofall,exact_stem
9,Fall sitting,Subject.9/Fall sitting/FallSittingS9.avi,train,8,css900009.png,0c905404bfdeddaf18dd728dcdc816c5ed7e9a32720e85fd7834a1b789307aab,f1d9b1da20323acd66f97de547207188536abd1d51adcdefe0f094e33dee1525,css900009.txt,3cbc34a60b9103963d531f59372adb2b7ec2e0a205f82685907813ab8da4bed3,0,nofall,exact_stem
9,Fall sitting,Subject.9/Fall sitting/FallSittingS9.avi,train,9,css900010.png,7db17937ec59a77762bbfd6407e413a589230958d556feb7487b2dbcb2678e54,e37e71fa40aa4f6d9fe725b8d7ed1c237fe2a9bc28cb16a4ca8bb9ab188865d3,css900010.txt,422dbae3f2ea6b96eb5cfcfa26946e1c3254d624bedd559d36f02d7433b85e08,0,nofall,exact_stem
9,Fall sitting,Subject.9/Fall sitting/FallSittingS9.avi,train,10,css900011.png,448ba1819e2aafd3ad7c3f366e79e7d25dfbf166ce317dd458c10794d0e12da2,c51bc92653b28c9a4441322bb453513152cd83b6b7accc12ae885f5a55f4d7ee,css900011.txt,2b5851f66d596297b2ce7b744ce3b1a512b261ccd496c15ebd37906f4c032006,0,nofall,exact_stem
9,Fall sitting,Subject.9/Fall sitting/FallSittingS9.avi,train,11,css900012.png,24dd1b1b76502f0d490bee97963c2fdb2ecb98fe6f6175dc9f44ba9fcda05bc3,3e4713c68328f5c1c3cc468017e0f6ffccf3d44018bcb2100898c49f47dd1ab9,css900012.txt,9d6585dc04f9451f80b2e51273a51d12a0a6f18728678242f4fe0504031540fe,0,nofall,exact_stem
9,Fall sitting,Subject.9/Fall sitting/FallSittingS9.avi,train,12,css900013.png,a58376bc5458208dbcfc411b467d1526d4a514c5d0caeb44f9664286721548af,466c1e1c09b889560364c73a8bbebb044e34f089ad69ce83073611f42f1e5641,css900013.txt,18db2f80080900f76e9ef9fd9f00926996db4ef16d6d51bee37906530f6976a2,0,nofall,exact_stem
9,Fall sitting,Subject.9/Fall sitting/FallSittingS9.avi,train,13,css900014.png,67776ae3c2bb637f74c11f3bb37b9ce0cff29a5b88fe79bae0263a1902d4462c,36c3415035774fd6ee5e2ece3c534e561fa87e8cb5cc904c37809369cdd37463,css900014.txt,ea0ba13529fd44a0d04589c4902918a4f258d356a5d4bfe8cf57a0df39875f7b,0,nofall,exact_stem
9,Fall sitting,Subject.9/Fall sitting/FallSittingS9.avi,train,14,css900015.png,841f7410aa1296102eed9306ae79196ae274ac0a24742dab55f34e6777b54519,d6093f7da5247cad2d331fda994dc7202512180467b7f5c51257d98f9d06bb23,css900015.txt,9f6d70535bdcfa8bf0377ec33322b1782c608dc2712ac41986e2311cbcf17416,0,nofall,exact_stem
9,Fall sitting,Subject.9/Fall sitting/FallSittingS9.avi,train,15,css900016.png,c5351224f0ba3385b855e1e493a967569b529147b705c2c96d9a88d0d5eb2141,0d0f5f59001e0901f966761a7f238caf67d33ba42f4d736a8fa7d85899d73038,css900016.txt,7d636e5fb5b43eba2e7d58183b7b15a186dfe9eeef5d1727dd041fec8baa903d,0,nofall,exact_stem
9,Fall sitting,Subject.9/Fall sitting/FallSittingS9.avi,train,16,css900017.png,b71e80cabb07bbe767d891677268a3516c8ed9ed4922b13c4cd8f9e41b6fa85b,47bb138a241df3a470e7eb1408d964a6d7519cb7f91c3a9b93e694dbb797fc48,css900017.txt,a32f9151f8f77704603403a80b28e0d7f3512e914a9f7230ace02661182cc5cd,0,nofall,exact_stem
9,Fall sitting,Subject.9/Fall sitting/FallSittingS9.avi,train,17,css900018.png,93c3405de38ed272a9d43595e2fb6b5af899a7a5c00a4ab8c1b1ea220f33e267,1eb954d3717f12792c5b2b41cf1471e592c4eef3a168eb5fa6121de36ae1b2d4,css900018.txt,d49e9c720a4ed48080081368b50b2dc5c5bdd437613045235d251bd3b9af396c,0,nofall,exact_stem
9,Fall sitting,Subject.9/Fall sitting/FallSittingS9.avi,train,18,css900019.png,577228ac171243bacead5e2638bf8852ebeaf362a7889849208165d398fe1939,5a3567dbf12c7f1a81e048d9afd5c09273ecd1833dbf74eceb875f376d9159b2,css900019.txt,6e981395d27f884ecc44893baaed4bfe988a40219318ea60d1ba94f117c67b6f,0,nofall,exact_stem
9,Fall sitting,Subject.9/Fall sitting/FallSittingS9.avi,train,19,css900020.png,d288168865fad994f03b9aec22ef39ad821a8eea921ae0f4c733808441d77b55,7bd517c1a2a1d208ec539243e48622a7cd30b9bde5055e6382b6233485a3ab20,css900020.txt,e92a2fbbec9213fc0c699cdb5c3c198bb74c4897d6355a67627024fc99ffc552,0,nofall,exact_stem
9,Fall sitting,Subject.9/Fall sitting/FallSittingS9.avi,train,20,css900021.png,433b6d7a2ebcd88e60bac98e169b22b7fd141afa586b0a0e47bbb7a6ce93a2fd,673169f64243dab65e11d205c59f375956f341726cb7179fe5d86d68a02b2a2e,css900021.txt,127aecef736b4f9494cad9269f0fca0547f5d2cf4f46c9d904d1e931a928ddff,0,nofall,exact_stem
9,Fall sitting,Subject.9/Fall sitting/FallSittingS9.avi,train,21,css900022.png,183a67ccded619e7997df033d3d28d93131f104747412f150b510dab7be1b837,f742a8c91275cf07ef1088478e1414881bd3dfe0d84a9a205b9101f2f907d8b0,css900022.txt,d91826499f5cc4525109e8b965aefc15274c0d2f94432d6cb23e31fb8cf0d28d,0,nofall,exact_stem
9,Fall sitting,Subject.9/Fall sitting/FallSittingS9.avi,train,22,css900023.png,bbe7a4ac41ba434dad27eec4f678b62a01b2606a2f0bda1d03a50e480bf19c0f,9a38dbb25947570cc5e52d82b5772f6d5a170be19007936a0470e54784251ec4,css900023.txt,85c58e7affaf08a705f300d61de1da4f202b4b35d597ffa2f19916dbbf58a07b,0,nofall,exact_stem
9,Fall sitting,Subject.9/Fall sitting/FallSittingS9.avi,train,23,css900024.png,305dcfe8cc8afc99f378a939affc724b904e8701325d169222be57b8b008859b,c8e0da3ddae490802803c34418c64218694605c168ca287e36a7139eab7eadb0,css900024.txt,295b1c93cd7db6734e6f1897792598e63687b516b0e6fb7ded0fdd309a18a55d,0,nofall,exact_stem
9,Fall sitting,Subject.9/Fall sitting/FallSittingS9.avi,train,24,css900025.png,dedafa65c8be0c8343c8c62fe6fcf698b8d6ac7a458fe86929c11aa7c43b687c,6df58b92bf29c464443e6444809a444d8d732ec1117795071d10723951d88a42,css900025.txt,0405e13228de44a4be1de171d89a26f65f58058f8b9307e17471c38c7d1853e1,0,nofall,exact_stem
9,Fall sitting,Subject.9/Fall sitting/FallSittingS9.avi,train,25,css900026.png,39fd6c871623e866183a2aced991a3bc6e37f4ec438580f8e2881df1556c9ad7,b2394dcd0668eb3e9b578d4af923dbeaa4e4bc0254060976cff5f2374390cec2,css900026.txt,f06b1d6915b242dd0619d78576b0736a43b5bfa5cc81f1ee9da75a29354c62f3,0,nofall,exact_stem
9,Fall sitting,Subject.9/Fall sitting/FallSittingS9.avi,train,26,css900027.png,0ef79a25270404c959161aa9295ffc8ae77660f1eea57c1b44410a85d7603671,333dd6e3f7eca331db825823e9af0d61c13f5a5b1a950f08094a6337b71e979b,css900027.txt,a7fc681128bfc24d891c8cfbc688baaabbeeda3c3d291aceeb24730ba4449374,0,nofall,exact_stem
9,Fall sitting,Subject.9/Fall sitting/FallSittingS9.avi,train,27,css900028.png,8226e89edaff46360314b2ca8e6e671acc7e84eb0c446069e2106cf8c5e5f6df,463feab1097c6c3fb642162b52905383c71f2aeabb19dc2528adcf1cc050a877,css900028.txt,b41b0b5e3e41b8e4956bed83546b82539ec1b8b202d0fe42c971028130e240e0,0,nofall,exact_stem
9,Fall sitting,Subject.9/Fall sitting/FallSittingS9.avi,train,28,css900029.png,7d15a8094b94207739e29d9aee11a30bb1cdcbdd4ffb22260275746ade81345d,85a37ad6e47d64dabdd871e376ed4361d84317eba0598c270564393a456d9c65,css900029.txt,2f3511b90b97aac0c5065358ed101331879f48717a7802bcd40101b615c7db94,0,nofall,exact_stem
9,Fall sitting,Subject.9/Fall sitting/FallSittingS9.avi,train,29,css900030.png,898356d949bfdbd5392e02c42312983fca6a24f13895aef0b22eeef3d4d7cd88,fef75b0e72ca3939a6364c934271bdcc2be10e7d60d6020386db5a0573383b5b,css900030.txt,0b228e5f2e565cc1465f8ddc96058316ea46c7c93698f5137c5a27d17598fd2c,0,nofall,exact_stem
9,Fall sitting,Subject.9/Fall sitting/FallSittingS9.avi,train,30,css900031.png,2f0208efb8da346e4c5d236cc0b6cf8fe9dc3814f94e0d5c4af9d06584a08af5,fe29b75b0bc692ff9feac00207b7cea8c30e4be7e2eb9e1c51096ad43c11737e,css900031.txt,7a871cd1ca7578333a6bddfb788ddc561e066ec1c962e922cb85cd81b468f168,0,nofall,exact_stem
9,Fall sitting,Subject.9/Fall sitting/FallSittingS9.avi,train,31,css900032.png,90e3ca8d86d23c498cb2e6abc71634ae812bf9248fbf89b2c33c9aa22b3efde1,340732a124abf7b0074881fd606679e5477571169da324f37f1cae472f33cbf6,css900032.txt,758eabc4815c17e168e309a56b6df7845acde6f80e5856e70c59f7e87f1f640a,0,nofall,exact_stem
9,Fall sitting,Subject.9/Fall sitting/FallSittingS9.avi,train,32,css900033.png,7728cdf6139a05916219f20306a46dc288e737d3b5a7c8f8f7d99b492ef41012,b63f88d76f3e05dd218c5ae8008e436b9acd2d70e9c99348d749667e9c713d37,css900033.txt,c36097287e1cccde3ea1fa5f94eeafab87c1f43905d3b8921193097aa7701136,0,nofall,exact_stem
9,Fall sitting,Subject.9/Fall sitting/FallSittingS9.avi,train,33,css900034.png,7a98f783adfacf0fd45f2b73671c42f76e6942ff224a7c55be090d4b58cd9890,b3eef391f3859c6889c97f4a224fd5d8d077f93c7ac1ff0adf62964fa8bfa284,css900034.txt,02e727a8ef0ec7c10ffa9d0fb8a13b4d8d3d0bf59ac64a006e1fe27e77152330,0,nofall,exact_stem
9,Fall sitting,Subject.9/Fall sitting/FallSittingS9.avi,train,34,css900035.png,7308e02cb7bd7152c20ab9eb896defe4d50e9b22b9840b7abe7c965b6f1ab269,79fc14d2f0e368b4905843c455e572a189645beecac59069bbf95eb5ba20cc32,css900035.txt,5dcace32aecd4fde9144702a96300432931be2e8df67653e79137ae011ecb37f,0,nofall,exact_stem
9,Fall sitting,Subject.9/Fall sitting/FallSittingS9.avi,train,35,css900036.png,64235173370cae65e320d8d085fd0a4ff751b38989eb9031cd76a33ba7bbd701,da63a3e1c381a3bef5d2b28bd269b0a314725d69cfca777caba09fe0ebba8a8b,css900036.txt,036d7baf7baf73efa33b0840f5d1947e13ee4e60f6e0b83186e1476cbeb9f482,0,nofall,exact_stem
9,Fall sitting,Subject.9/Fall sitting/FallSittingS9.avi,train,36,css900037.png,5dd68240df2fe5b581c41707ff73b1752d891194e2e3a335f48752f86d0efad0,005a744fd8a8ef6f0f2d2b713196784e82b34cc92bc9014fbb1320633802e54e,css900037.txt,ac286bc69fd566ba4e1cc9fb0dc6e42997c208269dc6a7d121d7c6005f5e34ff,0,nofall,exact_stem
9,Fall sitting,Subject.9/Fall sitting/FallSittingS9.avi,train,37,css900038.png,36b27254d760119165a0095f83f04c00021b0868392f89392db2a4077efc106a,f13282f13480921a27be75ced974273a6f98f6709a7cac794bce47514c51fdde,css900038.txt,09031aa9bec0e71221cf72e22c5614c7444560b608b5ba87cbca1843d0157d56,0,nofall,exact_stem
9,Fall sitting,Subject.9/Fall sitting/FallSittingS9.avi,train,38,css900039.png,825bf4443c6465de68cbcf0682560a289ade1d6cc315268d930a85b125e30fa1,03146cafe29f75c73c933ea3549d57bc7ba19f8f2fb6ecb10744c3c9c6a4044c,css900039.txt,91766ca01da6f0ee4d065e78f4301570d743bb93a09105d1eca4b7d736427f05,0,nofall,exact_stem
9,Fall sitting,Subject.9/Fall sitting/FallSittingS9.avi,train,39,css900040.png,64936b902d20d7ac0e75a6dac6b0eb004c3fdf5ee36f4ef5fb58a8267ae7e4ce,ee8c0c61e18ac6605cbd9d35fc19a721bd299f48abe02dea96c8972c456a0c2a,css900040.txt,e44de08073ebaebe0e96b9a1e736461c8c14c352855d6d116493fe8dfedd1a05,0,nofall,exact_stem
9,Fall sitting,Subject.9/Fall sitting/FallSittingS9.avi,train,40,css900041.png,c6d650b74155623060f780f382d4b17ed50f389b599492eefa82a9a03ad7d02d,ce4740ebba59d37f29518de09b63faba2960b46de67101c3fa9eb985de458129,css900041.txt,af7069667b933747d9f7796f0e1c4b726355169539098b37d5fa70244dafc285,0,nofall,exact_stem
9,Fall sitting,Subject.9/Fall sitting/FallSittingS9.avi,train,41,css900042.png,11b1cd2c74e59b27e1239057e287b96c174449a02c42cab449410ba900dc3c34,df5635363c59caca2f338402697c51f5f081c31151d6b10d8c9e8f21e6a44127,css900042.txt,7a3c805a93a0f2a6727ed740719bc09c8fc782537e8fbd8891b63d5703ef9eb1,0,nofall,exact_stem
9,Fall sitting,Subject.9/Fall sitting/FallSittingS9.avi,train,42,css900043.png,c2d95a6ece13457fd9d7c4b4ce9670dac07b54b503fefd46591850044014bea7,2b51be1146df1ee5ea48c3d6719ffee38f224623903419006c643b0c0ad7d4c4,css900043.txt,5e076b64b2405317cd046b43812f9cdbf34aafe6208960f75847b1d024f6d55d,0,nofall,exact_stem
9,Fall sitting,Subject.9/Fall sitting/FallSittingS9.avi,train,43,css900044.png,2cb95b62087422f5dd9164ecca55205937f4dcf7a359929b0e5dd98fa772e815,a7078f23a7346fa964f1ade6282ff0f2e7582c693a8d1c8cf75dd494d195ae7b,css900044.txt,991c9043930b1603cebdc44c708f1564111c59bcd0686eb7810a73a0c7e944bd,0,nofall,exact_stem
9,Fall sitting,Subject.9/Fall sitting/FallSittingS9.avi,train,44,css900045.png,4a14990843e49bdb7b74e5838edd523123de0f633b5c4088d30216c9e9266060,05859e1bfc9ba7604eb84c28cc801d6ea8b641d62ebae7183bc244e6e8e5d1b6,css900045.txt,a1c5ad8a6f9e1290731baa7ad28639fda5a95c6a7ce05c231803ec3062e19f03,0,nofall,exact_stem
9,Fall sitting,Subject.9/Fall sitting/FallSittingS9.avi,train,45,css900046.png,4c9dc9b6c0d83c2092e46efd6b6ab993dc9f804fe251e6b1784c342f4bdcd81a,3cce2c087db584ecd629240ba72fe5654355373a686a151ccb39b53010f9b558,css900046.txt,d8998722cc6473c51f13af54bad21e14bda99017cb44896711fb07d716b0ec98,0,nofall,exact_stem
9,Fall sitting,Subject.9/Fall sitting/FallSittingS9.avi,train,46,css900047.png,76288d878495e5a10049329869e4ba0a50f6ad32a1ccf129737e34b726f503eb,e0770eec01679fd9fd16a179cd2e3a7f1e6cd0c3269bcb75f2133da0ef33a680,css900047.txt,abf01ef7d9923e3e5d6a89dfec3138f29ba580a6039745422c264726d9b173ac,0,nofall,exact_stem
9,Fall sitting,Subject.9/Fall sitting/FallSittingS9.avi,train,47,css900048.png,511c87874d2ce514d2e1b0cb8d6624c76f40c390b1fe298e6f3755eeef36d6b9,22e792680318fde03a5aa819cac1c8b5cc6bc2b7b56de6a32bb652919af0aee2,css900048.txt,189ab81cddf0e0f57b8029facd699681cdf0dc0bc4e26db3e7dcb090def29575,0,nofall,exact_stem
9,Fall sitting,Subject.9/Fall sitting/FallSittingS9.avi,train,48,css900049.png,a58ebeefbab27594eb34257c7ed1bb8b8f5452c20005c2815a1dfd28f4550893,8b717ee5edd11c0c3582ac7d36c281a2f1c2d9260761e41514e6138b09917e88,css900049.txt,5ece17800c142a1d4ef9984f989bd2ee88e6f08bcd0cf2578805ae1fa7ce981d,0,nofall,exact_stem
9,Fall sitting,Subject.9/Fall sitting/FallSittingS9.avi,train,49,css900050.png,a05f30eae5831718130daee85614d328b44c9e8ecb7dfc384e3143c83642cbe6,7edc0298b10d51ccc1cc3f97d55248693956ddb4f98e60e25e159a23ca0ec96d,css900050.txt,7361568af5952b875bcd385b4c2ddd95410687026a4cc48c6d53469a552cde64,0,nofall,exact_stem
9,Fall sitting,Subject.9/Fall sitting/FallSittingS9.avi,train,50,css900051.png,e2a6526e780b0ce3f712fcbe470bd7079d28b656b035f246821eb59721b8d5aa,37b6ad5de6c2db6522a2cecf62352e3f8964d5b3011fcbe36b45dfa378350e5d,css900051.txt,2e0383c6fd2e1daa61c49d0b08e73dd79fd2537b000fee237ed59be1801f8f4e,0,nofall,exact_stem
9,Fall sitting,Subject.9/Fall sitting/FallSittingS9.avi,train,51,css900052.png,b96a4f0ce30e2d06747260386bfb4ba6aeec0b911e36255e351a15457896269a,cadd85bef5fe37e25e832590b9ee8c2d7c10c9207bfab71138b92fdbf713a2b3,css900052.txt,704057eb35aafa79b5f8ea35b3ebf0a8361aca57a253288047dcfad8c3687ea5,0,nofall,exact_stem
9,Fall sitting,Subject.9/Fall sitting/FallSittingS9.avi,train,52,css900053.png,3ab77a3f3d5d3d90d423c1896da78fc13225ab40c423a200f8f8c78330bbe320,d0fadcf5d81bff75d795301cd941f1b412d30b5946890fded14a93dbc52728eb,css900053.txt,cc724bb1fa229a8e17e8fa1130367a412cdd8eee50983a5c5fe6fd6182785294,0,nofall,exact_stem
9,Fall sitting,Subject.9/Fall sitting/FallSittingS9.avi,train,53,css900054.png,85d96a71239aaed7d0e183950b64f89bce47ee753e43878d38658a78519bd4c3,6d5e455e309e409cfe4ad9103f4de4991def1d780527b1155961cf0c2391354a,css900054.txt,854de9209977943982bbf2c0d8c1306f655c34afb7645f308778d1efb79cfe45,0,nofall,exact_stem
9,Fall sitting,Subject.9/Fall sitting/FallSittingS9.avi,train,54,css900055.png,f8ae50ac2590347036a0d867b5a6a14be646025823770551ee852d1d6dd97870,ae5929893980cf635d1868eeb1853af9e0d3d8b89057521c0ce5b13c50e8dc70,css900055.txt,53a23848de3d76a416d3c78232c2ffd90ce19870ae1393a2c643f1746c36ced2,0,nofall,exact_stem
9,Fall sitting,Subject.9/Fall sitting/FallSittingS9.avi,train,55,css900056.png,1f80a62719ebd5c37edfdea5f349973a07173a834fbf3f17aceba67e235feb67,6d3e31c429564667d916d01671b81c7410f8b27795533e1082dd80d452a85528,css900056.txt,b7433aa65d8a99c0d7d75bfcabb8e3330a07663f0bd3a7f3a0a9a70b7a8f534c,0,nofall,exact_stem
9,Fall sitting,Subject.9/Fall sitting/FallSittingS9.avi,train,56,css900057.png,93f65233483ec49139b862eb7cd95a2f822a1c2e253e940c5d3a2afc99eef874,827d700c326fcb6bd7ce9e490213e072086e552a92664227f6ec3b83c6fd8323,css900057.txt,6fc8c27197822f67bda05fbad01c5a6bd894f47ba141ddbef3719662b835fe64,0,nofall,exact_stem
9,Fall sitting,Subject.9/Fall sitting/FallSittingS9.avi,train,57,css900058.png,3f06fb08fb857ded506398335dddda055c471661754b71fd87d06ca68a9102ca,60c53cca7e4bffd56d746f5064ee9e2042774fa4d62ca64a2bf90478f4093d91,css900058.txt,07e328760877d5242bc29dedfd9fe0900c018fd95a47b0b08247fa0621c62a10,0,nofall,exact_stem
9,Fall sitting,Subject.9/Fall sitting/FallSittingS9.avi,train,58,css900059.png,ed2c0f77f69e65c4014cb15f16039e358284d24eef5969087e119625da320b5b,9fb13f3cf08639caceefba8188ac6439990e4a6616bf5f2bce4f5388292a56ec,css900059.txt,4ff5e86ce2bb127979d6feb525e34134f302ba4b46851a3283846198df0c29a1,0,nofall,exact_stem
9,Fall sitting,Subject.9/Fall sitting/FallSittingS9.avi,train,59,css900060.png,deb663dae605a8bbfe15af189d9bc2a75b147bbf19c537bf432c75640225cf6c,fc4c9e9eaffb635f5b535133561d877a2e9770bd0b30ddb698ef3604a66aa6fe,css900060.txt,32cb5107b112f5985f9930525a8157c8e3b1c27308bee68a152068a3ac103e02,0,nofall,exact_stem
9,Fall sitting,Subject.9/Fall sitting/FallSittingS9.avi,train,60,css900061.png,8aa9cd6124c2460b03bbe6552a6f72ca1b4ea09afd8a77fa91de26a6f4590829,07c954431f82355013840c026e45057e8710ad8e0247afca8a596513c466f4aa,css900061.txt,5c4196fdad123d00603b20630fb14261346571ec4418fc4e7dcb6fd66871ecb2,0,nofall,exact_stem
9,Fall sitting,Subject.9/Fall sitting/FallSittingS9.avi,train,61,css900062.png,2db3c3af3cf4ece633164c0d47c712ebe251bb3b4f9450ece05c7f13fdc7b575,31128131e0d2f7de983aed3f85a3e6f9b7deed3b67cf2a68a0157037106abba5,css900062.txt,10646c47795e7149f2feaffe7e5b8e740876926b1d8174b2f8aefafddae19539,0,nofall,exact_stem
9,Fall sitting,Subject.9/Fall sitting/FallSittingS9.avi,train,62,css900063.png,d6a4e802b951975594c46e9dcb2cdbe9ecc9036746cee8fdf4d055b756a56a4e,7c67103f9e2f61272a1b43e43acee28af08b40b5268ef91a72b481ff4dda46e3,css900063.txt,9578bfa55bd2becc846de497527909e679913da6222e36e53ab1ba1dc7e147a6,0,nofall,exact_stem
9,Fall sitting,Subject.9/Fall sitting/FallSittingS9.avi,train,63,css900064.png,c138414d1f81d8078ee1bd72e59e706fb726aad5014cc80b880c22e93329461f,6ab188e40fe0d7a3f09a409deb92cff18617de33d5cd7c16a4f11c7e22ae107e,css900064.txt,1b357df56de0e49201a078c9dddb7bcbc0492b45e0140e7a832c27ea23dc5526,0,nofall,exact_stem
9,Fall sitting,Subject.9/Fall sitting/FallSittingS9.avi,train,64,css900065.png,dbc0c1ecbaaf7404cf084b7999c4e90ec8fca72af7c369e6ce38173ee691c874,a5249be56ae7812278f98e1b2dd613819484d86350c2c62390f13c3d98f53355,css900065.txt,cd694699ae701ea18a949874589fe6afb4e47731d01b06a6f0f98b7173571850,0,nofall,exact_stem
9,Fall sitting,Subject.9/Fall sitting/FallSittingS9.avi,train,65,css900066.png,0bc97b9770de495886feabb2012ae8bdda854a33cab74e4a8aff2444d3f64a22,77924ffe75d20c9d7f6a2c237bd3454f72e4df5c07d7b28ca216ef67447291f8,css900066.txt,b2f1b28fc1b7fabb6e81b77909f225d5e571be08711932328ec6e64a3dd90b5c,0,nofall,exact_stem
9,Fall sitting,Subject.9/Fall sitting/FallSittingS9.avi,train,66,css900067.png,c2686d0720b4ff046977becfa4a317d0ef5757ea9258730c699cd0db8293943a,b975e120ad91523b84758016e239cc053dafd5f68fbda4f494bffa08dbd64014,css900067.txt,ee997e63bd0806fdb594678852506a7804dd5f88498ef276b90b5d935f5512b4,0,nofall,exact_stem
9,Fall sitting,Subject.9/Fall sitting/FallSittingS9.avi,train,67,css900068.png,a69e2bc1bdb977c154e3c7408b9a4232cea873789eb8afbb70bc1beb51058074,23264c7142dca517def2557265e6ca624500a3bec43708e550ee1f503ec4113d,css900068.txt,36e5dc435a2b286afc27ec720564cb99b2e553842a7b3760d7d2e867406dadf9,0,nofall,exact_stem
9,Fall sitting,Subject.9/Fall sitting/FallSittingS9.avi,train,68,css900069.png,41f45ff8910df7195315a62943cea36d56b908dac989070bfcfdd91644acaa7a,574a5a9d79801670cc061ad6ee5e7165910745293cb0eab0399b936279b3a917,css900069.txt,59b7b75bd9e236b119c01d119b7a1ba66ec90ad1d1b4ed55e0fdd187fc3ea61f,0,nofall,exact_stem
9,Fall sitting,Subject.9/Fall sitting/FallSittingS9.avi,train,69,css900070.png,39b5d90ee5aa95c2c4d120e2412e3de3cf2088578a9ee6a21f6a8baf82dfb513,0db1968bbd6d7855c13448a187104999bdd0cc4a13c03ac85655ceaf964298af,css900070.txt,77b37e2383ca96349a721e89d4355a4d52e39cf0b08f449da3b99277a0262ae1,0,nofall,exact_stem
9,Fall sitting,Subject.9/Fall sitting/FallSittingS9.avi,train,70,css900071.png,13a24d58a34f8a1adbb8b26b2f5e4300f7f5ad6b8bd20d3e5352b9bbf13ee21e,fd1afea4d4fc0bc8c652abd559c45de864d0f0fedec57ca352f300d4af46ad5a,css900071.txt,2e3c894c28343049459357e5e754e53d344065ee22bdeabbb8de465522ce50ea,0,nofall,exact_stem
9,Fall sitting,Subject.9/Fall sitting/FallSittingS9.avi,train,71,css900072.png,4fb7b0da9cf3a93b33373304afafe59fa13520064d6e652059527c7f2f155043,9d39c9aec75216c66cb66232117b165e93324fca007181f85aab76ad2e1dcc9f,css900072.txt,31fbeda7b89e58b96f096d9430ccaff8e85934e7cdb5863ff50bac33360849a6,0,nofall,exact_stem
9,Fall sitting,Subject.9/Fall sitting/FallSittingS9.avi,train,72,css900073.png,79cd05b98b1266122b99c436c208e2b2418904bb94a13ce5c7db9da8894935dc,4e0602c63ce4e92dd78380d65a04bbcc6fe488e38be53fcca4db485ac45aa8a4,css900073.txt,489310ce8006164698bffa1527637ad6f389595cc169648a11d96f6512cef38d,0,nofall,exact_stem
9,Fall sitting,Subject.9/Fall sitting/FallSittingS9.avi,train,73,css900074.png,97af4d989226e947ed26b77d9b79fb7ca0d2ac6186dbafcedeb88bdd9d12aff0,e4f8fb84f9b3ed6bda581ea0860f1283a052b9561c25f46a5b05b54866400560,css900074.txt,a3b4a0ff2d174d3a9c9d3acff56bff4126d71acb13e20bd98d38e1c865df2a1b,0,nofall,exact_stem
9,Fall sitting,Subject.9/Fall sitting/FallSittingS9.avi,train,74,css900075.png,432fed7eeb5a1af0344dbdd0d2b3d54f43cba2a8fc4a39ce613c2db74b3eb3a2,2e94b9640c82f1a59a8b493f218ac98148f538bcad6828da487482f09970525d,css900075.txt,173f938a2e0b8277be90b4337db56942519d8af78961e98a926a49df8dedfefe,0,nofall,exact_stem
9,Fall sitting,Subject.9/Fall sitting/FallSittingS9.avi,train,75,css900076.png,e4f17ef8a33bf16141402820de0ecf38a376d6bc42946b5051be7b79de14b018,9d2c20fa1dfe9de826973f9b70351e4def889e4fdba091b56ea30724b59d8dd0,css900076.txt,0855ff773b7c4ba7d522449c242e43f8d90a528254564f0c7fc3ca0a91c1fe68,0,nofall,exact_stem
9,Fall sitting,Subject.9/Fall sitting/FallSittingS9.avi,train,76,css900077.png,00c935cc3d4c4cac01f10696ad423b940c5d4be48d6be60fed4c6fbff523c198,3e996136e198c64284c346d503a324049449fa2ed5598186a9eb71ac80a4f486,css900077.txt,6f357bdeac60ae6cf3e5c9e1279f989435153266771b33e6ef1a055b1fc27529,0,nofall,exact_stem
9,Fall sitting,Subject.9/Fall sitting/FallSittingS9.avi,train,77,css900078.png,4d408138fd5a9f95946fff8f6c7fd228924d04882a5a4a18eda9444f3a3e8999,3954c0dfef0ea8b820cdeb63d789e3f54d20c94d6dcce61ed62ac410012d574f,css900078.txt,6e82bc1d225a6d3e9be70c0837dbd8a709ec558cd30ec31df00d9c5b5d3332f7,0,nofall,exact_stem
9,Fall sitting,Subject.9/Fall sitting/FallSittingS9.avi,train,78,css900079.png,0c478588dcf2f3fe5b7f5c30c4205fe14e1ee4b2bdc7e5c777d6d3af7592a58f,d195fde2185f3935c236f5ab35ab2ee61460c5f3beb68f679def03fb7eebb8a8,css900079.txt,28126a7cb7832fbb080a431746784a03fdb532359238f70e337b0cfa53665e34,0,nofall,exact_stem
9,Fall sitting,Subject.9/Fall sitting/FallSittingS9.avi,train,79,css900080.png,f29275e3a793f40f678e0a652545414dc1b14b59944a5f4102d440390ba747cc,094772d16b26fa1371a907a20e1cb2295e696c4ea07aca6bdfa7ca7b5c5e93ce,css900080.txt,86f13c3ef10b616f55d47e113fbee34b561cbfd767148692a0802a99b5c00c2d,0,nofall,exact_stem
9,Fall sitting,Subject.9/Fall sitting/FallSittingS9.avi,train,80,css900081.png,8770d6182865fa75a6f456c5e3b23cf4a6667ec966986772d7556013f55cbef4,026be5ab43a35d3a69d012dd53e2f49518612e2973e9ccf7bfaee1d1197074a6,css900081.txt,7eced481cd7e81931fda76aff8f3794ea4f481f5d9a2ccd7cf78620f5ff7b9c4,0,nofall,exact_stem
9,Fall sitting,Subject.9/Fall sitting/FallSittingS9.avi,train,81,css900082.png,5ce261f5478b1d09fd75ccd65f334d9d26e225655b80f1c21712073bb1fa6bbe,a6b2349326f99e16a771b4953012e33ea4bd53f5d0bb0d1623b1cfbf3d894626,css900082.txt,7c26824ad42a9716a63647129c2fc670bce8530351f84f2abbac048d8e4e192b,0,nofall,exact_stem
9,Fall sitting,Subject.9/Fall sitting/FallSittingS9.avi,train,82,css900083.png,c1812ba475524eb809eadfbb69a60bbabcb5e70d3e776849df3eb2adcba05a0a,42d59260a624057f8b01505935746e16eeea50a25d0475e85ecd8e4eb6f5c1bc,css900083.txt,1dc01e54e42446284f5c04479fc1915bb11bea7109d4b0eacb958e86937902a6,0,nofall,exact_stem
9,Fall sitting,Subject.9/Fall sitting/FallSittingS9.avi,train,83,css900084.png,08d69b966f684e311527aff4becbc1dc52e75767e3fa0fbbfcf77817b029e695,f65112edee814b53d0f19f44c2be7d0e31e6598791e1a47f1bf46d29531c3ff4,css900084.txt,3ca6a97495bec0be96dc2954366bd61655453022470b8aea186d4724128fa817,0,nofall,exact_stem
9,Fall sitting,Subject.9/Fall sitting/FallSittingS9.avi,train,84,css900085.png,c700b4f3f3a88fefd3d4a4febf380ecd6511613ecbbdfaa9ce841179c0fc7534,3d0288ebd4e5f61e713d4159bf9763811f982467e0d497bf0d7b45f7094225f7,css900085.txt,15e1041d5ec692a9908a850bd520324d6dfad88fb83052835db97b7d00368807,0,nofall,exact_stem
9,Fall sitting,Subject.9/Fall sitting/FallSittingS9.avi,train,85,css900086.png,99afb6f08edc299fd05500ed80883ec0e8c31e98b0a5a7f546044fe41399537b,a08789f4a29906e56a919e0bdaa5a2419a8e12b988c2222b86c62bec0268d28c,css900086.txt,64fc9629e0d2398a70b7444dadb0caa064617075b73d537f1e55b08a4daf0628,0,nofall,exact_stem
9,Fall sitting,Subject.9/Fall sitting/FallSittingS9.avi,train,86,css900087.png,c23fb6790462cf7dfec275e3b484832be18d78454761d20a40fac6380eab43c5,0d4a8eb5772ead5c43a576583c46ddfcee461d2c29d141d92c8160884ccbbc60,css900087.txt,e15adf462ae24f8b26d00e93181f70b18e767bc6d03f82edb4aa49ef6ab8e16e,0,nofall,exact_stem
9,Fall sitting,Subject.9/Fall sitting/FallSittingS9.avi,train,87,css900088.png,4f990178fed0eddcbd3c28797eb9cb122107a7232b5e735cc43d578d89f64ecd,b479d37873462a46223627bdbf5fa14b74893d8f514359d020ac89ad25e76188,css900088.txt,cfd586ee4a88f683f09a4a9521b97a78781e45deb6acd6eb8e2166c70bc11354,0,nofall,exact_stem
9,Fall sitting,Subject.9/Fall sitting/FallSittingS9.avi,train,88,css900089.png,78ce6e81fe7369d59358ab72c1d0c9a4e69d75bfa73e81fdc6f6011040f1f473,a744abdc7b081c19c5d45c10ebec17839170fcddd26999ef9c96e3b71458ad0d,css900089.txt,c076c747a7bf6c8a5a8f748c53061e0236b179124e2b47c019e12e691d19a354,0,nofall,exact_stem
9,Fall sitting,Subject.9/Fall sitting/FallSittingS9.avi,train,89,css900090.png,4196d1e7b5b318df2d3d8d40e512a7f6f2a51ed9563ab27b230e296183e3261b,906ed86f30f5dd1651059853c095767550a200286c4e52aad41525970fc8ad6e,css900090.txt,988540bb182a6f187dbefbf83c7843bf0275122e3b563fdfa2bf80f0365fd059,1,grounded_fall_state,exact_stem
9,Fall sitting,Subject.9/Fall sitting/FallSittingS9.avi,train,90,css900091.png,cc42b8e5ff29f156d644d7570c7fd56af1de19ecd521a625a2774ae66fa7213e,b933879fca6b59d2c3b7aa12a12c010c7609d3abcc411437d76a91a2bc71b448,css900091.txt,21936fe60f963af8752dec8012a9ec89393ab822bca4eb539992f89552e36aa1,1,grounded_fall_state,exact_stem
9,Fall sitting,Subject.9/Fall sitting/FallSittingS9.avi,train,91,css900092.png,5372211060c1d83eec75f79aa2c1ba1ecb5e8eb8c9d719b4f9ed27278d63cd94,217432387ab4b8d50b82b4b8057125701f2acf62d08e36af85397125b928df76,css900092.txt,01a5e23d4159d01ab00680f650c56b36c628735344468ec3aae2653579150899,1,grounded_fall_state,exact_stem
9,Fall sitting,Subject.9/Fall sitting/FallSittingS9.avi,train,92,css900093.png,668c54523c930966476173774ec0ba5263483d31fd30b3479abdbfc2037f0cbc,2fb5bc08706de99a9ca0fa04855b94b232b2977412c9c023dc0366ade68d98ab,css900093.txt,3107e9aefd8329c4efe0ed1f5996aece37f32228af201dfd012f2e478c9a438c,1,grounded_fall_state,exact_stem
9,Fall sitting,Subject.9/Fall sitting/FallSittingS9.avi,train,93,css900094.png,6cc51deed6fdd20f2ed8f9a3dc214066575401ee48f029c5464ea3f82114c685,efd15bd00a8cac50971868fd0a6918ee9ecd4c3f102b4b7a8c40e3607593bc59,css900094.txt,7b5984637534fc48f4eb620924961e8d815b86f38e54743944c8bc3e729a442f,1,grounded_fall_state,exact_stem
9,Fall sitting,Subject.9/Fall sitting/FallSittingS9.avi,train,94,css900095.png,e35f308717488f5cd720951736facf70d3a4334f4c0d2fe96731dd20ce3cc172,d535db0de9e3ba5e4fb4432666e05fb2368495ea524a1bb4c827317f5a906ca8,css900095.txt,caeefff1448a136683a28035d01c778d38dc8848e7a26aa45ce8a1c28fc018ae,1,grounded_fall_state,exact_stem
9,Fall sitting,Subject.9/Fall sitting/FallSittingS9.avi,train,95,css900096.png,f187d5bbc6d80d4abf653adeaef17cd934da5b7e26cfcf6b9f0f8646673de792,9c33a34ffe836a05cc9e62553742f4c04605c9364c51446ae9b13ca5e680ecf7,css900096.txt,9d5a7c73f903ed11ed520a84f2f050fdb81f408aaa589af7e247337d019a97a3,1,grounded_fall_state,exact_stem
9,Fall sitting,Subject.9/Fall sitting/FallSittingS9.avi,train,96,css900097.png,dff049ab93e6ec839162bd98ae9481fe3984dc1c409f3ec27a45e57a160731a2,450857a56780acdc00b2b11713bbf520e64b582e780a6be35fc0f15c2b5a0a50,css900097.txt,e361bddda2482fb5787774a37cbfea31b10861704b81c0c9ccd6c18cb585e4b3,1,grounded_fall_state,exact_stem
9,Fall sitting,Subject.9/Fall sitting/FallSittingS9.avi,train,97,css900098.png,77afb28f148d94e90860471c83249bc319b2ddb16ef49c528461910009b9956d,d48c788b7601edab1287391a4215e1a263b378d938525befe211d7de4117752f,css900098.txt,ef82d91726b44680a8f140b1b719384690e8f72197b7521f679835fc3e0c5f6a,1,grounded_fall_state,exact_stem
9,Fall sitting,Subject.9/Fall sitting/FallSittingS9.avi,train,98,css900099.png,9e6b9fc9320fd1b1dfeccd9f07aecffae19ee75e68c00756217cf77efdb2124c,b6693980ab449d287e0a60249688f774a93e62b3d4ba338877ce046b6bd06585,css900099.txt,f93f6e1a9b6920e797d11739ab365341dcafd846f290aa7d93396b2b34a1f3f2,1,grounded_fall_state,exact_stem
9,Fall sitting,Subject.9/Fall sitting/FallSittingS9.avi,train,99,css900100.png,00fef057f0297a831fd116b452c673336e70d772f3700d26e57931c1a19ffc21,70308f82bffe701e43ea7069397c6ca1e9c466f0bd3694c7eead157f552976d3,css900100.txt,4134837affe1117cce076ff3915a9a3a63fa17a9d9d57bd7ecae3e9b7ac5dc5c,1,grounded_fall_state,exact_stem
9,Fall sitting,Subject.9/Fall sitting/FallSittingS9.avi,train,100,css900101.png,aa23efba788470a5bba2934c3a39358d41117b2891d39d59b08f0d9cabd14571,2b8387c89323fd8d4b098abe73e6f142443d53c9dad13753b40ca052d8ca6fe7,css900101.txt,21699c9ff4090b429380befbabb9f43cbbc8ebb338e7aed54ae803e655452d93,1,grounded_fall_state,exact_stem
9,Fall sitting,Subject.9/Fall sitting/FallSittingS9.avi,train,101,css900102.png,2dec4bb87d95c7c8d91e97f8e1f15e0d47c72e175e514c0e86a66cab94ed278f,cf86c7cf1637ec2ff01055fb26c5096b2ea7b52223c2884af76bde67b3d137fd,css900102.txt,d5050f259055dda185bf72afca73fe25d72dfe03280ae35eb9a9c140865e1d2f,1,grounded_fall_state,exact_stem
9,Fall sitting,Subject.9/Fall sitting/FallSittingS9.avi,train,102,css900103.png,d6630971e430dec914a2faa7ea4da3a7eeac3fbd00d71a35994f508ffbf81598,24e3194d3f6eb7cee7fcb75901ba3f12b813446b8b53c5422c2ffe264369bb31,css900103.txt,294779b980fc9b6b414493f2f9d6d03d18088f87891d898f9cb056e4ce76ded4,1,grounded_fall_state,exact_stem
9,Fall sitting,Subject.9/Fall sitting/FallSittingS9.avi,train,103,css900104.png,a5d1f67efcd54c612303e7bd31fe0820c663fff6828fada73a7e45f9a137eaf3,d6ae7fd150abdd5eb675f1a25a621e4b9724bb2cd92ccc2b91d26a92096ba859,css900104.txt,98f4827cff0c45f5d30028933f3d7b9b2d244f1ebbffeea6059cd7f0a5958a00,1,grounded_fall_state,exact_stem
9,Fall sitting,Subject.9/Fall sitting/FallSittingS9.avi,train,104,css900105.png,3be4ff240acddbcb794648ce521594954f758ea5e65893467159263ef0d796c0,8cc03ce572a4a61112b64e571ce9681081bb0dd4bd6d8f063365c7ff821d1d0b,css900105.txt,ab49e3a162bd052842107d54199ea62e6ee20049a3fa264f57dff60cbb3e6d5f,1,grounded_fall_state,exact_stem
9,Fall sitting,Subject.9/Fall sitting/FallSittingS9.avi,train,105,css900106.png,3b4851452bf93d7bb4b445681ade87f7ed39fe2f7f258ace323579d4cf3550e6,04f571459669417c8de020868e6a78b740b882cef9ae98616dabe89741f62288,css900106.txt,367d07242f2b696458f41501ef92187a16ee81c8c2f4447bb0bdf8e93a5a6992,1,grounded_fall_state,exact_stem
9,Fall sitting,Subject.9/Fall sitting/FallSittingS9.avi,train,106,css900107.png,46cdd43b813c31566327ec8cc11559d594d96aeceb2ccbc4d5af08f0d12ee513,d2ec8299542d0491d5b24667ef762b65d0b2987c677d007b036fe9cd9e8517ef,css900107.txt,ab97f467b2f1df59c0b922f333318f55ef312fa117c6164ae283411c404be2f0,1,grounded_fall_state,exact_stem
9,Fall sitting,Subject.9/Fall sitting/FallSittingS9.avi,train,107,css900108.png,9411ceeaabf0dccdbb5270d39d4242da691438c8aa7756ccecfa5717285cb120,1b2e76fd3fb5b3246bd0b36285e764560db6599e9d35f74cc5f89c193306f56f,css900108.txt,ed11c148d9e001914b173cfc7261c274e5a8662558a77b946c788472b8761663,1,grounded_fall_state,exact_stem
9,Fall sitting,Subject.9/Fall sitting/FallSittingS9.avi,train,108,css900109.png,6d9188b4c118abc0d5f6625564c74ecf06d69cb682e07a3272888a6937afa4cb,54d581ddad9222c79e4bb3e6e9fa00c6590033681eb45d9cb600373b3ff5b66c,css900109.txt,201a3dc44a8aa7a130834a3b3af2072ef77e45ddb4e586a67a5912a2962aed46,1,grounded_fall_state,exact_stem
9,Fall sitting,Subject.9/Fall sitting/FallSittingS9.avi,train,109,css900110.png,759ced205182c574aaa0e4f84d903271c8ccb71c933682ee6a4963dc76247019,ee7629b05ad2231aa53da43fc325464aca1a79e58fda647206b45bbe3397a211,css900110.txt,cbf1a65074fe0a8bd803a67a095d84790fce964f4e707805664864d5a54c80e8,1,grounded_fall_state,exact_stem
9,Fall sitting,Subject.9/Fall sitting/FallSittingS9.avi,train,110,css900111.png,2e7bc0eb712340bfd56852ddab5b531f2da8dad355230544b2100338e8a8dbf0,7160cc6ebb977f09cad08ea0a111da9fc291244908d8e7b37e4bbcb8bf9fcd3a,css900111.txt,d943456bec5cd02694081a72b0758637cb5e564947aafd0a534fc955ed4ad305,1,grounded_fall_state,exact_stem
9,Fall sitting,Subject.9/Fall sitting/FallSittingS9.avi,train,111,css900112.png,0f9a46229c08bdbfec5b709a4a2407fc543d7166bbde12c8e07ef89b3d663cc4,078326d18496ca82b6660949a1ae98c2eecb0129a6f7f5e9818db524a1f1f5c0,css900112.txt,0cb701ac2cbced785faab144042ca8defbc514775dde93c2eba005f1c00e7a28,1,grounded_fall_state,exact_stem
9,Fall sitting,Subject.9/Fall sitting/FallSittingS9.avi,train,112,css900113.png,6ded1adeebe4355574d4321ca97cbf4867592ee245747ef3c3c4bc5df0ce377a,09ac5a8c711ee313655ecce2a062ecdcae474357d7425de8e7c1e02f05f69dfc,css900113.txt,567a4325d92014cc085234d498574eae3259e4d3377fee0191a3750390696fdc,1,grounded_fall_state,exact_stem
9,Fall sitting,Subject.9/Fall sitting/FallSittingS9.avi,train,113,css900114.png,3e274ed6e8fbc8983c3d97be354b86c55557a26f951a3bd528816cc448af37cc,3690cf1e3295509649ca3b6db64a6246af4d7dccd34a31231bab43366769042a,css900114.txt,5c48786d0de42602d16bb39d1501d0ee1bac858a2715deccce22ae190020fe95,1,grounded_fall_state,exact_stem
9,Fall sitting,Subject.9/Fall sitting/FallSittingS9.avi,train,114,css900115.png,793b2e9782a9acc11baff5019d199201bfb331eab5397ab21a00e180d688387a,0cd4d5af0b67990857da3fa6c0d15d64eccc7e52c4aae13f74c8a656438ff430,css900115.txt,e488a43947769a02414a3d47b021a6172c603136abde9a02e2bc0344cd8efff2,1,grounded_fall_state,exact_stem
9,Fall sitting,Subject.9/Fall sitting/FallSittingS9.avi,train,115,css900116.png,3f51876802dbfcf225e09d10665a3ec339d64203be31cac4390b6dbd3670cd3f,0b748f514546d45929a8da7f19f9b5292436ed4f6566a6fdf6aac93b602db981,css900116.txt,5611ce96b6db317161beb99427420ab6cf4e4b59f521e7ba6451fca0ab4edd50,1,grounded_fall_state,exact_stem
9,Fall sitting,Subject.9/Fall sitting/FallSittingS9.avi,train,116,css900117.png,86416392bf4dd3fd7102467208a6e6540e1f9c06c5fbb0604c1f7339cc0b8d1c,f10511c30a5d2e5cbeb8670c10f066faeab5e0db4c28ed560d5a26169a6a704e,css900117.txt,b507cbaad10b9187db41a2c68f15f0ab76ee9f2d4d4155f57d1e99cc562bab8a,1,grounded_fall_state,exact_stem
9,Fall sitting,Subject.9/Fall sitting/FallSittingS9.avi,train,117,css900118.png,8caa0fecdd38b0d0759a6483328cce80fe3e8b7059f9966e29faab41b5fe15af,6f61b239b1fdc069b10596c256b422fd09b750405a118b676166617b0eda996b,css900118.txt,f65f9e4bd1ad6514d0fe03854a5cfa97edea93ccb35c3e4802b0b5ac3dcff1c2,1,grounded_fall_state,exact_stem
9,Fall sitting,Subject.9/Fall sitting/FallSittingS9.avi,train,118,css900119.png,62d7aaff80abf0c6636a25b68ed4a09b615539449349adcefc058957b304f819,e4db6791b1310bd9bdf3a522cb704e93352a4d8099e99b181bab1c077b942e02,css900119.txt,f280833f68dea83dfe3a0acb40c2b2205215a7419022133bc41101422a66fd05,1,grounded_fall_state,exact_stem
9,Fall sitting,Subject.9/Fall sitting/FallSittingS9.avi,train,119,css900120.png,4b5cd40e3d44bc31903d7ff687fba207678dbcd1bc2bb143532d8dddaf01eaf1,8e0ae278c7a431a4a6df946ad0e3860edb85484ab5399e4dac4bc2f71b985a92,css900120.txt,6209baaa202ee92601cd77e0a9203454b588ec26af3f258a971d911a5df945fb,1,grounded_fall_state,exact_stem
9,Fall sitting,Subject.9/Fall sitting/FallSittingS9.avi,train,120,css900121.png,a0a2381e53d88fb86f72e61c4f93d5b27c2cb033c276d3ee1da1b9b43f6bb75f,3663d08650a69f597c80a39e890620be4b9ae26cbc79ff0b99f18fde14300772,css900121.txt,c6126480a5424d54f5edf4354284d376e21e26219a3c2035c0c55748f42162c3,1,grounded_fall_state,exact_stem
9,Fall sitting,Subject.9/Fall sitting/FallSittingS9.avi,train,121,css900122.png,415a0f534ccfaaad972508ecc2a60b2b965665e9d6d444589c0f638ce4f5be82,52a7607c25d2d4d31e2ec656cffea752a2c5adaa43f4df01656b762bec1e97b7,css900122.txt,5a049de530065683d60257354b4365b6a5fc77a5098f66f1e1b3cd10808c18e2,1,grounded_fall_state,exact_stem
9,Fall sitting,Subject.9/Fall sitting/FallSittingS9.avi,train,122,css900123.png,0a895a1fb934628669006ef3c350e434b4952ccacc85c0fdaf6e8d13785a6fa6,728f6c8adad4d97f00074fb38bbc54acfc75a33ac2bfbbc87d4f22f9dce694f8,css900123.txt,707aa5664fb67917c13c0050cd23b68435982abfa9be80c954956a01c9fc6718,1,grounded_fall_state,exact_stem
9,Fall sitting,Subject.9/Fall sitting/FallSittingS9.avi,train,123,css900124.png,512e3a37cd336dd5910717df33183aab5dc9ad0a64db4be7aa5ccc382208e36f,269ee56ee4aad6760db99dc92f30e4debccb2d8c6e40dab39a479331e02d594f,css900124.txt,5fff1d37410853eb506b12a6aea9e2e0ddb2a1ba55818eaa729a1ba092c06043,1,grounded_fall_state,exact_stem
9,Fall sitting,Subject.9/Fall sitting/FallSittingS9.avi,train,124,css900125.png,6baaa9217f89be49896e8d0013343cc225bccfcb8e73544b7dbb9e0787e6e6fd,4980671fbe51900372be0bdf03f750237eca8fe88353181fa291815bd6888378,css900125.txt,c74b2ba0eb49e28675bf9621690b6ba5488354b5ac30bc850ec31f08a2addd9d,1,grounded_fall_state,exact_stem
9,Fall sitting,Subject.9/Fall sitting/FallSittingS9.avi,train,125,css900126.png,93cdac0752cc1f666afe07859a5af4bd38c73efcb60bd887aba09a33ade969c8,1d7378f1e34f97f604d3acaa2b8aef8c76f3f8b1f4797f0ab6a48eb17382c33b,css900126.txt,4de28f712d6321cefed0f933b79dd8e037cb6c257eca76f7d209b7865f5e35d7,1,grounded_fall_state,exact_stem
9,Fall sitting,Subject.9/Fall sitting/FallSittingS9.avi,train,126,css900127.png,a7adec9cfa76df3fa83e048771f9a22cb3b2190bfd3b8b2c33c0ae8aa189fb6c,edd2e66a007cf503d9a1bb8b5cfd57bc3ef54e0fb23f7a979ab0f3900efc5a2d,css900127.txt,836e04c1c4b60bcbf4f5cdb6cfe65a39ff3d513716f5fce2140baa95bae58092,1,grounded_fall_state,exact_stem
9,Fall sitting,Subject.9/Fall sitting/FallSittingS9.avi,train,127,css900128.png,0c9e0d021954b5d3b6a93e2e01955e58a1b965662d672eddc66cc443ed47fb53,2837573731ecd56613e990fcc746b5f70363734f9981ac58b5aadcadc330da3a,css900128.txt,3eea9441e423096f59240857e5c3d3a540ef4f1308e8417f37eb6643a9f89194,1,grounded_fall_state,exact_stem
9,Fall sitting,Subject.9/Fall sitting/FallSittingS9.avi,train,128,css900129.png,50e1e5fb7787e72c5309b3f6663eb030fe3c44f58691ff15a1d424c3f61af249,32021f74a738ab60a5d9fefe8e08bf06e28a4e6d557e081edbf1a040713b4d4a,css900129.txt,8f8f0be26da29a1e17f3e3fe8f3a9a4b65fb4fcb02975c712f88ee7ac41b7fca,1,grounded_fall_state,exact_stem
9,Fall sitting,Subject.9/Fall sitting/FallSittingS9.avi,train,129,css900130.png,ffdb01b6d995ab2b79ae4a67fbc21a64428d4f5beaa2d8505d495c2e0d276faf,31b4090079151127d194a5cefa1412011e5f8b7d5d35d44e0c483ff008332dd4,css900130.txt,4e0dc56664a81db2bbb7c0d2d65f86d5bec91f3dc89555d98cf8003655eed303,1,grounded_fall_state,exact_stem
9,Fall sitting,Subject.9/Fall sitting/FallSittingS9.avi,train,130,css900131.png,b19817c50b3e5cfe41ecab42e9231dea618ad9ca335d2baa4456041f5c711363,a908e5ad2b6c25d99b267229bf0893b08608543c2852ace2f9ae32d90f9b077e,css900131.txt,48ae877f9a3fc739f61bd0ba9f5eb2af6c9f9f753957d42c0222b59b30035472,1,grounded_fall_state,exact_stem
9,Fall sitting,Subject.9/Fall sitting/FallSittingS9.avi,train,131,css900132.png,029adfada3cefb13838d2a644cec47fc2f90b3e6e5551149741cea6e487de88c,50c2d819d0ab3707e49ed441a32d32d4d1c8dc2e03907f31089a651ddbd30002,css900132.txt,f1c3cec8915949fb7fc5bb944acdcbfde6c4baa00973dd45b96a07953e7cad61,1,grounded_fall_state,exact_stem
9,Fall sitting,Subject.9/Fall sitting/FallSittingS9.avi,train,132,css900133.png,fb53127bf56c6e4b408c5de5c7c0152489d19cf03a8c147f36c0346075a830ce,7e8dad9d1d5918398d5aabc4b4a0a81b7616a32999752946e302210afedc0ae7,css900133.txt,30ef34c5648903580852b6f40d80560b48e54bc4ac1da218dd213c97028c2001,1,grounded_fall_state,exact_stem
9,Fall sitting,Subject.9/Fall sitting/FallSittingS9.avi,train,133,css900134.png,a049460b03f3627f2ffb6b9531bbccdbd09bf4ed8f5ee36346daf08f73f42632,f63be59324f89dbd931b585eed343fc395bfb9e2ae1102f0c3586790fcea6b25,css900134.txt,2c289ca6985cb82c28801e3c127e92ba33cd0539cabfb7f5d0621079bb64d064,1,grounded_fall_state,exact_stem
9,Fall sitting,Subject.9/Fall sitting/FallSittingS9.avi,train,134,css900135.png,ddffc5390fbfd3aa94b71b159a718cc900c1a98ce1e650d4179443cdc8dfee9e,48507d5d4890cd6d321bbad977010c146790d1e24ecd5fb3450fa5d1a55c6244,css900135.txt,6ab7a5ea89bfe337f340bd94448865bde413612357659854d11c42cd605508f2,1,grounded_fall_state,exact_stem
9,Fall sitting,Subject.9/Fall sitting/FallSittingS9.avi,train,135,css900136.png,5365e8fb8177dc1cb45544f67ffbbcc1fde2ad7eb11749e538d6eb6ffedb1c43,71ded037dde65289d8c887ea37a024744b9ac6b9e0abec38f51a9ed81275c955,css900136.txt,241c8dd3663b5a1f3c0c9c47909c1a27cf0138de313470c5cc1e4fb5eb10f17c,1,grounded_fall_state,exact_stem
9,Fall sitting,Subject.9/Fall sitting/FallSittingS9.avi,train,136,css900137.png,96ebd94ddf6f7c438ab4d1c89b68ad65bb4da2e3217115d114f2cdcc3e8c81f9,2cab1d265c40b4272501d6ff49a6d4624992e07b54bcce3241d64a1f0fe42f7b,css900137.txt,b3d4306ea86ab05e602a8117d030cfac36f23a32e2435792b30e6cf60450ff42,1,grounded_fall_state,exact_stem
9,Fall sitting,Subject.9/Fall sitting/FallSittingS9.avi,train,137,css900138.png,e21941b9a29747b237f166c30f9e956d90d687d72a00d7c30c56ac0b954c4061,1edbdc2b2c9cbd0c9ff43d1519dfd68103c633e15a180dd190b739d43c625961,css900138.txt,03d01c22a155e16fa05f412dcc3f82db553928291e6a693a2bbcc94b03c0d152,1,grounded_fall_state,exact_stem
9,Fall sitting,Subject.9/Fall sitting/FallSittingS9.avi,train,138,css900139.png,77e6bcd9613921e7605e5f0dca9bcc8b14ae08375a60770dac75c08203bd486f,54c09f3853d859dc7cf7550d0059ff84333fae8812789ef76cc442d06565979b,css900139.txt,48d917b17f040e60cf29dd5af8dc3f92783c131c5cae972cf23bca07a5f79cd7,1,grounded_fall_state,exact_stem
9,Fall sitting,Subject.9/Fall sitting/FallSittingS9.avi,train,139,css900140.png,c47c736d7e100735ef90652f6684c1e38e97e46b9ccf70e942721c98dc630ffc,fefbcb2990c0c0cff9907096f140d31f1898ea1d043cacad98e74a8038faaa87,css900140.txt,33f6762be91a5e234694208d14e75d62f7259a43b805a2128923724cedf2028b,1,grounded_fall_state,exact_stem
9,Fall sitting,Subject.9/Fall sitting/FallSittingS9.avi,train,140,css900141.png,10f32e15306cffe7baf8c9c38c1c8b570e66bf8b6881fe46ad449525a034885d,511a8b37818921cf1f3380d95c458a1980c4b5ec5491605d1730d8a8b86c18d4,css900141.txt,60770f271c2f1ec637ed3c293a74caff0e3b33407b9d5c0e09136b31e86ccf66,1,grounded_fall_state,exact_stem
9,Fall sitting,Subject.9/Fall sitting/FallSittingS9.avi,train,141,css900142.png,6e7ca66a10f478583f6453039bdf2da5ac21b383012e0b2e3a7a044755b47282,2cdfcd9271318944d085381d38e7a340826a35d3d16bd2dda7df6e9892af6204,css900142.txt,7346d9c554d72bc23448c3cdbcaa4cb54f7e6001469340110c75a7f5ccc01fe9,1,grounded_fall_state,exact_stem
9,Fall sitting,Subject.9/Fall sitting/FallSittingS9.avi,train,142,css900143.png,e2265f8739a32d62f6accdddc4af8721d520c68975e6d40ad21c3e7327252439,aecd5ca9c2447cf0c3946765b34f5eaaedae582da174e45d88d17bcf293d28df,css900143.txt,db116c9c4ec7146c282214e1eda57d9e1d6797d60fa23708de2557ae5a00dee7,1,grounded_fall_state,exact_stem
9,Fall sitting,Subject.9/Fall sitting/FallSittingS9.avi,train,143,css900144.png,22b5bb6b67be272cc40aef884e03d3c9a36a63be9b25da19cb9389853841d4a8,74c3b82a2e1c8957c8d2c1389cccab7d995d28684d9d0394f4e541d61d938c37,css900144.txt,48b47149ae6c76f10e9d3d7cb71a14afe00ea0dac22a4f2215faca3acae695d5,1,grounded_fall_state,exact_stem
9,Fall sitting,Subject.9/Fall sitting/FallSittingS9.avi,train,144,css900145.png,20406ae3b4267230e30f0787dde9ca323d9b93217a689549761503d8a4332cda,d02366e7ee223db9758878f27517d305f17c7b110fc7e89e0a642413d559b317,css900145.txt,0a5854edd60aebe7a74bd395fcfd73679f23553c18d5be0657226b549d64261d,1,grounded_fall_state,exact_stem
9,Fall sitting,Subject.9/Fall sitting/FallSittingS9.avi,train,145,css900146.png,88b18a3d805ed55852833cd939f0414f04a6031d7bb235aaaa784da1e4eb53c0,6238cce8142f682f542dcc029cb5fe48fbd4c3e8d7d837f53bfd261c05701116,css900146.txt,9d3ca83947e4fcc96e52496635e5b09dbd4b3dc8307fdf7a05414bebd125b661,1,grounded_fall_state,exact_stem
9,Fall sitting,Subject.9/Fall sitting/FallSittingS9.avi,train,146,css900147.png,f6e8bc91c048e760fb8aab084c32c8e59058ff51205ca363d9e3813aaff70d8a,c805f444e2594cb4dc4754f479cf0338b8272c3e78bf15aa50e3b2441e31f915,css900147.txt,f33d0bde836167ace5889444d19d698224db1b26788493bee20fab9e6f14c990,1,grounded_fall_state,exact_stem
9,Fall sitting,Subject.9/Fall sitting/FallSittingS9.avi,train,147,css900148.png,238f84d0cbc2c78b33c77f94677acdffa5639f3dae8f0ac83640c8f269b50c14,9c72429ebee8c19e78fee9517173dbaaea29dc8064599935d6c182cc5cdd277f,css900148.txt,78cba190bfc4f0e4aa48e8e496547e502ee7e0cba6e864ef0c5b2d368cc461d8,1,grounded_fall_state,exact_stem
9,Fall sitting,Subject.9/Fall sitting/FallSittingS9.avi,train,148,css900149.png,4721b1faf6eae555d212af23a67a0074ce3c9cc050c78f305821d5811d7fabc9,f301cba3252cefca6b0c957989ee7fc7b760415c0d944e338e4a79b5ca6afae4,css900149.txt,17d3ba0c47b2b74842cb82a9c2bcbc0bf124799d89d84b3b063a0cc5bfcd8c17,1,grounded_fall_state,exact_stem
9,Fall sitting,Subject.9/Fall sitting/FallSittingS9.avi,train,149,css900150.png,dcd0fa6da5f99a0a10f0e2c041a7a46337ad7188073467c9ef281945fa4aa72b,517808fe19272d04a0a328a9fd51dd17b6e03f66e3d2478a0ac17e48f83598fc,css900150.txt,37deaf9396d7ffdbdf64f93f3d855c6559dc9469a25e648bb97e1fa2c17b022d,1,grounded_fall_state,exact_stem
9,Fall sitting,Subject.9/Fall sitting/FallSittingS9.avi,train,150,css900151.png,ea5e0e1e6cadd6ccdf6f897662ce4921d746a25960def9383c7896a51b2bec1e,a56c06dcf3602510de678dc2f715f7febefcce488874ab9e177795fdb44980cb,css900151.txt,86d073cad362bf4ee11f7120c46ec85e821ea138772dfc5abd87bc21ae3e117f,1,grounded_fall_state,exact_stem
9,Fall sitting,Subject.9/Fall sitting/FallSittingS9.avi,train,151,css900152.png,a998d952dfd77b5aa1ac53a89c7672a8640075f7394d5657591501d2029f672d,669d4d7c2d5d6ac65a656dbca5432e8d24f722067ef162c6d2e3938eec757106,css900152.txt,20608f08647e7e1aba3b40ed63fc709d80325e00532da83a9ccb6b07644e4af2,1,grounded_fall_state,exact_stem
9,Fall sitting,Subject.9/Fall sitting/FallSittingS9.avi,train,152,css900153.png,ae47798cc73066ff213fd9fdc5e7d60499f3bff255f1e5cc378d153b8098928e,5c00ca04e16bf54f81ea5d42d829075803b0760f8293b4265c586408ea016998,css900153.txt,832a983730f9b6ae83044469048b6013d29d8365074e489a801bba2f0a585b04,1,grounded_fall_state,exact_stem
9,Fall sitting,Subject.9/Fall sitting/FallSittingS9.avi,train,153,css900154.png,6a2892c808a2fe716475d6f5eb50d5324191363260f4b3805d469e0c73b6bd8b,2732f4978ca5ff9cf7f245e50f6145dc15f24b4065e556506e52a17986b8e93a,css900154.txt,044587beab1220e1999247730253236c2e53d7e27ee4149475130a84eb32f184,1,grounded_fall_state,exact_stem
9,Fall sitting,Subject.9/Fall sitting/FallSittingS9.avi,train,154,css900155.png,fcd5b670da290e6c7b1698e05332447328bbc9aa23199809b4eafd0377a29a8f,fc8f10d26e0023edf179bd3fc0a291ed19af6b962af336d7e7eafb201dadb7d9,css900155.txt,a32f8aee2f34ba469b69793f75df22562ba470593281d8a52435eba1c4200a5a,1,grounded_fall_state,exact_stem
9,Fall sitting,Subject.9/Fall sitting/FallSittingS9.avi,train,155,css900156.png,25541afa7d3cee3cb68e598a05360998526ea1ffcbaba02d657d6ccac2ef06e8,9007af5878a51e1b5e2f44478bb87874a7e07d4e58bb96f507b040b35908a8a9,css900156.txt,111e08742fa8855d68d39cb8e7ef602acac6bd34716ae2f3693200387e1a72ee,1,grounded_fall_state,exact_stem
9,Fall sitting,Subject.9/Fall sitting/FallSittingS9.avi,train,156,css900157.png,54587b160988ec4cb681722371404b22e5bf92fd9f3c86bba040ea5a5dd119f1,893a63d8d451da2c9a82ca1bd90e893fe5ef20e4e6a1cfcb7f5edade3de1b940,css900157.txt,4da6c8e362fef0edd9762dbdc2538cfea921c431baadb7e5dcb1ef91b578669a,1,grounded_fall_state,exact_stem
9,Fall sitting,Subject.9/Fall sitting/FallSittingS9.avi,train,157,css900158.png,dd1f38ce6a61184d49b818662ebc31c619a138a991cd6275144d36de8bb19098,3071d9658ee797006ea42bd98d3c1b559b298d3471f746fb9f1a9d87e602af8b,css900158.txt,df39aec029326ae10b93530fc2191fa136147cee3ce4c35e50025c698c0f3f77,1,grounded_fall_state,exact_stem
9,Fall sitting,Subject.9/Fall sitting/FallSittingS9.avi,train,158,css900159.png,8809aa0c1d8cc351656ccbe86418292ba23a435fc65d47a6dba0de7c0b52da0e,f014f5387a1db517e9812414fe1d8b9616a7b58c15b449710c9ece5c8ddb934a,css900159.txt,c984d382833bbdb8d5f4d46ffdfd4a999f844892affeea04841d5a18df0019f4,1,grounded_fall_state,exact_stem
9,Fall sitting,Subject.9/Fall sitting/FallSittingS9.avi,train,159,css900160.png,00422d5263f471176a7bf9bf160cc95d3e9b8fd87c7c8419f99c1cc548e2e356,5d9e50f85f6642f2a4af1c4b17e6989da2fc7f6fff22d0719ee9fceca9b8b4eb,css900160.txt,7ff4bf712c13c6804d583d136a110f39198b31d24c819c3f138e3812ce6c073c,1,grounded_fall_state,exact_stem
9,Fall sitting,Subject.9/Fall sitting/FallSittingS9.avi,train,160,css900161.png,9103a1268e50ce419a36576f3bd72ec6e7454e0b28602b78e7bd99825a410b2e,484bebbb551ec562d2789de604cd744fc836b86361ceeeb15289efc00f4239ac,css900161.txt,8ab36911bed58709c08ff73f858436fd7e90cc79774c6142a1a6ccc412f863fe,1,grounded_fall_state,exact_stem
9,Fall sitting,Subject.9/Fall sitting/FallSittingS9.avi,train,161,css900162.png,5afd54c5c533ae73233a4a9ce27b46e09d19afa5e7b529a4a89b65beef025b2c,7773de1b6b64f72fbb8e34d3acd569961fb8887845e1aea6fa2321ccedba5598,css900162.txt,113c91c0f739ad1ca9bf53fe313a5dc541121cb7a29cfb4f94acd478025f5a76,1,grounded_fall_state,exact_stem
9,Fall sitting,Subject.9/Fall sitting/FallSittingS9.avi,train,162,css900163.png,612195810dd80ad558e5984fd655407121fc3c367671f564643a06f564027486,b058a14c0b593ba42182677338af4514b26b16e00d5928af0e425598727ca029,css900163.txt,cdd788ea9f8a4d04bc9f82c471002236ca387d5bc36ce8c7509ea082b962b9f1,1,grounded_fall_state,exact_stem
9,Fall sitting,Subject.9/Fall sitting/FallSittingS9.avi,train,163,css900164.png,a4cc5b065789e55d147c667f2560e19b82e1eacff8cefa523b62404aa1815d2c,15dd638758d6b8633160ecdb621e7d93be0d7d3dcb00230d55e916ecf309be8b,css900164.txt,4b8aa96120a988e89e2a654886c8fb9e5e0cf8a9af0b3bc20206e35138b811f2,1,grounded_fall_state,exact_stem
9,Fall sitting,Subject.9/Fall sitting/FallSittingS9.avi,train,164,css900165.png,25cdd62f46c51df2b55d7cd11a83285a49d27735d4be41162f746fad1030826b,9a3dfe6e3f6812bf15baecd88efa1fe5c25fdd125513884499973b3cbe9580c1,css900165.txt,0f28abc9dabcc356302cea25d61bc223700c2e451626b767dd49f085928ad122,1,grounded_fall_state,exact_stem
9,Fall sitting,Subject.9/Fall sitting/FallSittingS9.avi,train,165,css900166.png,6777cf593bdef80722fbd7814916abf0cd0ea19d5d47cdce63b3b26f456fa417,303c7ba1cd5d360bd65c606779c5f28246cb6b648a30f3b9a4a0587ebd365927,css900166.txt,8bb4bec141453d0521aeaee7095df862acbf042a4a929c4031b416cee87aab24,1,grounded_fall_state,exact_stem
9,Fall sitting,Subject.9/Fall sitting/FallSittingS9.avi,train,166,css900167.png,86478c437bc119754e6a28600d2f3b36e07e53578868c521a7516522499b5f47,3c98930d17b0f0fd47c33733cb0764c962e0ddf085c74ab72ad0ef8a1464e2b4,css900167.txt,7ad654ab51b90a1d509c4c68543c56f51fede1d03caaa4cd3e50004faa880819,1,grounded_fall_state,exact_stem
9,Fall sitting,Subject.9/Fall sitting/FallSittingS9.avi,train,167,css900168.png,627f20c089ca4a78df8edf9aae1f2a8c70ccedc00f1148cf9c66a57f8b05e008,ff20cc8d769beb16264010f8ab586f21b39b16be1c817f8f6c36b942456f8660,css900168.txt,b7912e96982f2b7d2e5923f5162f77a6cfa43272863054a4a60bb239b669654e,1,grounded_fall_state,exact_stem
9,Fall sitting,Subject.9/Fall sitting/FallSittingS9.avi,train,168,css900169.png,2c1e8f437a41baee30d2c66927c1968d8f1dd4ec81f8e172055b25eb345568be,44d2060bc1909139e3147db03a1408fecccd4323bc8b790340b8989682860221,css900169.txt,97e23878d172283ad131c59420457cb219b66ad2ef228aa369136e623a00a253,1,grounded_fall_state,exact_stem
9,Fall sitting,Subject.9/Fall sitting/FallSittingS9.avi,train,169,css900170.png,2c381e8d2566ef4686be98f6b3f4ebb4b87aaac720abfe272608edea57222e1d,a18e414b8e09e3daeed0c679fb420428535423d32874d92018f7cad0a9abae3f,css900170.txt,50862567c9e0fdec319cd78c50cec97f28def5c64ea69a729d8d4fe65c08080c,1,grounded_fall_state,exact_stem
9,Fall sitting,Subject.9/Fall sitting/FallSittingS9.avi,train,170,css900171.png,4c2eaabcab4ff5882bb4987c039c5ef1cd2b4cbe78e3140ffd770b705a45a131,752f1643c2b02199a09d81ce3cba7d3a2bd1b1d6075e3d35fbbccbfcd9aa27a7,css900171.txt,fdb86e3ff608ac28608ad14bc9afd945f2779162e2c7426503917edfb5dbd01f,1,grounded_fall_state,exact_stem
9,Fall sitting,Subject.9/Fall sitting/FallSittingS9.avi,train,171,css900172.png,396d841aee0d400bafcd22919fe656df53857fbb03575806594019bb087ef5cb,4ffbf230bfec250452a6291d5c973afb1672561a3ac70aa29652c6f2ecca7f14,css900172.txt,a3c70e10ff47466ec241d48b4dc4f3f6891893bb2adb83877d79a52ec0a3d13e,1,grounded_fall_state,exact_stem
9,Fall sitting,Subject.9/Fall sitting/FallSittingS9.avi,train,172,css900173.png,cab735d26fe73d0085e702c8eef0980496b5c7b333dec7457d2b1464dcc66666,2d68a639072c091413651e9562659b439e955f20aa9bbe6cfe896cc2d55eaeb1,css900173.txt,8b346cc3625ceb1d2105e7893403c20c0e218fd841dc363a9984247156d45c77,1,grounded_fall_state,exact_stem
9,Fall sitting,Subject.9/Fall sitting/FallSittingS9.avi,train,173,css900174.png,ac5a6e8c120cb3351bf1ef8f99a678fe07293bda18a8fee10233ad16c1922b27,aa02014233cb34ead8a826dd871636bba9d3e094e94642d93832c1184ac4a820,css900174.txt,1d8083ca1af49a4710c40c42feb441372b0de67a905410af7dbf2b1651965f82,1,grounded_fall_state,exact_stem
9,Fall sitting,Subject.9/Fall sitting/FallSittingS9.avi,train,174,css900175.png,4631b50080e9e61b78cfcfd865091fa551baafd439ecb6d3691bd5aa61894e6e,36734c18a13da0bd3f8faf43db06cad6f05d110b57a2dadb1bb646c14376631c,css900175.txt,3478f5d4c76ea3aa05134c02ee1438424d68e2384b74fbe9b762cf7ab8199bb5,1,grounded_fall_state,exact_stem
9,Fall sitting,Subject.9/Fall sitting/FallSittingS9.avi,train,175,css900176.png,07ae3bed3d5279950b018633e957760abc625ae1e5de47befeab4a7fc52ea98a,163e89234bdb1e48199137b3d0d9d73c4682679465bc6f6035b5390c55ccb41e,css900176.txt,4acc5a5047bccf3d56ddad8d769e6477280f8952e3c6d3f25edaf44667b4da33,1,grounded_fall_state,exact_stem
9,Fall sitting,Subject.9/Fall sitting/FallSittingS9.avi,train,176,css900177.png,fb5fa1dea2bdcd0931d6828a2a46e507db3510b28cc90cc9dc60ae9e0f3fb8ca,c7c0e7b3be985f946323ccddc91dee6a53de9a8b0256be54be8ca144ef882f4d,css900177.txt,df986b1d970e4e12cc261b1ec61bb654525dd1c0fb08ef1b3f57e2ce5eb567cb,1,grounded_fall_state,exact_stem
9,Fall sitting,Subject.9/Fall sitting/FallSittingS9.avi,train,177,css900178.png,025691497af3eb5196b05f06a20c58204808d6099add7daeb214b39509a3d704,f532aff0328ef554b61c3e2e9e1413da730be7f29418b65f90db73f1c4ccdc59,css900178.txt,a6d80ac5f9f2a051c41a62bba484e08a8e267f66649de010ef539533ccc80c80,1,grounded_fall_state,exact_stem
9,Fall sitting,Subject.9/Fall sitting/FallSittingS9.avi,train,178,css900179.png,daef93666f11897819d1b9ebfce09d918fbc2c9d9125b18799ec52f6c44934f0,9c24ef5a3f05bbc703bc98faa2eb267717782daf774fbef3baf67e42357425ab,css900179.txt,b198d242264425fe0457cc403a2ede5f74a8c39394582a9e69afb86f1937eb0d,1,grounded_fall_state,exact_stem
9,Fall sitting,Subject.9/Fall sitting/FallSittingS9.avi,train,179,css900180.png,c8093c7ac61f57d223e886a0354be0f6c18194c6fdeb07f8d14537f72b24c977,f0ae4d76a9246664d4205ae42ffa0667b86fe7bf00241a6255424a20759c4ab7,css900180.txt,d137074e99ae7fb1e19facb04b3796386a597cb7a741d7064546a0262575a2bb,1,grounded_fall_state,exact_stem
9,Fall sitting,Subject.9/Fall sitting/FallSittingS9.avi,train,180,css900181.png,c8093c7ac61f57d223e886a0354be0f6c18194c6fdeb07f8d14537f72b24c977,f0ae4d76a9246664d4205ae42ffa0667b86fe7bf00241a6255424a20759c4ab7,css900181.txt,5433e023a264914b98ee4deb85957c7cbe12ff27fb2e83f706a567ef3c56e98a,1,grounded_fall_state,exact_stem
9,Fall sitting,Subject.9/Fall sitting/FallSittingS9.avi,train,181,css900182.png,c8093c7ac61f57d223e886a0354be0f6c18194c6fdeb07f8d14537f72b24c977,f0ae4d76a9246664d4205ae42ffa0667b86fe7bf00241a6255424a20759c4ab7,css900182.txt,9bbd68082ffc4cea82175585ad5078432d0a4a5da1ef2dadddf98514bdfe2cde,1,grounded_fall_state,exact_stem
9,Fall sitting,Subject.9/Fall sitting/FallSittingS9.avi,train,182,css900183.png,c8093c7ac61f57d223e886a0354be0f6c18194c6fdeb07f8d14537f72b24c977,f0ae4d76a9246664d4205ae42ffa0667b86fe7bf00241a6255424a20759c4ab7,css900183.txt,00f86970377f5cbea2b4fef5956ce4f7a6e01ec735d05ea877965910a7122158,1,grounded_fall_state,exact_stem
9,Fall sitting,Subject.9/Fall sitting/FallSittingS9.avi,train,183,css900184.png,c8093c7ac61f57d223e886a0354be0f6c18194c6fdeb07f8d14537f72b24c977,f0ae4d76a9246664d4205ae42ffa0667b86fe7bf00241a6255424a20759c4ab7,css900184.txt,df819784cc55589df7df63b64a1ec644e132f544201bb3d4429679f30ac5676b,1,grounded_fall_state,exact_stem
9,Fall sitting,Subject.9/Fall sitting/FallSittingS9.avi,train,184,css900185.png,c8093c7ac61f57d223e886a0354be0f6c18194c6fdeb07f8d14537f72b24c977,f0ae4d76a9246664d4205ae42ffa0667b86fe7bf00241a6255424a20759c4ab7,css900185.txt,ccc7c23c6f4e148eac2636844f7ba77d503acc46396673fbe69bbb1c0fdce2e4,1,grounded_fall_state,exact_stem
9,Fall sitting,Subject.9/Fall sitting/FallSittingS9.avi,train,185,css900186.png,c8093c7ac61f57d223e886a0354be0f6c18194c6fdeb07f8d14537f72b24c977,f0ae4d76a9246664d4205ae42ffa0667b86fe7bf00241a6255424a20759c4ab7,css900186.txt,79743809ba518c0e8e75d5e348f95e2adcf0740e47203e1a83feabd8ecb4b02f,1,grounded_fall_state,exact_stem
9,Fall sitting,Subject.9/Fall sitting/FallSittingS9.avi,train,186,css900187.png,c8093c7ac61f57d223e886a0354be0f6c18194c6fdeb07f8d14537f72b24c977,f0ae4d76a9246664d4205ae42ffa0667b86fe7bf00241a6255424a20759c4ab7,css900187.txt,63fcb1936a60496464a510bc6539fd02413acac6755d3cfb769d467bd94d515d,1,grounded_fall_state,exact_stem
9,Fall sitting,Subject.9/Fall sitting/FallSittingS9.avi,train,187,css900188.png,c8093c7ac61f57d223e886a0354be0f6c18194c6fdeb07f8d14537f72b24c977,f0ae4d76a9246664d4205ae42ffa0667b86fe7bf00241a6255424a20759c4ab7,css900188.txt,401692f18c0f3d30b66a48d79034f587186a2aebfb60dd776be8fefddcb24587,1,grounded_fall_state,exact_stem
9,Fall sitting,Subject.9/Fall sitting/FallSittingS9.avi,train,188,css900189.png,c8093c7ac61f57d223e886a0354be0f6c18194c6fdeb07f8d14537f72b24c977,f0ae4d76a9246664d4205ae42ffa0667b86fe7bf00241a6255424a20759c4ab7,css900189.txt,87ec1209f88eb871378a43eb7ba91746ff9f10a76b4874afccea3ad9ae43f600,1,grounded_fall_state,exact_stem
9,Fall sitting,Subject.9/Fall sitting/FallSittingS9.avi,train,189,css900190.png,c8093c7ac61f57d223e886a0354be0f6c18194c6fdeb07f8d14537f72b24c977,f0ae4d76a9246664d4205ae42ffa0667b86fe7bf00241a6255424a20759c4ab7,css900190.txt,8c143fa5e249abf7490f58241c5739704086b7e0adec0c3995db0299ce856e4b,1,grounded_fall_state,exact_stem
9,Fall sitting,Subject.9/Fall sitting/FallSittingS9.avi,train,190,css900191.png,c8093c7ac61f57d223e886a0354be0f6c18194c6fdeb07f8d14537f72b24c977,f0ae4d76a9246664d4205ae42ffa0667b86fe7bf00241a6255424a20759c4ab7,css900191.txt,8ee520e3c0f95999f44f06d68f44cc7775da10d25e9a98acce3c0ebdbb5add7c,1,grounded_fall_state,exact_stem
9,Fall sitting,Subject.9/Fall sitting/FallSittingS9.avi,train,191,css900192.png,c8093c7ac61f57d223e886a0354be0f6c18194c6fdeb07f8d14537f72b24c977,f0ae4d76a9246664d4205ae42ffa0667b86fe7bf00241a6255424a20759c4ab7,css900192.txt,845b7f9f13834694e622f6d81e7e169b0d370c4e9a81b28313f79392610f79cf,1,grounded_fall_state,exact_stem
9,Fall sitting,Subject.9/Fall sitting/FallSittingS9.avi,train,192,css900193.png,c8093c7ac61f57d223e886a0354be0f6c18194c6fdeb07f8d14537f72b24c977,f0ae4d76a9246664d4205ae42ffa0667b86fe7bf00241a6255424a20759c4ab7,css900193.txt,0238da68c4723cb9be1613e815d56b68990d3f58b7b7954e537899bb07561f2a,1,grounded_fall_state,exact_stem
9,Fall sitting,Subject.9/Fall sitting/FallSittingS9.avi,train,193,css900194.png,c8093c7ac61f57d223e886a0354be0f6c18194c6fdeb07f8d14537f72b24c977,f0ae4d76a9246664d4205ae42ffa0667b86fe7bf00241a6255424a20759c4ab7,css900194.txt,9a2640dc2cc3732d746dffe59bbebb44fb11a7564f2d3bd8dba7455803274de6,1,grounded_fall_state,exact_stem
9,Fall sitting,Subject.9/Fall sitting/FallSittingS9.avi,train,194,css900195.png,c8093c7ac61f57d223e886a0354be0f6c18194c6fdeb07f8d14537f72b24c977,f0ae4d76a9246664d4205ae42ffa0667b86fe7bf00241a6255424a20759c4ab7,css900195.txt,da8f21a6341e3131b0a9b6fe7ee00c8e1faea966e956fa0716a3d70733c52555,1,grounded_fall_state,exact_stem
9,Fall sitting,Subject.9/Fall sitting/FallSittingS9.avi,train,195,css900196.png,c8093c7ac61f57d223e886a0354be0f6c18194c6fdeb07f8d14537f72b24c977,f0ae4d76a9246664d4205ae42ffa0667b86fe7bf00241a6255424a20759c4ab7,css900196.txt,b2dd5a207117c7403e567cee8449d4e87b5828fce4700056e8e2a84969595cde,1,grounded_fall_state,exact_stem
9,Fall sitting,Subject.9/Fall sitting/FallSittingS9.avi,train,196,css900197.png,c8093c7ac61f57d223e886a0354be0f6c18194c6fdeb07f8d14537f72b24c977,f0ae4d76a9246664d4205ae42ffa0667b86fe7bf00241a6255424a20759c4ab7,css900197.txt,962abb36deec2011c31593d149b4f29d4ce31c52f1b2ad24c5c2442bd8a06735,1,grounded_fall_state,exact_stem
9,Fall sitting,Subject.9/Fall sitting/FallSittingS9.avi,train,197,css900198.png,c8093c7ac61f57d223e886a0354be0f6c18194c6fdeb07f8d14537f72b24c977,f0ae4d76a9246664d4205ae42ffa0667b86fe7bf00241a6255424a20759c4ab7,css900198.txt,47c6f3e424a887b9a5533ef36816e4aedd2e4205775ea342738f7751043660e1,1,grounded_fall_state,exact_stem
9,Fall sitting,Subject.9/Fall sitting/FallSittingS9.avi,train,198,css900199.png,c8093c7ac61f57d223e886a0354be0f6c18194c6fdeb07f8d14537f72b24c977,f0ae4d76a9246664d4205ae42ffa0667b86fe7bf00241a6255424a20759c4ab7,css900199.txt,f02632adc558fe5a89f1ebd48394c9938c0907b425d2188bbb18b0d27f78cb14,1,grounded_fall_state,exact_stem
9,Fall sitting,Subject.9/Fall sitting/FallSittingS9.avi,train,199,css900200.png,c8093c7ac61f57d223e886a0354be0f6c18194c6fdeb07f8d14537f72b24c977,f0ae4d76a9246664d4205ae42ffa0667b86fe7bf00241a6255424a20759c4ab7,css900200.txt,7867befa592ce32bc62f9daf1326d60febb34b293a749f247a40f33e0727f0e5,1,grounded_fall_state,exact_stem
9,Fall sitting,Subject.9/Fall sitting/FallSittingS9.avi,train,200,css900201.png,c8093c7ac61f57d223e886a0354be0f6c18194c6fdeb07f8d14537f72b24c977,f0ae4d76a9246664d4205ae42ffa0667b86fe7bf00241a6255424a20759c4ab7,css900201.txt,c1724ea0d2a16589ce25ab0d5d422a550dcd73801a4a52a889f71ef05ed56ad8,1,grounded_fall_state,exact_stem
9,Fall sitting,Subject.9/Fall sitting/FallSittingS9.avi,train,201,css900202.png,c8093c7ac61f57d223e886a0354be0f6c18194c6fdeb07f8d14537f72b24c977,f0ae4d76a9246664d4205ae42ffa0667b86fe7bf00241a6255424a20759c4ab7,css900202.txt,71f08bf85bd24d3b5b6ca41d214b18f079a71e623deac8c339d72de1583459af,1,grounded_fall_state,exact_stem
9,Fall sitting,Subject.9/Fall sitting/FallSittingS9.avi,train,202,css900203.png,c8093c7ac61f57d223e886a0354be0f6c18194c6fdeb07f8d14537f72b24c977,f0ae4d76a9246664d4205ae42ffa0667b86fe7bf00241a6255424a20759c4ab7,css900203.txt,9463fd4da088adbd0b108ad47c4c6c1a478c7a17210738c462d89e0d23b2f5f6,1,grounded_fall_state,exact_stem
9,Fall sitting,Subject.9/Fall sitting/FallSittingS9.avi,train,203,css900204.png,c8093c7ac61f57d223e886a0354be0f6c18194c6fdeb07f8d14537f72b24c977,f0ae4d76a9246664d4205ae42ffa0667b86fe7bf00241a6255424a20759c4ab7,css900204.txt,505f6cc1470483ca44e56ad0227db25bb06d91372c8d80119d28ce24d5a40789,1,grounded_fall_state,exact_stem
9,Fall sitting,Subject.9/Fall sitting/FallSittingS9.avi,train,204,css900205.png,c8093c7ac61f57d223e886a0354be0f6c18194c6fdeb07f8d14537f72b24c977,f0ae4d76a9246664d4205ae42ffa0667b86fe7bf00241a6255424a20759c4ab7,css900205.txt,5dc6f65a38440f924881ec3e3109d4a89aa09c5b783a8ba8ef93d67f9d53b2e6,1,grounded_fall_state,exact_stem
9,Fall sitting,Subject.9/Fall sitting/FallSittingS9.avi,train,205,css900206.png,c8093c7ac61f57d223e886a0354be0f6c18194c6fdeb07f8d14537f72b24c977,f0ae4d76a9246664d4205ae42ffa0667b86fe7bf00241a6255424a20759c4ab7,css900206.txt,ed84eb8d1c771cb7489f8b39cd2d596a616252eb7c4b4871e2643026b6d0afcc,1,grounded_fall_state,exact_stem
9,Fall sitting,Subject.9/Fall sitting/FallSittingS9.avi,train,206,css900207.png,c8093c7ac61f57d223e886a0354be0f6c18194c6fdeb07f8d14537f72b24c977,f0ae4d76a9246664d4205ae42ffa0667b86fe7bf00241a6255424a20759c4ab7,css900207.txt,9e41791cbff3260a62e0e4dc8dfb6404156cd1638fc82ff06bc1be790019b3bf,1,grounded_fall_state,exact_stem
9,Fall sitting,Subject.9/Fall sitting/FallSittingS9.avi,train,207,css900208.png,c8093c7ac61f57d223e886a0354be0f6c18194c6fdeb07f8d14537f72b24c977,f0ae4d76a9246664d4205ae42ffa0667b86fe7bf00241a6255424a20759c4ab7,css900208.txt,d88f19aae85dc1c0698df3dba9ad4ec46c7effa75cea79014bf52057e9cd6963,1,grounded_fall_state,exact_stem
9,Fall sitting,Subject.9/Fall sitting/FallSittingS9.avi,train,208,css900209.png,c8093c7ac61f57d223e886a0354be0f6c18194c6fdeb07f8d14537f72b24c977,f0ae4d76a9246664d4205ae42ffa0667b86fe7bf00241a6255424a20759c4ab7,css900209.txt,6f313a2892c99313850d98b79f52e83c8399291ed0f91251a29220fd5a2f8bb0,1,grounded_fall_state,exact_stem
9,Fall sitting,Subject.9/Fall sitting/FallSittingS9.avi,train,209,css900210.png,c8093c7ac61f57d223e886a0354be0f6c18194c6fdeb07f8d14537f72b24c977,f0ae4d76a9246664d4205ae42ffa0667b86fe7bf00241a6255424a20759c4ab7,css900210.txt,0a2479ac4a29b33fe2fe66938a5df5426f9030d191a31cb12c5a6fc4f4a3f55c,1,grounded_fall_state,exact_stem
9,Fall sitting,Subject.9/Fall sitting/FallSittingS9.avi,train,210,css900211.png,c8093c7ac61f57d223e886a0354be0f6c18194c6fdeb07f8d14537f72b24c977,f0ae4d76a9246664d4205ae42ffa0667b86fe7bf00241a6255424a20759c4ab7,css900211.txt,a078f84fea9ee26f7c4f7974808b5c046ee6a407ea70f17d6c81388eb8b9ee2b,1,grounded_fall_state,exact_stem
9,Fall sitting,Subject.9/Fall sitting/FallSittingS9.avi,train,211,css900212.png,c8093c7ac61f57d223e886a0354be0f6c18194c6fdeb07f8d14537f72b24c977,f0ae4d76a9246664d4205ae42ffa0667b86fe7bf00241a6255424a20759c4ab7,css900212.txt,6d823a16927234cca36b1bb9dc435264cacbf52d0fd907850acf600bb1f09bcd,1,grounded_fall_state,exact_stem
9,Fall sitting,Subject.9/Fall sitting/FallSittingS9.avi,train,212,css900213.png,c8093c7ac61f57d223e886a0354be0f6c18194c6fdeb07f8d14537f72b24c977,f0ae4d76a9246664d4205ae42ffa0667b86fe7bf00241a6255424a20759c4ab7,css900213.txt,9463fd4da088adbd0b108ad47c4c6c1a478c7a17210738c462d89e0d23b2f5f6,1,grounded_fall_state,exact_stem
9,Fall sitting,Subject.9/Fall sitting/FallSittingS9.avi,train,213,css900214.png,c8093c7ac61f57d223e886a0354be0f6c18194c6fdeb07f8d14537f72b24c977,f0ae4d76a9246664d4205ae42ffa0667b86fe7bf00241a6255424a20759c4ab7,css900214.txt,505f6cc1470483ca44e56ad0227db25bb06d91372c8d80119d28ce24d5a40789,1,grounded_fall_state,exact_stem
9,Fall sitting,Subject.9/Fall sitting/FallSittingS9.avi,train,214,css900215.png,c8093c7ac61f57d223e886a0354be0f6c18194c6fdeb07f8d14537f72b24c977,f0ae4d76a9246664d4205ae42ffa0667b86fe7bf00241a6255424a20759c4ab7,css900215.txt,5dc6f65a38440f924881ec3e3109d4a89aa09c5b783a8ba8ef93d67f9d53b2e6,1,grounded_fall_state,exact_stem
9,Fall sitting,Subject.9/Fall sitting/FallSittingS9.avi,train,215,css900216.png,c8093c7ac61f57d223e886a0354be0f6c18194c6fdeb07f8d14537f72b24c977,f0ae4d76a9246664d4205ae42ffa0667b86fe7bf00241a6255424a20759c4ab7,css900216.txt,843f2277324213d15a535e2c6b17b84945675bdda98cb5f1979e735fd04a48b3,1,grounded_fall_state,exact_stem
9,Fall sitting,Subject.9/Fall sitting/FallSittingS9.avi,train,216,css900217.png,c8093c7ac61f57d223e886a0354be0f6c18194c6fdeb07f8d14537f72b24c977,f0ae4d76a9246664d4205ae42ffa0667b86fe7bf00241a6255424a20759c4ab7,css900217.txt,6cd4402231eef7d9b2ca2d0a0656e92a120cf262064f81d1e261f50059d9fd7e,1,grounded_fall_state,exact_stem
9,Walk,Subject.9/Walk/WalkS9.avi,train,0,cams900001.png,3a0092ff2f15ca55734845255dc81c52e83ceb5744eb652c68bcccde640a4778,c015518c0eaf12eca425f48928fd53d1c3c39de3be1309b22006acc7bcdf29f4,cams900001.txt,c4358a8097826365e1333b5186ce09f58f86aafec57b6e39bde252b3e341ec33,0,nofall,exact_stem
9,Walk,Subject.9/Walk/WalkS9.avi,train,1,cams900002.png,cb35ed018aa59942b0ffd94372b3f7757f003a2b8ca3b31a50b05d50d7f542f3,088f185d05c9275c09c0d7504d23d8d34c3ee1e39680644d7052c6b281a14282,cams900002.txt,e67e6171f833fd2c514c1d725b2830f50ae54b50d3a34057b37dbfbc55ef7ed9,0,nofall,exact_stem
9,Walk,Subject.9/Walk/WalkS9.avi,train,2,cams900003.png,80caea369f99aeedc581dfb030400c41d8ea6d23d90b179cb7d8760dddebe407,43bb2a9248808fd67e46ffae4a9dad152b165a3aabfe2fb30ed8c2a6be4e0515,cams900003.txt,2f20644106e250a0c15e78c557395565cc23bdf2325bb0bb6baad69984552daf,0,nofall,exact_stem
9,Walk,Subject.9/Walk/WalkS9.avi,train,3,cams900004.png,ac07ad1766ba14a667c238ed1fd7926b9b269676d84a6438c12da31ebec8791e,de24fe93dc4955174fcade624dd8698e7518881bbb3f2c1cc6807e9513df158b,cams900004.txt,1fa7d49145aedee8985595fcb3f6e863a43ccce2f25bf93b0efc04a7392cda83,0,nofall,exact_stem
9,Walk,Subject.9/Walk/WalkS9.avi,train,4,cams900005.png,770ed74a423317948d1fb926fb0fcbfbe103661192edaa0efe95f77670279acd,27f38ac1455f0aab8f668fe237fd2688c09a716b56506e87b0783c125454a38d,cams900005.txt,d0bc2c1bbaa99fde88051bd10a026a78aa703dac90007d912588aef1c556c6f8,0,nofall,exact_stem
9,Walk,Subject.9/Walk/WalkS9.avi,train,5,cams900006.png,e40cf46b8590af3a797ab2787e989154c5d3ad5916986e0dfe35f338522c8c93,5f3b0cca86fe918c4209ed3ab8524780ea3ddeaeab2d5407fac0f0d419660438,cams900006.txt,6d7359dd032e522c0eef22a893453e9814b57806f10278e99d292b8ad6fba065,0,nofall,exact_stem
9,Walk,Subject.9/Walk/WalkS9.avi,train,6,cams900007.png,ffb6760397b41f5a0ebf729a5b5b55d7fce2e839dec1b4a19cb1285c94dbef62,b5fbc28e90d42c17dc0a0afaad468daa464e2ed1770268226cae86a7072f68da,cams900007.txt,d09b05b6bae0c5cf26e6451ad86e1c8a62dbd8ccdfec613bc3aeeadba5f520a8,0,nofall,exact_stem
9,Walk,Subject.9/Walk/WalkS9.avi,train,7,cams900008.png,3f0054a4b0466a45a74415d97a948922a0cce3bbda0f7c225e5ceaf60db04315,d11c4678160b261051599fdf13849fa02308e8240f2a15d2c4bc7dde78f4669a,cams900008.txt,dfbc04079f3065329e050202ce5c3078315dc82b44185e6ac77d16c5460773f6,0,nofall,exact_stem
9,Walk,Subject.9/Walk/WalkS9.avi,train,8,cams900009.png,10feb817d1d5c4a198921f9ac0e2f9e6c5d0d0f3e5c51924ab0fb1a83543c707,68cf197197a10fcef67bf9a8a009bc511e86fffa8773acf711ab523aa5cf798d,cams900009.txt,d6c1542c8cfecadc3cbd06b0e874e026965d6b0c5964b5e8f65a9ad6e8a9ff2f,0,nofall,exact_stem
9,Walk,Subject.9/Walk/WalkS9.avi,train,9,cams900010.png,6caf696ca13bfda684b487bbc19f89999c29654b00797c1f2b7e25604d40aac5,2ad5a6ee7e47b1cc2e1d11b233cd70a64c57ef8a4f62791f521af48f0ec2214c,cams900010.txt,a13ac2578ef1b816f0d97cc65d9978fc02df712cbc5555cdd17182c5a030fce0,0,nofall,exact_stem
9,Walk,Subject.9/Walk/WalkS9.avi,train,10,cams900011.png,37870d08830496eaec8d6c3832ab4ed3ad9f02730328271079c7575af16b8829,16f1ee9bed8eccb8588353e57b1f64d80901e0644aa16716d08e3dc642523250,cams900011.txt,0ae29bc2841dd70c05bcc02285c19f4ae656329d63b070d3cbc44a617520dc08,0,nofall,exact_stem
9,Walk,Subject.9/Walk/WalkS9.avi,train,11,cams900012.png,86fedab3664432534c2ef659d29082fcb3a36c2528ec6380358128cf4dbc84af,2f014f79b6504f9aca24aa3b287f16049df51609fe92a7a2d0e026fac4c3b921,cams900012.txt,ca4858fa222f26fa932d9bb3aaac3b2c855fd2f8a24b002c2485b8c5fa6703bd,0,nofall,exact_stem
9,Walk,Subject.9/Walk/WalkS9.avi,train,12,cams900013.png,b8feb6bb7df14ba1b2f964e73a5d427e2f9bcc2397d975e0c73789fc1b0d835a,0473af53e3f4b59242bdff9926ac1db7521392b9ea7b24ffc8fecc67fc65ea14,cams900013.txt,4e3773198d3f6adaffa44321682e396247374f8c850a0f221a37202e80885696,0,nofall,exact_stem
9,Walk,Subject.9/Walk/WalkS9.avi,train,13,cams900014.png,7489ec96946f420b1451340a03025d914a55ae963af5773e5c948e3b3b22d20d,aa8bf624caa0632c45d43b291c629fc8b217d5773f1b9e3e71978669e7a1c3df,cams900014.txt,90dcb5b3574df7e442f68fb8a5def3999eaabaa508bc139443437653e26b0819,0,nofall,exact_stem
9,Walk,Subject.9/Walk/WalkS9.avi,train,14,cams900015.png,2ec5c9381cfd5cf023554b181714f8381763c2a44816db96a2a2550221924e46,850ce2f52c37f4f04e0a846ce82dd28ada4086549ddbe81559573879ff0c93ec,cams900015.txt,a40ef6acfcdb4acd4ba3cde9c1cc0bdd19b0cbe319a4effd90addda48cf2ac85,0,nofall,exact_stem
9,Walk,Subject.9/Walk/WalkS9.avi,train,15,cams900016.png,7e7338d7f6b14867ae0f6a025435f63b17d3d3bd04b93e26c377c80a426b43fb,4240ceb966d823b51791a2aefba0378d09db00e98b29800e3525b82bc1de6842,cams900016.txt,e0efd4ed5f86d09988e825578366e6104e69961b2ae602d297cf58d8b9e80c52,0,nofall,exact_stem
9,Walk,Subject.9/Walk/WalkS9.avi,train,16,cams900017.png,a2f50bb46cc5194c9314376c943280eaa998989ffb3fa679576ee54d1806063b,438f2ceb192999815a27fe15e3c37e266aa95c4753946285cd1dcd19e348fb24,cams900017.txt,8ad8d9430bc9ce44cb8f1656a459cc8a9221f7acabc448a0778f1d5795a44b2b,0,nofall,exact_stem
9,Walk,Subject.9/Walk/WalkS9.avi,train,17,cams900018.png,57600a2b1dfabe7a6bb4873e9b28810e11f4cfe386c61097d8542207cef860f6,eac556e7ffb10cdc2ebb2f0e8bcd7a16e0a2f2e3588c0a3fcf1169d6865cf10d,cams900018.txt,38d79ff12a1be6965aebe47119027497ef5881e5939b49da771a90c79b72aad2,0,nofall,exact_stem
9,Walk,Subject.9/Walk/WalkS9.avi,train,18,cams900019.png,fe678b11480c6c586b1e9957fdac64c33433e26266bf62ddf5f3faf2306ca4b1,ff542465e64492aa38edd295296ab4f6dcbdc58d180e7d29445c3c7ce6ff2df5,cams900019.txt,9ea23f2bb4c6b2d8830dc180d691d5fc5982121cb444779275db53ee0b285d28,0,nofall,exact_stem
9,Walk,Subject.9/Walk/WalkS9.avi,train,19,cams900020.png,7422fa2f2dd4d0883820b5a091464e3f00991524cac7d040bf7ead5ebc06d6c3,7a78aa041bc5d3222a59e1673343f55b5cb087d349155242c492855935f3cfe1,cams900020.txt,30a97f36275e3d082fb98dba83ac6468ebb2f8bb562e8ea159fc485190467e46,0,nofall,exact_stem
9,Walk,Subject.9/Walk/WalkS9.avi,train,20,cams900021.png,629cefa06c104820bf93547c34229cf34a82ef2136e7f951d8aa95d8ec12d92c,05f2266afc067d49db5782a91dd5785c06dc4ea0a115edef17936509b63634fe,cams900021.txt,fbc9794454b9dcbda35336c8c104db400803b5138f9fedf80ae5c7f2a2c00faa,0,nofall,exact_stem
9,Walk,Subject.9/Walk/WalkS9.avi,train,21,cams900022.png,eb08d5d6d27cdb7cc2ed239a09c204f38140a9b5e52189f491f05f4d7ba7bb3e,2fad8cbe8d2defe779153881fd4a23714571d04d6d47105450fb1d5868b1f139,cams900022.txt,bb9b4b67bdfa0704d27e8cf3c648f7805f7fa4aadcf7d04f1101b81c13138dd4,0,nofall,exact_stem
9,Walk,Subject.9/Walk/WalkS9.avi,train,22,cams900023.png,7c44ecea5e8b71d9c56ebe515f6e2e7f1c9237d9ec286d979ffe0d62e0454127,1c19a387064d9b4136cf122dcd9f2d43fe3a672ef7aa926f72a3c356a2aed498,cams900023.txt,aafbd3359edc822eb5c37985aef4e406a43c8f0a642b9c54aebfe4e33a1622b1,0,nofall,exact_stem
9,Walk,Subject.9/Walk/WalkS9.avi,train,23,cams900024.png,5ae4e425fd0dcd5ff00b551e90ba40eab656c6e60cce5ae94c84c75b81ce31ff,a112823fe8a6040d2e93cc25708553fa24dc492b1a85fab3286d56fa4269c9b8,cams900024.txt,8e8d7a89614ee3db2d88ae0e053a18c0fc65db90ac12d1d969818cc4312aebef,0,nofall,exact_stem
9,Walk,Subject.9/Walk/WalkS9.avi,train,24,cams900025.png,93733da8d52774342ca7b1bf82f0bfe6aca7af108981cdca69a681610c3d5a7e,ef1e4281cf317a1476f22a95142c65d83cc28f4a6b69d4cbb091fda929946dc7,cams900025.txt,33fb25ec84abcb9477754e2f6a2af930a0ac2de53965f44b2cc508fcc2cf8916,0,nofall,exact_stem
9,Walk,Subject.9/Walk/WalkS9.avi,train,25,cams900026.png,36c4002555de8bdb0802812b2163622c7fb083c8fcb6b3955f5eb0426dd6d930,ff8a0ef79fdd14b5ac671ef5873b2f5e856028c768b19ddbd3d22bed5c553e03,cams900026.txt,43ae9b2fe3cf4a0bcd54a2001cd8f0f90e9da261b8698a1ba4f8d5ed9173534c,0,nofall,exact_stem
9,Walk,Subject.9/Walk/WalkS9.avi,train,26,cams900027.png,9008e073b40c58cd44cd27e93314cc8c5f0a012a03623d4b35d7dc8d25ea669c,deccbed7b279f38c098bdbe8a79367d9d7725c545fb6ccfded03c30bd768215a,cams900027.txt,bae89ef204610521843d85f81f5a7d59f1f3e84a8cc9dfeb32a117564afe8b7d,0,nofall,exact_stem
9,Walk,Subject.9/Walk/WalkS9.avi,train,27,cams900028.png,0baa642501a006d06beb82bb7defc7e2c01669ea292373e72fc47ef6c6457a30,737e1a9cbeb6be8979a6cb1bf5a4210f0a6b5bf2b874a6418e617ee2ef4094b8,cams900028.txt,127d96122e471527306641617bf8b8e1c92b0d33a54bf1e89a3dfb890d0d6571,0,nofall,exact_stem
9,Walk,Subject.9/Walk/WalkS9.avi,train,28,cams900029.png,230b47b07cf5196567991b0b236763d293169726c5c225ad24658d4d52cf7b95,ae1896175b4cc72f2977f7726747dbaeed2e12ed3dd3dff4c8952fa194b7fb7a,cams900029.txt,24e014d0c1d1b6b51fba502f12458c11b500e60143e62cc74b547802130e16c4,0,nofall,exact_stem
9,Walk,Subject.9/Walk/WalkS9.avi,train,29,cams900030.png,594b932c8d79a43c032a24bcddf8758717dfd21bad16e22f9097905ed683cccc,ce92401456519647f1c47bf911b8c7fa062eacd53037efa282945f489b71e849,cams900030.txt,9ba95bd557819b5066e47a1a0991b9882f33abd00ce1c8528cda66be0cf3103d,0,nofall,exact_stem
9,Walk,Subject.9/Walk/WalkS9.avi,train,30,cams900031.png,6e57181fbb5929bd1469b92ef4b27633d0825f722ff5a7670aef51875771b4fa,da7ed7d401053d0993a858312289a9b1eee520f574a22abf9b7020a3e5f19e46,cams900031.txt,bcc1366b08cdb227f60609ded5c84ae7fee47562e0699e5c5b89fe94275fa1c8,0,nofall,exact_stem
9,Walk,Subject.9/Walk/WalkS9.avi,train,31,cams900032.png,1e20dd10610c3233a6eae071a2ae60e980561381245ffc044d8e893c6b150a10,866b174fdc3f05cb2f567477e12567d2c8e1a41d2c6860e597e5e6198d3a93d2,cams900032.txt,2111c493f1435f66f184507fb8d26ffda37cd3bcf55f1327d1dee64f64d82b92,0,nofall,exact_stem
9,Walk,Subject.9/Walk/WalkS9.avi,train,32,cams900033.png,defb3fbe703a8e1ab56268fab3fdb17fe0498b919aa2e5ad8522eb835a638921,7cabe710fc63ea759a17a14f4c2f94255bdb76825a067a906de87dd4702e66b3,cams900033.txt,9a06d3bafb2cca782638e65ef69bf15f06dd6e69f0807090d4a9039d561abb01,0,nofall,exact_stem
9,Walk,Subject.9/Walk/WalkS9.avi,train,33,cams900034.png,0ce7a41d2c43cc7d32b7292c3c970f0ffdabd98ba2e8fbe993477282ff6fb77e,6a02ad03c4ad53a0c4015c542a04dd5f917ac08c9c81c59ba670930088ee8c8a,cams900034.txt,8538b39f2e695b65d3a88dc1f9231c98bcb77df0a6429a52a460127f128b4194,0,nofall,exact_stem
9,Walk,Subject.9/Walk/WalkS9.avi,train,34,cams900035.png,a129002b9e09c384fe307046deb9df572b0225861b7334598855e0ca63cd2073,bb51b17bdb8f44933ab484ffa608fb1ba5693656c043d3803b1feca531774a6b,cams900035.txt,ef76f7916f3884dec01acba1f97140332cc8ed422c4e192560fb7122822d8e31,0,nofall,exact_stem
9,Walk,Subject.9/Walk/WalkS9.avi,train,35,cams900036.png,c5736b40c7ad4d1a21b5be73fc47587dc236b2b78e42b315243aba630de13700,1b40903df44f4673fda2ecef89d6e0731e4cfa056f5b0532069f2fe8bbb82bc2,cams900036.txt,d3a1a533bfdadedd171463a9506f371360bbe2a61bd3d539af8a853454a4dd30,0,nofall,exact_stem
9,Walk,Subject.9/Walk/WalkS9.avi,train,36,cams900037.png,116e0040d391b0fb70b227c7eb87b27fbd6e0463772f4f5aaabd0354a7a95266,6fb1d8983b3125cd13aa7b40dbff04d81f0a71e26adf3da976dfa6476459b2b9,cams900037.txt,e9026a44bbef2c99ea59ec0289f090fe3e0a539a6d4d44cc64df0dbf7d01c840,0,nofall,exact_stem
9,Walk,Subject.9/Walk/WalkS9.avi,train,37,cams900038.png,0b726b2a4b93be8a58865a37b98f4799712dbd07becdc981b7ebf395b7945cd3,e21b0b8725f99c3044992aafe2d506434a43d43765192a74cd40bebc63195c5f,cams900038.txt,604bdb28bfc6443a012f9dd90c6c72d99588032ec9e5160411299d29508a266e,0,nofall,exact_stem
9,Walk,Subject.9/Walk/WalkS9.avi,train,38,cams900039.png,0247096be3076dc4123ee57ba308325dcf7d72bda13a804cb864414529e36493,ba473522cea76bc7c333d427f8b47979a62267957b2570b16abec57b9dc132fe,cams900039.txt,5369064596a84dab566719b2c7782a69630596ec9fa9120631e333843c83c4a6,0,nofall,exact_stem
9,Walk,Subject.9/Walk/WalkS9.avi,train,39,cams900040.png,ff065fe4c7ff79e1497141d4238ba3d945b1b5aadb6f43fd26ad9855a24dbc9c,ac5c535db3dac02b3e8e681c68357028c4a99d1134da52bc3b6b91f6eff817c8,cams900040.txt,6a27a1ebf4f7a3360e09a98247a4fb83d5623f02158583ae2309bab17b5fb697,0,nofall,exact_stem
9,Walk,Subject.9/Walk/WalkS9.avi,train,40,cams900041.png,9c383ad729760da1efed3bad245c035d985aad0d85f4ca0bdd93c8df2d64c556,a767ba3e9bd7c74eb85fc23b3caeaa3f0409002ccadbf1ca07f78b6f51ffc1f3,cams900041.txt,3c8b0d0c34a4bd2407a5baebdd477da65a8a8792775f3f729bc2e4fe279f5e4a,0,nofall,exact_stem
9,Walk,Subject.9/Walk/WalkS9.avi,train,41,cams900042.png,889b96141434b49684fa063a887764e2873ebe95399f2fcfd83daa174f575446,cb5664a9528f722be810311a513d76faf982fcbc5f37d8e699062dfdf89e0d1d,cams900042.txt,c1c4f9e178d56c973e2d53e55261e5905e0bbbe27c0d3aa5cd21189a7bd01f05,0,nofall,exact_stem
9,Walk,Subject.9/Walk/WalkS9.avi,train,42,cams900043.png,8df3b20b2fb87a94a0b2d760a6405a1eae76bdaa43fd4b47788feac2ea0c69c1,998f59854ba95ddace625150b48b8942963c700ea57fad00eeda060b33e82e03,cams900043.txt,4712c289359712eb962eea3d3f2153c32a3c70c9ea3ea1d098c3ea81bb6bb637,0,nofall,exact_stem
9,Walk,Subject.9/Walk/WalkS9.avi,train,43,cams900044.png,6206e66a22db56dcb70614d8863081320d8529166dedab9dfd31e1a0a79234a3,ed65cc6b794bcd3bed38a446dc11fc4ba51e439af95052643047fa1262202471,cams900044.txt,d8837222f3ac5b11d53958a4333267de25df26477374439cb4ff74237aaebc98,0,nofall,exact_stem
9,Walk,Subject.9/Walk/WalkS9.avi,train,44,cams900045.png,7d56a4a303d9891b6b316db26be7dc0f4d9b902cdd6750750512a167600406e0,ee64d5d351a3a1d3f3a1c45c286b9204b5748d07fc98dc6c855ca3728edc9184,cams900045.txt,21960f54c649d0bf9bfeb1d36109bb3c959468488a0598ae611a084293506739,0,nofall,exact_stem
9,Walk,Subject.9/Walk/WalkS9.avi,train,45,cams900046.png,6b5e2930ab6e27a401a3eea91560cc757b560eed701fb98d987b9fd63bfa4144,77a5b3f2558ce3874f38db41bf8e2361c53fc404531e43fd82745bcc2c84534f,cams900046.txt,d7fa91db414d240e6dd83c537fce06a1b96b01ea918fb50709325d636e4a60fd,0,nofall,exact_stem
9,Walk,Subject.9/Walk/WalkS9.avi,train,46,cams900047.png,6b7bb64b52c7209262edf5aae8d4f8db9b8ec37a19a507f4ac23ff42ec3f0884,83fa0c58ef2b91031a77081ad3560f99220e72a4ba19eae0c8f93ee377b14b30,cams900047.txt,657040fbd5daceccd1e7dd03931797a53fcd03b83f8f8a5164a9263b6f30a3cf,0,nofall,exact_stem
9,Walk,Subject.9/Walk/WalkS9.avi,train,47,cams900048.png,ff6fddb01bff26a425e319604bc5cb6d250f708d4e0defdfee883dd7d87fd8a8,cdb216f8ffb8bad7c278287371ce0a3a4a039157b4fa30c1cd1441fd197d4319,cams900048.txt,d35e362941d4a55b25de830cb6ef6b1c6d2b208ff25aeace0435426aa3d76c6e,0,nofall,exact_stem
9,Walk,Subject.9/Walk/WalkS9.avi,train,48,cams900049.png,0fb07a655d2938263bc86743c64354021b9a8cfde111b830ceea4539b3099563,b4816ae981188a7e4dc0a64cf6321e2ec52fb0479656619ba56e1ad60c0a1553,cams900049.txt,ad4e0d052f364cabe0dee77e04fbd345713708dd2976895e1aac73b5cb7c12a8,0,nofall,exact_stem
9,Walk,Subject.9/Walk/WalkS9.avi,train,49,cams900050.png,f2da3a544ec3901a26d0bb1ba78e66a3f646334168ab0f9310661370d8f95f37,f2448f46c8538b83894d60be63e109bfa8ce9b7eea21799024a940d53dadb4a5,cams900050.txt,679ee4297180afed4de347b1fd5752baa26e55e4dca7a0b2d02c90bd14d5f3ea,0,nofall,exact_stem
9,Walk,Subject.9/Walk/WalkS9.avi,train,50,cams900051.png,191b86dc5273e0d0cee1b1876cc042d6a370f47ef998cdace5708668bff5e9f0,1bc94d2b59dcd75fe1aa6fd375141a4fc53a5978e9951fa49277523b3c031cc2,cams900051.txt,a21f1b963611bab2399cf7aa092e2a87256d3a621a6051e209e82839d4caa20a,0,nofall,exact_stem
9,Walk,Subject.9/Walk/WalkS9.avi,train,51,cams900052.png,ac33ff7a470e83ab03c18c8056493e8580d88ad77c63f89a139454eb8a1b1e52,52a0c1c647610fdbaa5265e0a9e469a4b6235d40610fcb526656d3c7751170b1,cams900052.txt,579f67554980a46167a8000e6a15ef9507be70e219265ce5f514652fbe42eed4,0,nofall,exact_stem
9,Walk,Subject.9/Walk/WalkS9.avi,train,52,cams900053.png,b95724b9d5194faecde1ae3aaeb337650c8f0fd82e093c0ee49e661966e325b9,61c0249dc7d4c1a1edf83de97d8d19ad5c5004e66812848c57d708c8eb200802,cams900053.txt,409e034706ada159b7fd799f22ba24073b148e3aa9c209b9e2655f3d26b88d1e,0,nofall,exact_stem
9,Walk,Subject.9/Walk/WalkS9.avi,train,53,cams900054.png,885cb955abefc1fb5128add7a96b0648d621acdc13427fa4427cd6a5e971f83b,71a0543df1849e31b9cfe603e34999e3106a83978bc410b0ba58491a678a280d,cams900054.txt,117fecf05aadcda0093b74d309af029fc88133d5e639e968ac46960f2fbbe1d2,0,nofall,exact_stem
9,Walk,Subject.9/Walk/WalkS9.avi,train,54,cams900055.png,3dbae09815d00cec9dca3717ce6bf0ddd1cd5354d4f34c5215893942b00b8bd3,46ad28838fa3bf20e9f967bbf22a8840ba3a08252d9c030ae22a680efb432159,cams900055.txt,4a2107c5a42d0dd1f009c1e750085f41a30de7f7306450c8b1f1b65651a60402,0,nofall,exact_stem
9,Walk,Subject.9/Walk/WalkS9.avi,train,55,cams900056.png,4b705ae7fbbd4c6a71b7217617bec290b74aa6eaca35de04f1c34a8817b9f083,00c63ff30dea8cd57b9efe12d98c9f5bf07a93d8f13e9ff6fecb1f41b8755710,cams900056.txt,71d1a98761d4d01832786c262ba1fcdaa246b4f631ad23ea28661a66c820b6db,0,nofall,exact_stem
9,Walk,Subject.9/Walk/WalkS9.avi,train,56,cams900057.png,1a927f95a8525dad0186188593054d406043c79311ed513d1f93e0639a5f5311,f2d3e212696aa6ec5f0a5cb0413596ce0e2425e30ac4a3a87294465e7193d192,cams900057.txt,f54bc2fc5287f4f448ac7dff1a7f2d70a85e368f995f24bc8518dddaf594a5aa,0,nofall,exact_stem
9,Walk,Subject.9/Walk/WalkS9.avi,train,57,cams900058.png,1d66e2bd8b6cda50c945ba29e5b702a5e58a630a8a5f619330747b497ef740a3,92dfb950d09678f757eb7c464c63460931f49d6135540f9822876234c70cde61,cams900058.txt,7468b2f8b690b1721bec1a428fbc4c226002b17447a5c2afce8ecd85a797efc4,0,nofall,exact_stem
9,Walk,Subject.9/Walk/WalkS9.avi,train,58,cams900059.png,47d78a9169699a670e403a0f471c31459e6d76e1bc9583601fc8e7109081c914,004a85b31a6a66a674abf18cb44717b2b90027c7d39f1cebde06d0dbfca949a2,cams900059.txt,607a0298d914ec119806d79b2c74003a00eae47d3d9da60dbd2d311a91f96f78,0,nofall,exact_stem
9,Walk,Subject.9/Walk/WalkS9.avi,train,59,cams900060.png,f01ded3847fa543e40e2d5b1efa206cceb52921c09750dff8cd2163259958b01,1c146786e9eba2bb46979ce83b451b39a8090f29cdb02d6cd644bf41d0b56a41,cams900060.txt,b9292e282c599541abd37004010c3e42ba3c3e270a9d5c5b36bbe75682500251,0,nofall,exact_stem
9,Walk,Subject.9/Walk/WalkS9.avi,train,60,cams900061.png,427fc6f642f494e3d30f962a15359b5e81e350a9addac676d21edfa621f4c1a9,90b9918f918d467acd87f77721c8f99f4ddae0fc670f56f03d2a4b314c330f6b,cams900061.txt,1d36c80d8c7bdee6b296309a9544b682ef3037b5c7ba2bbbfdb07c0ce794f7c0,0,nofall,exact_stem
9,Walk,Subject.9/Walk/WalkS9.avi,train,61,cams900062.png,2a853193bab57d02647690a01854b61a04b595db5434d8760ac2feb0b6287c9e,48b851671e2caf9b16466e9127a3ba1c5eee518276cf51aa92f0bab0bfebe45b,cams900062.txt,f900e23a11df9704f4481714a97920414e214b88840af428f1a428d339718167,0,nofall,exact_stem
9,Walk,Subject.9/Walk/WalkS9.avi,train,62,cams900063.png,071d3bad13df324b8e51e0f980c35b354d75d123fd54c30531994f5e53048271,ac791e7f4050eb55eeb682b64e6e698d4e98fb7172e26506ab7d2c3018bdec40,cams900063.txt,c71817a4075fc9d6f3973925aea8660d9cf2969044348c28aa7f0b2acb3d69cd,0,nofall,exact_stem
9,Walk,Subject.9/Walk/WalkS9.avi,train,63,cams900064.png,9f270f5a567fe3c4bfe1f692e4d3123b3d5188ef4648279ce78192221254a255,11c1433ff0ba8ae1d83f70f789784de888141b2e6a0c0a0fee270ec81f2e6173,cams900064.txt,33e153248bc1028a31442b3be433e8471081f8ff7d996aac8129456f80b616ad,0,nofall,exact_stem
9,Walk,Subject.9/Walk/WalkS9.avi,train,64,cams900065.png,51c622324244c2f5fb11b096ff7e76dc45374fdc55f4a224896f32f7e56eb491,9ed75eb06fa2ae194d26ed4b7442dbaf988a06c931a36bb7d2110b5a2b22d273,cams900065.txt,d12b61bf32cb6b1e197b2f48ee38058f3572dadbbaf130f4c26953b6872f7b08,0,nofall,exact_stem
9,Walk,Subject.9/Walk/WalkS9.avi,train,65,cams900066.png,010e84405cee3547b2499e74b16cbcb5ce6af7ddd07bc6e8f6b2a942c65446aa,8ba4d5d3c9b0af9e5cf39db48bc4250cf5383aae9b32a25dd0bb2872b4c8a749,cams900066.txt,3615326feac523f98f8656eb911288fcc6e5da710bb54bd0406e90bb68e7da15,0,nofall,exact_stem
9,Walk,Subject.9/Walk/WalkS9.avi,train,66,cams900067.png,5a4050275fc2f6760251cb5d8fb1272ed5da6cc0e7435a7c9167a98d0cfa90cd,146cfe19b69330877c137d1a3e6267488997a77db3c1669f69cbf517bed09b6f,cams900067.txt,a18efac282f0e776d480aa5e60c961ef3327cd1f31841c6e43a9f295481f7a0b,0,nofall,exact_stem
9,Walk,Subject.9/Walk/WalkS9.avi,train,67,cams900068.png,39082833c7b47b8220acfcc33ecc3fe03747fd99e378e5975a076c55e90d015f,889a0bb9eec3db8ad905dfeecb23008e20fa10a1557c980a6a0754b27caa55d4,cams900068.txt,a614640f4782a54736ef84de6b3277bec3296e5ee5390195b74d333d2e7e052a,0,nofall,exact_stem
9,Walk,Subject.9/Walk/WalkS9.avi,train,68,cams900069.png,216eae898a84b0870c205464e5423348be70c1edea7616c4db6b7f26f8375cce,7726ce7769b2a0ceb2d63e704ccc0f6138b769cd4267a01e4a261766a37b840c,cams900069.txt,a4f328d73f4e57f989d0c9a468f2ba8a6c3e3ae8368cf0c0e8aa8448005879dd,0,nofall,exact_stem
9,Walk,Subject.9/Walk/WalkS9.avi,train,69,cams900070.png,9ef74e3f8836ecbf040da3c2a15c561ab0e0a195a9d798b0bf2d06fdff3ffc6e,9872282d4bcfef3383b0869f5648cf97525a8700a0f0c818b3385e9b1ea79185,cams900070.txt,1d29e16a56ac2e0cc1ebe907ec6983f3e2ef9a4329e45ef7d59cf3af1626f507,0,nofall,exact_stem
9,Walk,Subject.9/Walk/WalkS9.avi,train,70,cams900071.png,f55f0c481d8a1c281dc810092606dbd073fd56f4d67b81d5eaa1380282b48da8,8c25fd33056cd28729baf6ac6bd830ca039cc50888016f9e664e2e3d7b9ff651,cams900071.txt,a30b68593d80dbd6b31e992dc8d1a926d1e4a561aa3abdc52ad5d4a3bc8856ab,0,nofall,exact_stem
9,Walk,Subject.9/Walk/WalkS9.avi,train,71,cams900072.png,30655b9924cdc2bbf2a7c57266c267303719e73eaf7693d8b91c688572c00d08,0989ba92f377002751a10742f56d9164197a6dffd78b96972bab35e9da74b7ad,cams900072.txt,6207b9dd304eca2a6f2704484aabad8ad9e977b47165028894a62a1ca50ff631,0,nofall,exact_stem
9,Walk,Subject.9/Walk/WalkS9.avi,train,72,cams900073.png,90f345731db5d7071294d875ddcb6fb201b5f1dbbc17c0516cdd1ef9f98b9529,794e9f148a387283c89fdb9c67e738c72b68fcea3c8d705d4580b49ef1e6cc6d,cams900073.txt,3dea8348c7f4ec20a6b0781fcc5381fdf3556957fef4fb68e27f8b4e70faa8c2,0,nofall,exact_stem
9,Walk,Subject.9/Walk/WalkS9.avi,train,73,cams900074.png,534f3ec60449402e6a166d4bdd20263dc19f93410627f07a8051702945c57b59,d295ad63e596119345bd6451dc0db436f9c541fe64adb06cd01afc23ef8d2be5,cams900074.txt,51a0a905f351ecee7440ddb5826f7dee0949154734855c5712bbb4639df6ab6c,0,nofall,exact_stem
9,Walk,Subject.9/Walk/WalkS9.avi,train,74,cams900075.png,ad26547a4e841cacec64160d3d33226159b594857f36a6abb10787e1570cfec5,e3776057a4375131c16147670e5b7aa7ba3b907d7e4690264a58da2dc4e47c29,cams900075.txt,d1046a62bd5a56e01ba7946ac66760fffdfde443db55b963641fecf4ff72ac34,0,nofall,exact_stem
9,Walk,Subject.9/Walk/WalkS9.avi,train,75,cams900076.png,f5bec4d71cc886431bcf3933d9b1ee6dac6535e40a604246bfc4a6be0db7728a,37f88ca37ff351f19a3f08183bd175d3af8ee0f844847632c64175450d683971,cams900076.txt,1d91e8e92c5a81fc26b09705b3bb62d62e836662d8b89e6e504d55c46165a8f5,0,nofall,exact_stem
9,Walk,Subject.9/Walk/WalkS9.avi,train,76,cams900077.png,afb5d58cd3683327d5eb10b2792dee71d12abb2c16b7a93bf7d0937902482a0a,675abb6967e838a8d2446954e7107dd8ece333beae4da31add858ccc553de8e1,cams900077.txt,4b999571e98d4f168c3968010a05e6e22dc92b1b788adc8127947fc26d3f2eef,0,nofall,exact_stem
9,Walk,Subject.9/Walk/WalkS9.avi,train,77,cams900078.png,e007d6a64e74927ff4f4a3123ae06431b16424a26c3f7383a691d365cc38152e,c07895c6598f46f75a29bdaf80486b678eacabc95a00819d33ea554438dca313,cams900078.txt,945912321007f438c797fdf9dfe93b95d4067fb29538f7b2f52990618152a839,0,nofall,exact_stem
9,Walk,Subject.9/Walk/WalkS9.avi,train,78,cams900079.png,12ff83121c297bf726b3bd85f4b56282c10b56faac30fc1064cb74d6d514e5b9,32709046c50d917c04e425f5b2a231c94aec78eba16f30aa4fd74658a82335e2,cams900079.txt,8bd3177e530c44fb026cb438c3c50a8ab1d8027f2a7ed57d7a21d6e65f4ee82c,0,nofall,exact_stem
9,Walk,Subject.9/Walk/WalkS9.avi,train,79,cams900080.png,419e671654d161e87a5ff456fc0556dfb9c07060a3d76ee29d6080ac4bf37d47,adcb34e637de77baa4315d4aea39edc91815d257ad63ab4e6df9ab4ccc4412a0,cams900080.txt,de1f31a4a8cda54cc7cd17ee6062f844acbc8a507dc5d090117bb5a998a5c40b,0,nofall,exact_stem
9,Walk,Subject.9/Walk/WalkS9.avi,train,80,cams900081.png,75293fbfb9e16faca9be6883d10f27b1c904485fb4955e6a57b9801dce1a0166,1fde83505fbe101315fb8fff6cab0b255121bfe17bca2d6e70fd0e2a524f4204,cams900081.txt,d5a95f623c1a8020931b2dbcdfc9f54944928c6644c1a4dfd5ec82f9e00b5467,0,nofall,exact_stem
9,Walk,Subject.9/Walk/WalkS9.avi,train,81,cams900082.png,a58fa447f0f574d78984b4691cdf65657204942450b91a2393142bc957548133,bb0a121bee361631bbfa2b3b3cebf362a9a53ed092822cd60126ee9e76c755b7,cams900082.txt,5f18906a2e9877686fe6eb8802957074690a08629a37345b08b3995ceccd57db,0,nofall,exact_stem
9,Walk,Subject.9/Walk/WalkS9.avi,train,82,cams900083.png,8b4525fec5fe2c313c08e0fff864d50ee5cd0cae071b40e0b61c91906a9c24e5,6a1cd863e9a00c4e4bb938891e4891ab0aec0da19fcebb610eafb3008e10d6e3,cams900083.txt,120760757f55791e77aec10e611fb9329fbb054f150463ba1075fff5a4a492a8,0,nofall,exact_stem
9,Walk,Subject.9/Walk/WalkS9.avi,train,83,cams900084.png,9991ee62881934cce4a0f03de8bbdfbec6fd9217a493989264602c5363dd0ac0,e3f69843d9970916733efbb6a771b807e90002f5d314871dfb37c6993376915c,cams900084.txt,8ce722ffa91b4753770f366321d0b51ef6db7a533d37df37c1afdff681d6cdf7,0,nofall,exact_stem
9,Walk,Subject.9/Walk/WalkS9.avi,train,84,cams900085.png,893a4be03d1a57fc6bb09bb21b51378dc5abb7ceab41cbcfd956f997dac59c8b,d6cdfcd0dd1836db9f7ff7fa742b8aba7649b5bb72c84b4d179344a870d16062,cams900085.txt,9119762be7efd7c07e1ccc7cb12460530b6d4b11afbc106396f5096319a84455,0,nofall,exact_stem
9,Walk,Subject.9/Walk/WalkS9.avi,train,85,cams900086.png,1ec85df0e425ea90b2b71a204b4f198961c3566fec67328e8c5746ceca6f02d8,15eeb9aec36ec14498245e82a7fde44a25404ed01dc567d012be7b6249948660,cams900086.txt,55a9ea5ec701f0fddf3871348229b9d0fc58630f4cb4351cfdc247591b5f85a4,0,nofall,exact_stem
9,Walk,Subject.9/Walk/WalkS9.avi,train,86,cams900087.png,9a41693a7ff790835909cffdf519cabedd1ebd660c7c7011d8fcea26036e38b9,3b45b8e9e45862d5af55d964e6995dfa33b7bea111cdbeb7850891d5e532570d,cams900087.txt,c586cb126e26cb9a01eb390ca75697a0eecc0c81e349a94e803ea6f85eb7a5a5,0,nofall,exact_stem
9,Walk,Subject.9/Walk/WalkS9.avi,train,87,cams900088.png,b88479c6ad6d48c76a82130a380e1b23a3cbea0e5251d236534911af1beda572,d8f1a26a84800f0754da53804699793fbe73c5f5da4d01e410b1c6e7f1fb18d3,cams900088.txt,946adc7da373049bf22414c2e237068bdee19799f48ff4f41cb0143718a8839d,0,nofall,exact_stem
9,Walk,Subject.9/Walk/WalkS9.avi,train,88,cams900089.png,6a6402073e959f2eec6b9d66752e0510a984d9f7b702fadf3e733d0e0938af4d,fcf5e998c9aafe97fb55873dc66c0441446f22ec277f5135efde5de4fcf80b15,cams900089.txt,c0ddefea2766f8d389b71fd53d151617fe3e8ae9b372875c768bfd24310f23a1,0,nofall,exact_stem
9,Walk,Subject.9/Walk/WalkS9.avi,train,89,cams900090.png,d98837b1742fd384e62ebfd9a1623ab5073f2d3f5f1965c8b8adabaa19261bd4,faa2ae1eaa7c41d97da9587869599c19f5f5540208c6b5e44a29d235fd8cc1a7,cams900090.txt,7867f8275f350f9f94726661b8f97014f2746230f527eee35afa6caeec6f65e8,0,nofall,exact_stem
9,Walk,Subject.9/Walk/WalkS9.avi,train,90,cams900091.png,d498a6319d33659f6ef085cbb5d12096f5dadc672a27233e129b358c723a25e0,bc503595e37546fff9d0d54659d28003907a9abb48b5086853d07bb03443caf5,cams900091.txt,07adf2f68bc512d0bb88c36c1b801eb63804fbc105d1f582ed1f9d1cf2ca01d2,0,nofall,exact_stem
9,Walk,Subject.9/Walk/WalkS9.avi,train,91,cams900092.png,48ec461cef8cf691607ad7cd1b30f0837c25fcf81b2dda4eac727575bde2b663,1dc68244bc6fba1d7075e23f110bae46cf6ffb9e047a9bbbfac28ae124893b7d,cams900092.txt,e0b527cf541a86b6d7ca587d2aa7d46d2732a3f1b3cc393ee38b0772362c02dc,0,nofall,exact_stem
9,Walk,Subject.9/Walk/WalkS9.avi,train,92,cams900093.png,8481de0c585604e6d9e12b155181ff98f712024bb726a635e935e4186bbe94ac,74394a29fd386fa39092642be9011380058b8d182b0022c3e747a14f154766bd,cams900093.txt,07de1913bcbd45eb9c32a3db05e75b04edc2c666fa9d3da6f78467e36007b3fa,0,nofall,exact_stem
9,Walk,Subject.9/Walk/WalkS9.avi,train,93,cams900094.png,b9b89a202f2dcf28d3bbf3f99365fa6efd355b25d8574b893182fcfe71ca7e6b,b50cf91bb1f51c2a5823870cbd3c810ebc98023a17e9ac32e5c0a284d35a3ce3,cams900094.txt,b6a58a97ea5f99b26d64ccf8c4ae5a5ca0bca69d720e6f37f6f7f1354fb55079,0,nofall,exact_stem
9,Walk,Subject.9/Walk/WalkS9.avi,train,94,cams900095.png,72e680d6de252a1e8e37312f19c4268aef26975f8622635ba2793ccbf30475e0,fd25c6df225aeba2d3b24e10f5f27a210eefdc54c07b9269b2c54a953f8ec334,cams900095.txt,126e3a656a09549e4eba0c06bf31f303cb200402d0f5492c800320d5eef54212,0,nofall,exact_stem
9,Walk,Subject.9/Walk/WalkS9.avi,train,95,cams900096.png,658dda0c1c30078d81b0d24b9fa85de3e23308fa39cc16e4ce8cca64e362c68b,35a139f956e839872b6738fc10bfaa4dcdc0b2567c502dc3f873da95706cff17,cams900096.txt,7e645370744fb169b1169c7567fac3cb69c05c080401e59f76221f7af24ea3e4,0,nofall,exact_stem
9,Walk,Subject.9/Walk/WalkS9.avi,train,96,cams900097.png,0f2c62ed6a4c10f141852ffa985c3033b3c78dbf342ab1629d0591a054567e87,06b5f8cd9238549e9812e47812994a71904843c2ab95be7ba5b370c9931ae937,cams900097.txt,f03cb61af744d9e2251418449c68cfd263a2a1d240d5dcba1d0da732f978953f,0,nofall,exact_stem
9,Walk,Subject.9/Walk/WalkS9.avi,train,97,cams900098.png,05faf3a1962af89d3ad12d8eafbc05c7f599cbbd8ae9c40aad9e9e07119b6e7c,8dcb8c523cac9f850bb4aa3cbead22c3e5abb16939f01d5cb32c7941cdfa75ed,cams900098.txt,038676414322c655a6b66be76f4d96e0e4059c44404aa4961199557816ae2465,0,nofall,exact_stem
9,Walk,Subject.9/Walk/WalkS9.avi,train,98,cams900099.png,eaaf50db59d02d03f8dc1388ea672389935a59d5b2223db9458a019f5ed56d59,c0272f5935619a8c57a9c4caa3e3842495a54c141da2c41095c743ef2fe4a8c7,cams900099.txt,233753b8ee382db9094af5e4f53b942fcfc0adea0878ad8b7497c817e601e93a,0,nofall,exact_stem
9,Walk,Subject.9/Walk/WalkS9.avi,train,99,cams900100.png,a78462402d803682aecc76d4a0f2347b2c13692ef37667f6777cf9f7f1bad7c6,fe29046e6cc47034726a51c3a149ace25028381563813a14ea957af28881a0af,cams900100.txt,675be0c139912a3500fa1c293e997f2bb60a23dc5ece73d36c09b414b69ffaa5,0,nofall,exact_stem
9,Walk,Subject.9/Walk/WalkS9.avi,train,100,cams900101.png,c8e9f9e80aaa02913ff06a32e429b0073668b0d604e6a851df7601c74aafa59f,dfba2aacc88c978f59244d37e9196735c177a8151e30deaf25ae81a288a0c329,cams900101.txt,e08e6b7a56d517c26b2665bbbc1b32af071461d4fd5725a030e29c4b84b711ea,0,nofall,exact_stem
9,Walk,Subject.9/Walk/WalkS9.avi,train,101,cams900102.png,4262c77058335df7bca9a8c6ddadb07fff265fcdb24a538afc059ef68c74a50e,d7747b0dc50200483130a605056a6c5e4f1f8edf354f59929f7506f87ecf62b1,cams900102.txt,d866a116797f069d1881dae7cde67fb1ad8f861c214db66e1c10de13dc8188a1,0,nofall,exact_stem
9,Walk,Subject.9/Walk/WalkS9.avi,train,102,cams900103.png,0d847127c840015d99021da511b08143536aac67663b37d630ac7ed5d5ddea5e,63bc41c1987e8b3c6fe3f112b521d2929a8cd350b2a45f14f19e5c1145aa0e41,cams900103.txt,9fe882782a8a851c9ceb35824585992c18df461638a394b77e480b9cf33367fb,0,nofall,exact_stem
9,Walk,Subject.9/Walk/WalkS9.avi,train,103,cams900104.png,ae2274a82bfca65eb5131622d096ef03a8230385ab84733f42bc12d57ccccb83,fb4aa233988f649861a888eb602ad9c5b8eefcaba8f7971f00c970696d8f1883,cams900104.txt,6cad02f424f70b88628a9a358f417bb3e8177b3e0f96b29c7d762e12af303afc,0,nofall,exact_stem
9,Walk,Subject.9/Walk/WalkS9.avi,train,104,cams900105.png,c74b0e9931e9689f07e9180bcf2b4ca4ee07122860083548925f9cdd209d3e16,52c5a406c1484aa11858164034f233367065f95ee052386f05e02eeaf72db407,cams900105.txt,8a8cca7516bebeac986f404ded92e3dad9a756479773590d72841a70987b3b63,0,nofall,exact_stem
9,Walk,Subject.9/Walk/WalkS9.avi,train,105,cams900106.png,81a821e1b0113b487b36b1f31fb1976d303ff1af29abd5519376c6a4934ae6f3,95f4c2e6052e59e73a33689c27c010bd08a43b1125a435439dc99ae4a7af31ee,cams900106.txt,d4e35ed3d0fe5624920b215535ed31c1145fe41176d9df3fefd8a4534477b92f,0,nofall,exact_stem
9,Walk,Subject.9/Walk/WalkS9.avi,train,106,cams900107.png,c7dc4abe353b06caf5b6ab45f4449d532245ee2f76b0b7466f983b5c21b7aed8,6782a895d0bc9a51b5b403544b4442c801d34254cfeff3696a2107638d5a86ed,cams900107.txt,f0405a9f05d8d6ded74f352fcb4ee1ae0f1c4dc99b265c2db18b0026b0966ebd,0,nofall,exact_stem
9,Walk,Subject.9/Walk/WalkS9.avi,train,107,cams900108.png,5c30b7590f564b314c4e65511f938246e7353e77fe6308db4d280aa409d289f3,ebde2692b1beab3503e988950dbee942d470ec92686e5c223c5de751fe21d888,cams900108.txt,595ca97a33e09fa6b3750cd062cd9cf284b2492c69eaf43bc632d6f658b2306c,0,nofall,exact_stem
9,Walk,Subject.9/Walk/WalkS9.avi,train,108,cams900109.png,7207e6b1d4e27f13bcc752b027b73c07c0f433e48f60b1cb7c3edf5fa5722d4c,e01263fbce685ce61f90c5ff9d0003ef36b6d4292c98e0eb6305464860dc8fa2,cams900109.txt,9ce5d939aa1d180479f479b1ecb975f625c787dd8fac10811196a4cd217cff35,0,nofall,exact_stem
9,Walk,Subject.9/Walk/WalkS9.avi,train,109,cams900110.png,e79458a77fba0c8e6884030f2b0072ad9327b34b9524e24b22d9f37a5b883e7f,df97ace277c6e9b5a3dca0b880f6400ea6cb19418e1af1b5459b0c5cd9fe1c8a,cams900110.txt,b4dab574d0a41b267e110a3616c544a2772289ec868fbe22ac62b9633b824c30,0,nofall,exact_stem
9,Walk,Subject.9/Walk/WalkS9.avi,train,110,cams900111.png,a2903c22b493df13f176533f113d5c4bace93ee97f553710efb33f702cc95c32,27f6c340dfb3eb7e3f6f7b53e6c484fdac9e4a435186c0df3bb4e04d1541119c,cams900111.txt,72feb2e02365e3491d1b3dd2508309b4819edd41fd34006167789eec6c77c835,0,nofall,exact_stem
9,Walk,Subject.9/Walk/WalkS9.avi,train,111,cams900112.png,15bfba74654b24e60c3010bb9a52adc80fefbd186ff4cf0339ba6a7276495ca6,4c073c626d9e61bf8ada57966779ce102292f40b479ca1aae8f81ef6c3544ca4,cams900112.txt,b2596d5a1964d6c678e19465af7d5c487b914c7fca086f10aa80e5a253196463,0,nofall,exact_stem
9,Walk,Subject.9/Walk/WalkS9.avi,train,112,cams900113.png,0ff4c6bfde1acc5d1bdf5899634ab8feb82bac1242cfe713005dc1d88b35b715,4056aa447cfe671460979320286a12e0ecf4390c4ee2c2f392fffcfcaecf934e,cams900113.txt,f9c34df6bc6136a6f905d16384112e03fe1ae1f9f7e8c013d7edfd503c7e08aa,0,nofall,exact_stem
9,Walk,Subject.9/Walk/WalkS9.avi,train,113,cams900114.png,d5ca5d35d0320b7be55142e52d9012b215378fd5d757e792b72558aaac8c7726,d59e9a37648a51640e343f414a386c3f9eb655ff880e6bdab7b6432de7a76a7c,cams900114.txt,feef1f3b43a5f1f442d2bebf47f7e48ab3d616ca28fed31f7501b497bee9f3be,0,nofall,exact_stem
9,Walk,Subject.9/Walk/WalkS9.avi,train,114,cams900115.png,d4e53a6b62eb1e655a6410e494e318ab413e4a55c695e9b0d7d4833e77514e14,81c8d1c238782eabc25ccad51f0869f22e0ba22f330e3772f45376b1dc62e79c,cams900115.txt,9fd0deb0b7813c747fc12e74bd38ffe1bedd80465e8eda9f4ba0792af6b9f8f8,0,nofall,exact_stem
9,Walk,Subject.9/Walk/WalkS9.avi,train,115,cams900116.png,a502d1f39b68b1b6fa85d6486d5771202adb21ceeb3570edd7221d019b562787,7ca240adfb11dd6a201f1a46173bdc37cd36c3326890db2e7a3dc6ab5d29d79a,cams900116.txt,110af535e6046ac1762e8884ee6d6d36fb073dc5aeddd0fcbf431ad64b1f5af3,0,nofall,exact_stem
9,Walk,Subject.9/Walk/WalkS9.avi,train,116,cams900117.png,147b20e33342aa3e106a5efc22ee8f5a9aee91b168782b19f1b2f2697cb22b57,151c6e4ec0ff2b7973692a004a3db682aee31d6cd4a09359c60afa08b5a0645f,cams900117.txt,a8f0376fcd1f59e6ca4bf68ddcdbd51429e83bd79f71c8261992fd3753590fe6,0,nofall,exact_stem
9,Walk,Subject.9/Walk/WalkS9.avi,train,117,cams900118.png,d0e18d0e6d52cf0e148e590dee9275db04815596920a3f1d771987365ee6a12f,97521e55f8c313f8eee804f81b180d7b9483037c7ee8ecf9b88655bff45dbe13,cams900118.txt,642b17e08ccfbc238a1e1a360697cb00826725af352029e21d93f415f6b12933,0,nofall,exact_stem
9,Walk,Subject.9/Walk/WalkS9.avi,train,118,cams900119.png,08fc255d3beb3117888dd2890cf756aad8d4c623e9cbe268b51ed51a5a1f3e1a,a2790ae521702085a9100ee1791bda81f55889e0505c220370a113aa01c5e643,cams900119.txt,4d7584e9a6b0ed62ef2375bab7b611adac18d5c73727e339e354b46bfc01deb1,0,nofall,exact_stem
9,Walk,Subject.9/Walk/WalkS9.avi,train,119,cams900120.png,f1e66b485e90e560e0c812c9387c4e7e7e10972c6b8e3f4d864aaca85518a044,1c4eb89c2006abc2767f78256206a86ab8b31a71ad5bd5d2638c4589370b304c,cams900120.txt,546f8d5078f1c4868716b4cb31a48e54b8a74cb69f89ffa64a49c84187f2c2a7,0,nofall,exact_stem
9,Walk,Subject.9/Walk/WalkS9.avi,train,120,cams900121.png,d8879dbb46f95a11d1beca94effff37685ed39d9e96243aa2374631260f63dfb,f199724d13b752998c6cf395813778ef731c3f26135568b18447e3262535963a,cams900121.txt,dedb433f62555137751933d34eabf864c15ce05d3c0b38fa995a53d9b4cbd5a3,0,nofall,exact_stem
9,Walk,Subject.9/Walk/WalkS9.avi,train,121,cams900122.png,21102572d05e5a45096d5c0fef484d17a142adde58f0ac5477e4a099fb370898,94c09c6bbb4af5b662bfa075a70105a99ef8269483454b09d6907eb196147f18,cams900122.txt,f6dba99127af5bd17d70c596865f73a741252f9ddc81ee1a3ff17a40048b1673,0,nofall,exact_stem
9,Walk,Subject.9/Walk/WalkS9.avi,train,122,cams900123.png,30102207e3cde0688bb21f3bd73d6095ecbe9bf69081d7376db09d7575965cd1,41e47e033ec6a146ed0c33d9ec33f33bda28152aff8776388ee2d183545e4432,cams900123.txt,f398d7feea0deee9c7e2e2270a138570f360534df544d189774b8129c3f4e638,0,nofall,exact_stem
9,Walk,Subject.9/Walk/WalkS9.avi,train,123,cams900124.png,e8fb7f115910d91b0bcc980fd9eb48be1bde36186bbed917697a5794926bbe93,3f3a70a05c299092c405a94eeb3711ad4fc119a84b882502eca6572a9a1abe6f,cams900124.txt,7eb78f86baa32ed90a0df409cc3fae74d8196aca22f4e0155cca2460780e4870,0,nofall,exact_stem
9,Walk,Subject.9/Walk/WalkS9.avi,train,124,cams900125.png,7a9537ed9455ba598f6f42f83b9b6d7588f79f4729b878f317a459bce5e2a4f8,de1844f5d01d4e336144fafe34d7fa5723302165d3b846da5ffb3cca8fb97a26,cams900125.txt,4c7236c8185fe79565a55d655fd1ac064fd98d402ae0168b81a02d538ffd8ee4,0,nofall,exact_stem
9,Walk,Subject.9/Walk/WalkS9.avi,train,125,cams900126.png,feeccfade055513aa1decb4eb4fbe056b4153067cb251409f2669f970a5f55d2,7b7f9331fb53a760ad00f01b456d44b71c7ef2d4231ae94b54123edf60680c01,cams900126.txt,6443f4b6f88230ba7d7cebace8df575909984778250670ea0f7eb0b41c4b1284,0,nofall,exact_stem
9,Walk,Subject.9/Walk/WalkS9.avi,train,126,cams900127.png,c67a2f8f9bd13aa24bd99bc2b5db6ded4394d25c4aeb443933065c1477482be9,4df09ebcb6953cec209498804a53572c9f8fbec12b355258e00b2f68176b00b5,cams900127.txt,73cd90b1697a8dca5af27c080752932eeec42f35a7a4cfa88ffd7dbf3bb284a4,0,nofall,exact_stem
9,Walk,Subject.9/Walk/WalkS9.avi,train,127,cams900128.png,b30308aa3fca1221c40958d47e9eee1725f994dcd94d3b8d204b50bd1ea0e692,dc90ac926e4aca2b3fbdc7f44162e1c8fae04add42e9890a39c52493082283df,cams900128.txt,a2fe56549cae19178c3762dc833906c749377122ed06eed1407376695cf0e515,0,nofall,exact_stem
9,Walk,Subject.9/Walk/WalkS9.avi,train,128,cams900129.png,002a07d41a0ee498cd84c887fb0cdb920112e64ddbdf57a953abed07d3524e80,62326280ee5d024d9857e05db48cbfdde4e0725f00a34003396a16514591173c,cams900129.txt,ecdfb64c63fac67a80c3f96a997f15a7535cd1fa287ded09a1a9b5d0130ecda9,0,nofall,exact_stem
9,Walk,Subject.9/Walk/WalkS9.avi,train,129,cams900130.png,69172fe3e34ddc216e8d084de75a54ecc526fd355ad6b94ba4d5c1298d3edac5,743a749b944c25354369afaa3bf6c7b8ae38f79daece367955caee4c12f72ed1,cams900130.txt,e906b4899e83c6fcf01f129706dc6e00bfd47e3de16004b8e606fb4bd08b647a,0,nofall,exact_stem
9,Walk,Subject.9/Walk/WalkS9.avi,train,130,cams900131.png,6d42f4e829e40c5f32ce5ead3f7f67baa4470494f5b1971c45c5dcc7bb6dca7e,1c8b881a66a1b64c649a69d62a8b50b3a579c5b50876e0bcdf6a04dd40172c34,cams900131.txt,964380f6d77e516d4e5893d0ef5947ea0f4f4f9a91f6bac4285a29e6af690389,0,nofall,exact_stem
9,Walk,Subject.9/Walk/WalkS9.avi,train,131,cams900132.png,a17961919017047fc1503942d19e4b24783b56aca21e51c7ba3aecc957ff657b,8f51c9574439078c59cae07568ba4aa385728ad42625236c0f1a8bf845be91fe,cams900132.txt,6e95f55acb20a822f733314fbecb0f3c3e82dacd26409ff0ebcc7b6866e085b4,0,nofall,exact_stem
9,Walk,Subject.9/Walk/WalkS9.avi,train,132,cams900133.png,fc90b04876f4e73a5e62f046f70b98bdba034980003b2cf6fbe647c58461228c,2ae9b9cbe56583d2bddba31a9ccd8f076ca4a3a95bb1ef402c32d4607e6b4f34,cams900133.txt,e14f253a0add89884d907242c5575892ae0e94f8de40addf1f413ed04d969736,0,nofall,exact_stem
9,Walk,Subject.9/Walk/WalkS9.avi,train,133,cams900134.png,2408ba551dfd69f76fd6026e5b2b6949856e9390681f41996fe71ad11f42d56d,0ad9c968d1c37bd5b7ebeed47459c423c2bb752b485895cb8d194f159e06d229,cams900134.txt,c4c626f8c26d2617ecd1879dbf3904dc1972242ca024b11b9f2205d5d10131a6,0,nofall,exact_stem
9,Walk,Subject.9/Walk/WalkS9.avi,train,134,cams900135.png,43b0e71479bf29ff13a97b19fc4a0aa4282b8f111c2fd10b64f94bd3aa76b633,67e0cf1ce007dcb68b3b168baed1e811b3cf783001107a11a3b7b63d7ed64690,cams900135.txt,9b863805aaf7dc89d3c6be28612638a1971c9d61bdef8c9d66fac24169c093de,0,nofall,exact_stem
9,Walk,Subject.9/Walk/WalkS9.avi,train,135,cams900136.png,eb1e0884c612335682fa3d1e4b14b4add03fc7bda6ec37f30af562890f713937,879ffd2f285d125d2a323e1dad7dc8ae7e57bd9e440d733d004a687cdf4f1837,cams900136.txt,3eb70661575173d7e825ccfb7aaa028b975f2fae2493bff64ff66d134532a452,0,nofall,exact_stem
9,Walk,Subject.9/Walk/WalkS9.avi,train,136,cams900137.png,245a00b0df276d37f4269df64ce2f6f332d28c4d650c71676ec27852549a407b,4ea55018745b65df18c3a331f18126eb5c39a6d58b395ec4ae110357ad3543ac,cams900137.txt,8b88d59785b2d519d31eff84fca47cfd35b432ca83d4aa0b1efbcc6cd80d964c,0,nofall,exact_stem
9,Walk,Subject.9/Walk/WalkS9.avi,train,137,cams900138.png,c96ef399587b6c90a292f535952f1b0b720105a489a9d591a428703b1c4d990f,932cfcf7c502e76fe21a47cd6244f381914a7e2b1efd4b6efbde4993f928c0de,cams900138.txt,25f4cc0d14c63d2f77821e8621bb160a6428827ee67a7bc619d5251ae49fcbcb,0,nofall,exact_stem
9,Walk,Subject.9/Walk/WalkS9.avi,train,138,cams900139.png,37c3d68bf2154c98b6f0e787f15f9b6866231f83a1a219ebfccb116abd5104d9,e7f77ada888c311979d257d100bee8f9d65128bc9872982b22ff5c46788dd610,cams900139.txt,4134b6c0c2518840c7a56f0f270f55aea510d0b634b143d11af6ee19ffe27537,0,nofall,exact_stem
9,Walk,Subject.9/Walk/WalkS9.avi,train,139,cams900140.png,99d8b5d96626a5a0a2aa9820cc76dc03804cc973427567abd52af78ca4243154,7c02c8dbe1102170cc6fc48124ec807e785d0450ef7447b742f6732d9bec2762,cams900140w.txt,1d3578c6012956d53d5403c4e5fff90a3c1385b9da97465897da0ae3d05ddd70,0,nofall,verified_explicit_sequence_alias
9,Walk,Subject.9/Walk/WalkS9.avi,train,140,cams900141.png,ef71ecc39abe3c0ce449049d1127367a2b2f9cc052ea3e0e303807e97ee5644e,d3407900c83682ec872865e68fd2bdfc1452e8df7d7e9ddceb5db05bc3555118,cams900141.txt,ee3ca2b724a6c41e5ef57178671009a42337d89de4e95c3bd094f45f2c567d2d,0,nofall,exact_stem
9,Walk,Subject.9/Walk/WalkS9.avi,train,141,cams900142.png,c141d82fdd661f2d65797ea9525bddc83e30a651039a9803a669b7ca203d0749,2883643e982165d79b2069f41cd863662338ea333f9cceb7cd757c52c060afab,cams900142.txt,49b8ba675e822c38954c12ccc9a431ff60be422f6f1956611f50214af95233b7,0,nofall,exact_stem
9,Walk,Subject.9/Walk/WalkS9.avi,train,142,cams900143.png,c124cd249d962f7e751c7bdb4b39cb4e4601aae41d2391e5751bae6000447c80,78f1939ca4b9de16736c022df269a877c94fbf4ae9a7beecaa7c2ffcd852708f,cams900143.txt,941b5dbe9422e130f8f3c629f3c9f760fe7017c9f1ec4fb7672a16d557c7b625,0,nofall,exact_stem
9,Walk,Subject.9/Walk/WalkS9.avi,train,143,cams900144.png,490c19ee2168ffc0489ff9cd93cbc2ea63e3092fb74b47dc653b16c77b3c90e0,b2f59276e25b9784075b33735fb19f284d72fddcb1945b78c8473ad2bd30d47f,cams900144.txt,dda75fe3d32c4c68fa44846a56889b7d2dd58dc032e5db0dec635dbbfc0d6757,0,nofall,exact_stem
9,Walk,Subject.9/Walk/WalkS9.avi,train,144,cams900145.png,88dff8c8b9e3581a9aac55a2e767042cf22aa852b4b31a74186b57864366bf32,7a17e91f30ba0b6cf821b43d27e61aaa5127d6b0b7cdc4de9b09400837f4bbc0,cams900145.txt,53a2761ec4b83e8add91197b05a1e775ef68834807cf3b13bd94b25a5cc49034,0,nofall,exact_stem
9,Walk,Subject.9/Walk/WalkS9.avi,train,145,cams900146.png,e676f54b045067ef6438626da041b83bde24efda7185ea444e90209ec57668e1,5365b87d8d3c738168d4be7ba564206960d4e35b68d29b1f603c61aa59f79bad,cams900146.txt,331b8da4babe310d7d8df7cef3356bf2425396ba5aba44d9ccb59c3eac065b5f,0,nofall,exact_stem
9,Walk,Subject.9/Walk/WalkS9.avi,train,146,cams900147.png,bff6f9089843ec5d050a0a54227d8eb01d464408a17bee885d3af670d82d9a05,60e5d83172a02c6857ede02cc4723a1cc07caac942a9b4cea63362c94faa4ae3,cams900147.txt,78ca21812748a562af70e749115eb2b30275a4b3fe8ecc28eeea86a837b846f9,0,nofall,exact_stem
9,Walk,Subject.9/Walk/WalkS9.avi,train,147,cams900148.png,1dbf7abe345ae4bc3e56735ef7092a56f5a7863571caa0949c26d1e3923b4d0e,e7c185757c853863713170813af7b70d640133c094ca90e1362f5392ecef04e9,cams900148.txt,7cbf005169774895459788b2f3a17d3f0865031224ddafb1d764d8749bed3d70,0,nofall,exact_stem
9,Walk,Subject.9/Walk/WalkS9.avi,train,148,cams900149.png,eaaeba5a559a074d6268b443e3f23363b41985208d0e5d3bfc172e584beb5a51,c65ff710b767f34c2cabf30c9808fedbd4b9ec60a182237887d42c00b746e02f,cams900149.txt,3f13c2b567172b6db0dff98eb4398d8787debdd12553e59157ae9c541579965e,0,nofall,exact_stem
9,Walk,Subject.9/Walk/WalkS9.avi,train,149,cams900150.png,4660bb3b27372db11534ae238523a7bb30fb77b6b4b6c8a85c81cb2611e339c0,0a0c461b9edf0c3c25981093f9b46443b2e3f00a7abcbce73956e38542912be4,cams900150.txt,608d03c0f6fba0106cab55a4e0d05c9832c2c144268e0a0c10989901274fb1ec,0,nofall,exact_stem
9,Walk,Subject.9/Walk/WalkS9.avi,train,150,cams900151.png,9869abfcbc184b472739a479a71ffaabdd9a9526cd57234dd383e1d3ef907ff1,6f5f644449308a699af1c36c4510dcf83c0a2f8494ebfee1d8f35eec0ec9f5d5,cams900151.txt,11b07dc9c3a2669ada0298f8bb42421eca7bf216a5fd8ddb2ee05e31d682b61e,0,nofall,exact_stem
9,Walk,Subject.9/Walk/WalkS9.avi,train,151,cams900152.png,8a03b685d5271e9c67a7ba64aa7717419d1cd72fef9489d57bfaa8424ed3865b,3c9575c38d65d72dd69e4da5621f6cf0537fe9f666c9ee899b97c5ed74ca79eb,cams900152.txt,afef57ad6082a4fa2f1c3087bfd34c6c9d853b39ab7c8589cf57f2690a802214,0,nofall,exact_stem
9,Walk,Subject.9/Walk/WalkS9.avi,train,152,cams900153.png,fc07301905446aa69f7c16d84aac39dbae4589a8ee1a0b55b6241633b67ef05f,2917fe29d372b70c7daa7030a950f5a07f34384b886f8c4b8ebb7f46a590d0bc,cams900153.txt,249efb3b7190c433b29e42866ee12002523b9712284dbc54698500f09caa0830,0,nofall,exact_stem
9,Walk,Subject.9/Walk/WalkS9.avi,train,153,cams900154.png,73720532b184b9ad8f67c36d7524390c4543b9d426e353eb262da1cb93e5246f,41e9e08f6a7d580cd2724a08e7dfe69c9f8ef497f1f7e0b01cb5707d1a3d1fdb,cams900154.txt,9c55f62f07ac7eb9a5befcbb03f92da9a02edeb08b5244ac265a546cd9fd4295,0,nofall,exact_stem
9,Walk,Subject.9/Walk/WalkS9.avi,train,154,cams900155.png,1b5c77a30048e96ecddb7fce12c497ff5952f333a926eeda4267eb2b4b43ee2a,5b8f11f59ab6a26fca856bf6756c8fc1bdf2ae9152edee8333dbac80d5629354,cams900155.txt,e41263cdeef35366060c508b8d411c2bc59f8734563dd8edcc0c7af09edaac87,0,nofall,exact_stem
9,Walk,Subject.9/Walk/WalkS9.avi,train,155,cams900156.png,3fb19818ae4ba4c17208623dae6727f6670ee13f54b8c3b0e22dcc5e39e02014,ceffb627b1eb0b570c8f868dc4bed53746839b0fef009c0abc5b27bc32dc2717,cams900156.txt,5c93bd1422c83b0db1a118a39a9fc29f73dfdd1884f4413d1acec3a923b29c80,0,nofall,exact_stem
9,Walk,Subject.9/Walk/WalkS9.avi,train,156,cams900157.png,f851eeb736a1b2034ed3668f0bfd71511eea2abd1995b07ac666c61a2a965547,05c1b963418478db481560c77ddda07308c55a025122d1a164e3dd2da3c271aa,cams900157.txt,e1cd17970cfe8d5c4db53e0e8abac5d2cbc485976e9a6056175e2c3e18633d2e,0,nofall,exact_stem
9,Walk,Subject.9/Walk/WalkS9.avi,train,157,cams900158.png,b1898dff1be08c1b3e3d08d55ad6c40c9f524e1847d3b82bd571f342d25f4b7c,d24d7a18bcb5fa2113f42668743ab292c36601f40105b4ee59624528a192e56f,cams900158.txt,41e534cd07067caf21bc46fad7e66d0591c32d6057741443d2e5780ce28d39d7,0,nofall,exact_stem
9,Walk,Subject.9/Walk/WalkS9.avi,train,158,cams900159.png,57d7c933f87980750fb87a35e56e15ff043cee83367eb31471126bfd00ffddf0,558f97578b7f497c14901c9e32acfce9db212fd5d12112662358a80ec6ff66ee,cams900159.txt,e7af6fee0b8230f20ed2a8dbd27bbcf86cfb0990b3c8b74b97df37dd32f046ea,0,nofall,exact_stem
9,Walk,Subject.9/Walk/WalkS9.avi,train,159,cams900160.png,91d7995c590905854c05d76990355208a72c2ecf8c4cee19db1ce7da9e12d819,a233919b3f0dc23d33f496851f431b2551e2178a6f9298ffff0cb2ffa9795e66,cams900160.txt,574e9018165e55c0537284aa743edc9d4fb69ee38f5ba84c7f6a5c42cc0396a2,0,nofall,exact_stem
9,Walk,Subject.9/Walk/WalkS9.avi,train,160,cams900161.png,36fec7eff29ba2bf7915105272f2072d6b74df9fbe9fca1709e236058e8ee204,e4eec65ccba116c51f82c9e9da98d529e1c29d00ffa0fba68c8df1609b72e286,cams900161.txt,1c27f90b7445f7ed6dde590fbf7406d67ff0e756c12c359cbdc4e60c2254b5eb,0,nofall,exact_stem
9,Walk,Subject.9/Walk/WalkS9.avi,train,161,cams900162.png,0c10108385155252a646cd878773ec3d1144fbdd4a25b43455530b89e53606db,3c8661d28869b8800f463845b622c4a003e820516fe9f6bafd46af8eae5d7ea6,cams900162.txt,48f3f304ad3f5b8bc6b5ee85db4437808db7599fe47d976b0e18aeecec2c2f66,0,nofall,exact_stem
9,Walk,Subject.9/Walk/WalkS9.avi,train,162,cams900163.png,787f1a111d925af016a8b4ab730ee334a7ebd08658a446cac4dbe67c3091669f,aca4f07215da1dad75d814c485302f1f4c45f584407f1eeb842146ba6daa7e25,cams900163.txt,dec93773b11557668d4680290dd1e4c6d13becb92e041ed5a50ebb77929f6840,0,nofall,exact_stem
9,Walk,Subject.9/Walk/WalkS9.avi,train,163,cams900164.png,35eb5fc9620d6d8c1021ebd4c2f8291f72e80bae7d15a7e34fe0895f6b12a5ce,d4655840843ec677f715ab190c9f9c91893979669cc57bce1f13e6c6fe9082b8,cams900164.txt,133a09edd51bc8036af08c930c8608738414f54008188b93cf8bd718b7ab8ed2,0,nofall,exact_stem
9,Walk,Subject.9/Walk/WalkS9.avi,train,164,cams900165.png,82a464133b0569097bdd407d55e13161a599f6443d4b600457d2f8d2a918b75a,ea52dc3621d3a882891cbb75ebaf8dbc96bf357691f489af7d9cfd83b2aff87c,cams900165.txt,b094674c20579fe076b638afa293fb4604d42abe1aa81c4f0f4116a4bca708fd,0,nofall,exact_stem
9,Walk,Subject.9/Walk/WalkS9.avi,train,165,cams900166.png,a3d0c43faa727294f4f42601d48cee6c0758950bde358add03d1600c19cec1d3,1465cd4606ec6d81a1012a57eef08789e05714a75c56fd835802719ebb59d843,cams900166.txt,9b4d72a52764064cc25e3eb8238704ae82403414dcf74bf8dd8bc2fb008dea6d,0,nofall,exact_stem
9,Walk,Subject.9/Walk/WalkS9.avi,train,166,cams900167.png,98efd0f9266db292b140108c8044c484809a26491592f88d7030d8e19e739b61,53abb6e5c3ff1037aff399ae767aab16e41dec3401d2b83672a7a9261dc8cead,cams900167.txt,35b4c0cdfd72ea23639c9c241ed361b7cb62179375d1b4fce9d5d940e8fb4af5,0,nofall,exact_stem
9,Walk,Subject.9/Walk/WalkS9.avi,train,167,cams900168.png,2cbfae5816a1c02c0fe6981ad144d3df43672ac12ce75966f92093f6a8d0d1af,ca62621ff1fa5773cd8f040d426c962d0dc818f009f5442a413d5b5cbcabec34,cams900168.txt,db0a58fce4eef45b1e769517b5c5104be0f4a995c6bdbcd15384094a3003ff56,0,nofall,exact_stem
9,Walk,Subject.9/Walk/WalkS9.avi,train,168,cams900169.png,3d1adcdb175b87feaf268e1e8af9840ff757164b26ef13a56befcc8738820e41,10ca4f88c3842ed05558ae065fcd2ca8b97d34d46b7d8b196dd0ec60854a6c74,cams900169.txt,ba68fc95de06b03bb96ec4fc00f544a400568f07e0110357a872a423c03fc7eb,0,nofall,exact_stem
9,Walk,Subject.9/Walk/WalkS9.avi,train,169,cams900170.png,f15c808ba55e1ce1f8201101f9a8c75218bec8a7bc300de0546d25b37a0209a3,82e56ec138e7514ad69a02e89ff02f063df5ca8eddec328b1c5e5a53e35d1784,cams900170.txt,9488b188de2ecaa1955a28bb208617b0c8fe7143d503be6a62496557ed107c57,0,nofall,exact_stem
9,Walk,Subject.9/Walk/WalkS9.avi,train,170,cams900171.png,69710a657b8acec8f9b345724ba0b8f158f558d532f7787399ce4765510eeb11,016825ffe09d52d991f9dd3bcf7b536a5d845458613e5df8d435265398d1cc75,cams900171.txt,89969d4c25695ede915abf36d7ee1c698f0683807c33f3bdb76fd648cff62314,0,nofall,exact_stem
9,Walk,Subject.9/Walk/WalkS9.avi,train,171,cams900172.png,989d9bff88076a41c04f127da2893f2baf1ffb554ce85273395d0966e440f791,a6e1a7b5ffbdb5d925306aacd70088b35c4a81e562769b5e4509d2e51a3258a4,cams900172.txt,33d6fb967c0a4d1fe4f8daaeae59f4f3d8f7ee14333bc981ad3e3daf987bee52,0,nofall,exact_stem
9,Walk,Subject.9/Walk/WalkS9.avi,train,172,cams900173.png,9dc077b0ccb0ed57d191cd1ba5de73020b5ed00df2cf4353d0dd9d373fb8a267,a37ae3d04e923476f1f5f18a3fd4ed9e00f9cfd342415d4008bdd7f17ab9002c,cams900173.txt,cda29ef22c4794bc264757b692b9ab73afcedbd7968d7a4bdc1ab2488bebd361,0,nofall,exact_stem
9,Walk,Subject.9/Walk/WalkS9.avi,train,173,cams900174.png,5d92326e366f3bc84ecde228a6efeadb3db15d5b52fb63f528e5b61e6ca05773,8b6623d99d5936dbb4f5cc16dceb2ecc9f6d1543fcda9fc097390218b0fffda4,cams900174.txt,159084000757f7caba271992063ed6f1cb28ce58df09a1b3e52e135130e26276,0,nofall,exact_stem
9,Walk,Subject.9/Walk/WalkS9.avi,train,174,cams900175.png,12b97088ed77495f5a2c1db77540ec864c07723b7b6eda4c51fe00be3cf36821,4acc2bd1b6cea64ce2a6eb2c72cef48d6bee7b77887d70fe242ff1a69ded4d28,cams900175.txt,060b60cdcd65915dc70435d389d1f50edbac3ebc4f7011a2b32df77e9e7e6bc7,0,nofall,exact_stem
9,Walk,Subject.9/Walk/WalkS9.avi,train,175,cams900176.png,4e7843974e831ada253b57fb17b5ad24b43073eab161f6d5dd5d03debfe9f5d8,e48bf0888f8093a51cbd113519fc9dd07aa41551cb0ca97bf66ab7a567c4ca23,cams900176.txt,7c726b6604ab6db0761b84a45d62d938ef52f1be7dea570741c483d76f196d38,0,nofall,exact_stem
9,Walk,Subject.9/Walk/WalkS9.avi,train,176,cams900177.png,0a3c4d949096ed75138e97e11c6e639474392327c8be8044c857f81e1d9f56b0,7e368935fc198935b11c2a44d4ba0b6ea56c69a93635d76a72db2461dc08129e,cams900177.txt,56e452e9076e31f34ba4c1cd127ac5b6af4051096436a29175fca179fe109567,0,nofall,exact_stem
9,Walk,Subject.9/Walk/WalkS9.avi,train,177,cams900178.png,288e67143acd92198d67987741e1bfa93959bba6031ab89291f77fb1f42062ac,1a7ffc3ed8bfaabd60698f603120d7d8e369e9ddf3bb6f1c0b2a096250562c11,cams900178.txt,ed3f51f68a8d0b264eac5058788cc3f69f86cdca8dd36e2ff1422811392f6c7b,0,nofall,exact_stem
9,Walk,Subject.9/Walk/WalkS9.avi,train,178,cams900179.png,0d3898e2c9e3fc773b7fede4f628f2f2bacc37d2543dc2b5fc00fd125cd54399,23e744c8735aab5c15482d16b09cd22597bded92995628d688f1068ab053e05b,cams900179.txt,f0742859ace1a255f510e264224d9a8e9eb4b550a0df53e17ded6a0bedc20d91,0,nofall,exact_stem
9,Walk,Subject.9/Walk/WalkS9.avi,train,179,cams900180.png,0f35deebd7a181f4f77ca9d1491fee77f5f23d6953a47df89330712f1be98243,ea9e98c40d404fabfce118f4b289dad81308c068da592b7ee89b1a5f8653fb64,cams900180.txt,fee7e6e538e1acf8fa1fdb077b465cdc6837adca1768340ef3065e94dc16a82f,0,nofall,exact_stem
9,Walk,Subject.9/Walk/WalkS9.avi,train,180,cams900181.png,eca85d4bb3d83c0453be3943671b5f97f82cc00c48a66f840e22706185d53bae,10ba8fa59d8516a9ce760591503252f9866d1611af6c0282d84666c8cf8d09d3,cams900181.txt,15ec7076ac439c58256993f286038e797873710ba954b1a4054f2fbfdd6e05a8,0,nofall,exact_stem
9,Walk,Subject.9/Walk/WalkS9.avi,train,181,cams900182.png,942d239b4ddb100053c9f92fca6068a3a88199aa43e494d9ec031dcb3939b017,ba30cf1cffb32ba76413432a0de52f1b92f7052c2d513b235f0ed5104c90d6a1,cams900182.txt,47aeed0ea9d4fb8b799044f032806c677e00724e6d62e09548eb3eb07e02f821,0,nofall,exact_stem
9,Walk,Subject.9/Walk/WalkS9.avi,train,182,cams900183.png,78b471ba49ba85f892831ada8146d3a24972427a408156082304f698a81397aa,17ab99a1e9426cf08925a2753279659fca3bb285710f3a72d1357f18f437c6fe,cams900183.txt,7dbe8aaeb9d4e7d97003f4cf4094674d86f68687ed20b2be944a3bd5a4667112,0,nofall,exact_stem
9,Walk,Subject.9/Walk/WalkS9.avi,train,183,cams900184.png,dd091ab88f134fede825401174fbc7d62d9547051a35d0ec5bab5c6f4e36fb41,435fd949104cef3a29135855d8d5f02bc898c6db10180d5ef5e778fe4e440199,cams900184.txt,db8514dca59a788bef1795f731c2402fa50e86f537136004e715963b73415b8b,0,nofall,exact_stem
9,Walk,Subject.9/Walk/WalkS9.avi,train,184,cams900185.png,6001561d7e115ae67cc32fe8801a3af3d02605c27edda360d9d95629f9dbf638,b3a0965b5ab1b2e6c859cb2ac0c04b56f54451e481055ac049c71e5452b47374,cams900185.txt,d62b3241b702640fdae6f7066cd5adce11700ad1cef50ec33dcec0056c8355d3,0,nofall,exact_stem
9,Walk,Subject.9/Walk/WalkS9.avi,train,185,cams900186.png,c2b7dccdc4db597be7dc9cae67324ab62b89aed4eaf6d3e4fa4c7b77361be802,7582a0dea596657471768ac7798def876f8649783527dfeb44246bb7649749c0,cams900186.txt,32ae236ac8483469cc4f0b90f01a587367845cf10a1a68f529aa567fae0f8681,0,nofall,exact_stem
9,Walk,Subject.9/Walk/WalkS9.avi,train,186,cams900187.png,4f371020fda5040125db5375e611a85a32e928bc78f742d4e93274ff3f8f81ab,faa0e167939bcaed7786a1eb11d3b4780f7e7659a69ab51469ac2551c5d3f0dc,cams900187.txt,c119479dfb4a0b0d71ca47fcf5561ea5355685bd07b21373336b21d55fbc3b6c,0,nofall,exact_stem
9,Walk,Subject.9/Walk/WalkS9.avi,train,187,cams900188.png,bbd9547b3231339505c4afed135d21f2a8ed988b7bb425942d0e50d972dff707,81be25409c884a6eb63c5a1902b233d1f2a241dfde976fc147ee9fe134ad4816,cams900188.txt,52dd29b8884ecf5acd0655efa792c5d8fd8bbad9cdb783598d41af4212ac0ac6,0,nofall,exact_stem
9,Walk,Subject.9/Walk/WalkS9.avi,train,188,cams900189.png,4d781821e86a8f5ec7ea64c43b96cdcb994f13c3ead79d2cc41be8727f1deea5,2c6ae36422a4a8ec73b547bb8281af23cbbc16f41261e0060684c5a4f580a795,cams900189.txt,2ccd7348aa75384dd1688277a8330fa3cc97303443e460b2b7354646bea69143,0,nofall,exact_stem
9,Walk,Subject.9/Walk/WalkS9.avi,train,189,cams900190.png,dd717cb685b717b12b0f56d7b5b1965d715bc37276c6e9e322c9bca4e645c71d,82328f253533b0acf5725969c14db3abb0c92c08f85ecce7d8adbe58417e9da4,cams900190.txt,d353a5d80a0d6f1dfab3dea10eafbc24650ef5e77b8a1aa3d8e2ed8ac50b2dff,0,nofall,exact_stem
9,Walk,Subject.9/Walk/WalkS9.avi,train,190,cams900191.png,d949578cf2abf35a811655f3e66644a5f414f1d1e385794d6f6ae394a5bd0624,a454ec2a006d3f0b5c32ff5fed87c4b0713622640e6c27c11a5cd10974eea7a8,cams900191.txt,87594b44a65c6f45e64eba40b71f59a3a5a2d95a0577efa0be254bd1a3a855e6,0,nofall,exact_stem
9,Walk,Subject.9/Walk/WalkS9.avi,train,191,cams900192.png,580d5294277f8ad2aea387af3604e92abb49bf21e1a23996c169fc7f2b1171f4,b8d3227c4bdb7ae69371aae5718d23b7eb52402b54bd175bb0338aa3ddb75778,cams900192.txt,147831d6286246cc5fa14c883903f1e427007d98c216fdd5862cded5b7ee9fd9,0,nofall,exact_stem
9,Walk,Subject.9/Walk/WalkS9.avi,train,192,cams900193.png,55ce9c694a6694bea850ea2b92a0a5f2bd7f3267fb363f0c1c8ac248b9d58b50,8e19dc175d644595fdfafeb218dd253bdb5f4b2d7d0e98f49aeb20efa687fc13,cams900193.txt,6843b27af5e1cb6ebae88def950919b66b6179f8b651f6dedf61d1428c8863cc,0,nofall,exact_stem
9,Walk,Subject.9/Walk/WalkS9.avi,train,193,cams900194.png,2a3fa816647ec03cc4491a75182035a1e03eeeab5bd99a68d22faba7eef84a7c,9bbc2288c93fd932d3608529b48c24e9db011f413943f7f8c897c434c40ac717,cams900194.txt,9b690eafe35d1ef8ae25ad07f376ad2bc4447d1253cc5901b19bd334239b5959,0,nofall,exact_stem
9,Walk,Subject.9/Walk/WalkS9.avi,train,194,cams900195.png,baf0181b047538ca16b55ce7c909531bbc070920f1494e6b0b3f8679677b5898,305a472745275c5d42d24ab37a78bb785f9fd47edb355c903f8dc312492dffe7,cams900195.txt,9d63225208d587c2e53e0919f5a742a286cdb77c7d12ec272c51cdc72a62fa5b,0,nofall,exact_stem
9,Walk,Subject.9/Walk/WalkS9.avi,train,195,cams900196.png,7ea2c6b8835e162fc0d881f4404a419c31fcbe92030b39ebea3900e2158c7b41,7ecc4546eb5f84d24bc6fc57c9562b58777eef44f47431466f59eceec57b72ea,cams900196.txt,5800442bdfa7fee9b7771bb51e6d5f5eab108127127bef662d29d82f26062243,0,nofall,exact_stem
9,Walk,Subject.9/Walk/WalkS9.avi,train,196,cams900197.png,7801c22fd97112fb195ee3e0e8e07ff5e3cac51211d6c9aaf15237e895e6a0d5,0787d2aeaf1cce052db6b2b74dcfb0919713edd63900f8a65d5cbca06b96ca90,cams900197.txt,c594dc6f7a40dfeea4d174edf8e0acb7d42478604c8cd1466c53f64c0d4da744,0,nofall,exact_stem
9,Walk,Subject.9/Walk/WalkS9.avi,train,197,cams900198.png,34d6701e0869de3775a967669409d5ba33c8422f86d618567b9a1467b50396c4,102e0b8021a3b892b174255ba657583457aa2e070c74de79b34855815523b0c0,cams900198.txt,d34378f6010046aece2b2e2db5db1d356ab59fdbf42e5907a918012f3eede3b1,0,nofall,exact_stem
9,Walk,Subject.9/Walk/WalkS9.avi,train,198,cams900199.png,3e9c87aeb525f8c2856712737dc364d62aaec6332bc1ce4e7dbd7a88de1c3d3e,0cec0d08a7bf4fccaa09982e42a19dd591c5cb2bf2b30b96db7370b9e8f2294b,cams900199.txt,66897da4b4368e22ea23e2263fae3437a515d8edc15c632348b7d16c6154e15d,0,nofall,exact_stem
9,Walk,Subject.9/Walk/WalkS9.avi,train,199,cams900200.png,d7f5762fc3e3b73d2b1c1caaf7f65ed060d1d6ae13674fd97f15fe3d4022e089,33f033a4f483fa3065d7e20fe07435e8fe33dfcdb40ad8fd7da8afdf6a47741f,cams900200.txt,d3ba429996248555f551c416e6ca45d000a8e5db2417fb9fc44bf9e192b9377a,0,nofall,exact_stem
9,Walk,Subject.9/Walk/WalkS9.avi,train,200,cams900201.png,3ae64a1ce97e1c93dea30e60f18dc1c3efef834aaf76abd4cf9c1977317ecbb8,565ed9e1f962e54cc4a965aef9d604dde554ffc932d02d920865a2ae18795c2b,cams900201.txt,38006041966b523496716b4bc3b719e2cba129559752b935fe6accf0cf448a0c,0,nofall,exact_stem
9,Walk,Subject.9/Walk/WalkS9.avi,train,201,cams900202.png,7838002ef2470d8e6a186779cf5c0890da124db3fe1cf91c5413b6973e4bec8d,3bdf8ac1b4967f0aedae578d02c1f1913dd67e5383925fbcee61f176b1ccbd39,cams900202.txt,d3056535f22df90431f2af15c5eba5b69dfeb3677d997786f6f80aeeaa458125,0,nofall,exact_stem
9,Walk,Subject.9/Walk/WalkS9.avi,train,202,cams900203.png,9c1496f63b7a450b153a0b28d1a720917469148df6c5e5e571ee6c221bd44b03,2d1f533797ecf8040b52b63348c9a2e3da395bb7932aed002b35935e4f24c570,cams900203.txt,91d948b0ba5e75052e0a2647fe60cddb17ff59063607aa0d474eb452b6044fa0,0,nofall,exact_stem
9,Walk,Subject.9/Walk/WalkS9.avi,train,203,cams900204.png,cc1fe7ef9fbe18c77b13d8966da89c69dd51ddd3a359d8d3f7398253334b5afc,a583b479c0c52ced2e52bd8374e14b8f684dd2feb13d81c723c313c1ed519509,cams900204.txt,428068d387a119979f29adbe6109d40d39228b1c760b3b895ff7e16a2a292f3a,0,nofall,exact_stem
9,Walk,Subject.9/Walk/WalkS9.avi,train,204,cams900205.png,fef818314c2dd7731898b09a89fea8870366152e07620459666243dd0386d4b9,16272c0eb00974ea643bb85ea6e9903c0af9ba7e0a5b9604f04da2ac011762d6,cams900205.txt,8879ed73fb3ac5ea23b4429680043e371a22c58cafbc34c168429f23f2e4e497,0,nofall,exact_stem
9,Walk,Subject.9/Walk/WalkS9.avi,train,205,cams900206.png,d8c306754134f8fa5b8c565f6e42d58ee81b9415e33fd6e59e36ba6059310cef,f7345901d4bdf45c616a208e27729c7b12ff76a2db30c5664c8b37ac542bd5a3,cams900206.txt,57e96ddf475cc68470fb73b5852f1079550537ab5529b7646878f0f3d03da3e7,0,nofall,exact_stem
9,Walk,Subject.9/Walk/WalkS9.avi,train,206,cams900207.png,db0d4dfd106202c88d5ff5d711806a34649c062f0f159410eee1b85bc1296524,98e0ba9bf7da9ec98e3f9a7c06935d4181a34ca3f31b86882ff410274a9092a6,cams900207.txt,3ab4e4bdf459d9cd8b805f061c1a773f3b7fcccda18a2cf7a8f04f57caba9446,0,nofall,exact_stem
9,Walk,Subject.9/Walk/WalkS9.avi,train,207,cams900208.png,af4b817a39fddca173c8d10ef9552e155db5809082ca6da27702b7ab9f951f39,c5f9c3def6508b320a5c2cdb8481120c2d9175bf992787ea559163be1ce30755,cams900208.txt,beac19239622bdc989a0198a6611bf1ac95774d2ec602cfeff25cc4cb1822171,0,nofall,exact_stem
9,Walk,Subject.9/Walk/WalkS9.avi,train,208,cams900209.png,7e62294f7f9f5a5e973de187c69eb384d8107ef82869203ab2e2b50a2f069588,7d5957bf9bf3a2e3d43c6906677cf365e3ad91fb732989482bf5ebeb0873673c,cams900209.txt,e57e6bdd97af77591b5aa24ed5e092b98d2fde5c42b84eac838d3ba60502a794,0,nofall,exact_stem
9,Walk,Subject.9/Walk/WalkS9.avi,train,209,cams900210.png,641f7be1c13daf0b8a817ee10d3f445b63c2ddf4d21d1516d6af35bd1c991aaf,d13c02b970ac7c765476e2133aa9cd1e3696370f49b7c1293039f4619dece66a,cams900210.txt,6ab7c6d05fa77df2f45cc243bed92f832dd1e8d9de69fa7af60f73ce2d0a6d50,0,nofall,exact_stem
9,Walk,Subject.9/Walk/WalkS9.avi,train,210,cams900211.png,3aa9bff1253e17118126a39163920da1281998de8d262a1fd17f902e644f4490,8dd5fffd6cc1c820ad945b4d67e9ffb9bc0fb88ca25988c94ef1ca88ce84ff7b,cams900211.txt,a1242793904252b0577ba3eb322b2442ecff0ae2c74c0e36aa8080fd5660c8e7,0,nofall,exact_stem
9,Walk,Subject.9/Walk/WalkS9.avi,train,211,cams900212.png,77d21afeeef43c874b9aafa34965d65f140afd9fd762a17e0e56b062cfd96ac5,608088120e18cc65a0d0925e759c971ef7e2d9007e2d473798c5706d9fb0a8a6,cams900212.txt,27a6f7d238f903b49f2d729336080c7084be15f08af37513743ed707c37bcfd8,0,nofall,exact_stem
9,Walk,Subject.9/Walk/WalkS9.avi,train,212,cams900213.png,c2f5c7121bb4a50589f224d13a00933fe94572556f9d841b78b68b55f4a28334,35f83ec4cda998c8fac266944889d75b3f25f489195ddcd5382a3d0daad9cdcd,cams900213.txt,1243a82b7e35cda782bbd8ed533ac204126c85f321d3f58e4fbe714ce0a045f3,0,nofall,exact_stem
9,Walk,Subject.9/Walk/WalkS9.avi,train,213,cams900214.png,74df443609dabb043ba0919584ad47073f180fa96a252ae806c59075e69c68ea,ed0403b20b69d45a76524ea3ce82edb28a0d9c1ba2cb5d9b374d2085cfa63e61,cams900214.txt,bbfdf245519c9244bfb8eadd0a16ac5e5a004aa80757a0b2a2b6d81d50683e63,0,nofall,exact_stem
9,Walk,Subject.9/Walk/WalkS9.avi,train,214,cams900215.png,74a26c4f1cbaa1ea2d079cd72d3124d95329b62f9f98aa7d08125d5998bf984c,85d01b16b475ee81f219480cdbf05beeb233b688b3ebc5d1f8ba9ddc6b547e28,cams900215.txt,f95ae94b467c30097a5c6448a47606b633f4140ce32fd34549896d03a4f5091f,0,nofall,exact_stem
9,Walk,Subject.9/Walk/WalkS9.avi,train,215,cams900216.png,b835a124e41d9b3e25b3dc4be4728e49a960333e83c04b3ca6145584297ae81d,11561d7031c143c9c8a95591586811fcbce11089f7adfeaf1bbc20960bd453fc,cams900216.txt,8df0756b18dfc31347fedc07ef70843d74d5e6d8f95bb8a7f1f4674e997430f3,0,nofall,exact_stem
9,Walk,Subject.9/Walk/WalkS9.avi,train,216,cams900217.png,06fafd19e76c5d7c16b8018b456dfc6027426e60201c10b1794f33297bcb205a,86e867052d47945790fe628dac470fffeb631de51158a2651ec02c7b053a54ba,cams900217.txt,e23908758134413152fed2a20fb9b2f5f5627ce6d0c08c3a30e3ed93870705ec,0,nofall,exact_stem
9,Walk,Subject.9/Walk/WalkS9.avi,train,217,cams900218.png,ec155bf24198a1af8ef069b07c29518115466a4b88f639adc324e7f90eb00186,465e0b72a7dd88d97f011bc524cf9196b112ebdafc15142fe9f73f19416e3376,cams900218.txt,417cc8d4160c058f14e026f7bfbfecc515ad123ef8eb52791af1f5c5752f318f,0,nofall,exact_stem
9,Walk,Subject.9/Walk/WalkS9.avi,train,218,cams900219.png,2df892b45d9acb3f3b57ebde7ec1a9e8c29a258722b09eaff5154a1c9b97ef6b,944fd00c30cac8a564e013abb9f9adb04e528673475aea1e98dd268ad7957f90,cams900219.txt,4212491b5c4f1f87bfc87a959da73c5ae33aa23664527e2e150bd95ce851cebb,0,nofall,exact_stem
9,Walk,Subject.9/Walk/WalkS9.avi,train,219,cams900220.png,0420956cc03168f3b6e95afb9504298ce20d9b478b7884fb118221648cb0f5c2,20d025f05a0511d62ae41056fc9954bba356b49ae448a1619f2f7b9bcda269f7,cams900220.txt,7f008fc56b434b5a079e34f0e8a6a40f5760171e7b8c3696f2e513b324b6d38d,0,nofall,exact_stem
9,Walk,Subject.9/Walk/WalkS9.avi,train,220,cams900221.png,a3fd3261ffdfafa09288398ed1852cff3fea9c13fa66326ba5d3161cb24a5bb2,0c1da4489b7cd922303267ae877ef04b1eaa7b3e37b6c9d431cdbf046f6d058f,cams900221.txt,454568a1ef67c3bfcc847974b863906299f6cb262ba27eb132cf8e62500742e7,0,nofall,exact_stem
9,Walk,Subject.9/Walk/WalkS9.avi,train,221,cams900222.png,7721c5e93d2b5611a09355c72ed8b56d7f30bb2e899076a25c74d57a8dd71982,dde434b0c302ebb87b53ab4f937a715c7cbf2ddf647e3c99d3801458e6216f88,cams900222.txt,5352116b54063442f0216a32ca3afd305cc79926f6ba734d9d944af42d364426,0,nofall,exact_stem
9,Walk,Subject.9/Walk/WalkS9.avi,train,222,cams900223.png,51e8853e225a75795628ed7bbfb0c81b3af2544adf974c7f2281718860baa511,e48f688e6f3ff34eb850a340a987ea6ef80be924fbe1fde984c169471b1cea07,cams900223.txt,f40774df9d53b0d5d8ca82ab38edf004991a6020a63b669ca8790feee455d790,0,nofall,exact_stem
9,Walk,Subject.9/Walk/WalkS9.avi,train,223,cams900224.png,dd79ba753e0354416f040584e89409d91f8e955d62651ad3c620cebc7585b891,fd570e87a3bd066f7c35d0b344d29ea9be872ce04ff0e0d7b8a68cc3ab515f91,cams900224.txt,1a52939f9f588a4b6ed6b62f91f644fb29a6731a86c24dfb7c8b0a15293bc54c,0,nofall,exact_stem
9,Walk,Subject.9/Walk/WalkS9.avi,train,224,cams900225.png,bc4d61ba59c48715c36f72d09b7f4272c8ec39be07732a74e2b4f836d0b835f8,765da3356723fdb6804399837bab1e71884e5f37cd6b9ea02227011455a1642e,cams900225.txt,1555aa75388dac4ff549bc6041b5d13d8ae775339202eb97f29336bd83171c72,0,nofall,exact_stem
9,Walk,Subject.9/Walk/WalkS9.avi,train,225,cams900226.png,01031613562953a8f044225aee02be37d8622671ac5f570534963f0b2eb46a1f,896d688b13c3533fae676ab6dd2c954bede235ca76e070a2269ed3a3b6088857,cams900226.txt,35c747a3f189f88515339371133f930d5909ade127d3d982faa4a0f0c5b93d72,0,nofall,exact_stem
9,Walk,Subject.9/Walk/WalkS9.avi,train,226,cams900227.png,a76e77db4550990d3ecf9165611f86f46f22a1c2e6b89b2702f1ad3e354fdb67,9ee95541ac97f82f81fb1397ebc327ef14687c08224dac3c1b4ded52bca575a2,cams900227.txt,0ec021caab589c12cf5fb63df278a77eda8a5553660542031dc295729ec173f8,0,nofall,exact_stem
9,Walk,Subject.9/Walk/WalkS9.avi,train,227,cams900228.png,2ce5e473354ec6fbb1d795cb9a6bb29da184218d49c367428fbf188a412c7eea,f51571be6840274de409af4831b386cef5b003b15b0fcfb5f462405700dee321,cams900228.txt,a5cb8886fdb68de42e4c340d32837e44e0ac8be5d744c1fa6b065ea36610081e,0,nofall,exact_stem
9,Walk,Subject.9/Walk/WalkS9.avi,train,228,cams900229.png,f52983bdf133b36f7b14cde9d73d9b4f202df7b279d8c66ee2556abc7a1dfc36,e5e8287f1cef578834c04f889a1e3e7b0cfda8862ed939b710f8f4f80ed7b8e0,cams900229.txt,14ae83fff751daee356a9c7dfd4497f968cfd39604876222a1c6f7c6f5650461,0,nofall,exact_stem
9,Walk,Subject.9/Walk/WalkS9.avi,train,229,cams900230.png,855364cb88e79fb93ad27692fccffa59c0797d91ca49c822527bbbb6c5f92147,86a5e448e40814fd46c2c740563f308458940aaddd3baafe17f7a10747e410e0,cams900230.txt,b6c82a2db1e0969105ee948ad647617e1ddbcd099132bd501396031c17a56256,0,nofall,exact_stem
9,Walk,Subject.9/Walk/WalkS9.avi,train,230,cams900231.png,da052f74e93f1afc0b828424096ddd177db134d6ac802da54a79a3a4b2da243c,f21d8b76c859f182ac5d2e989c02be30873ca7d4137ee876c4d5c10cd23e325a,cams900231.txt,b6c82a2db1e0969105ee948ad647617e1ddbcd099132bd501396031c17a56256,0,nofall,exact_stem
9,Walk,Subject.9/Walk/WalkS9.avi,train,231,cams900232.png,a55dabb90d461ece8c4d757284677ac14dbbdd32ae50705771ec5f37c904acd6,7adbdac2ab961c03e624d4769f653554f463d56024ca3d2e03f514c5a31c9c74,cams900232.txt,02586c1ca6855f760e3d74a368b4b07892872a205e9be76b53d81ce40e8eb890,0,nofall,exact_stem
9,Walk,Subject.9/Walk/WalkS9.avi,train,232,cams900233.png,f485fb1b15ab4689069c770cc6edfb3b63cb4e62d6d9cee28be199c201935407,b1a41fe47d7e02c5ca93038394b64528ecbd07a9bed6295d0643c9205d496ae0,cams900233.txt,2e89c6ce084fc3c76dcdd01650039bd7878f06dbd8b27ba8120c48a24871f53d,0,nofall,exact_stem
9,Walk,Subject.9/Walk/WalkS9.avi,train,233,cams900234.png,b94674dbaf4f7b3dcf0239f8e06fc76622bd983d8afb6c6f84f3fc5b51569b88,c817aa633f1f30fd1864f37c6c55c4cf5d8f52195cf59656635168bd5ae695e9,cams900234.txt,3696f5822b53f5f3bdf9474056f1ffbea39d170f3c31201dcedbb735f5f218ad,0,nofall,exact_stem
9,Walk,Subject.9/Walk/WalkS9.avi,train,234,cams900235.png,fd62e2461fcb5863ddcfaf2b0e100fa18f58f741dfb9f1771fdff364f22391dc,938e02f24d903d51232fa0865d9055edaaf33d5d1c14bab8645bfcd24e7062a6,cams900235.txt,e1b400df8e011498a710b11e871edad16d1e0a232b4b953173414baa5648f7d2,0,nofall,exact_stem
